email,ticket_id,issue_type,satisfaction_rating
user_b5d6fa3d@gmail.com,TKT-000000,Late Delivery,4
user_0520a11c@gmail.com,TKT-000001,Late Delivery,4
user_7a19f3ff@gmail.com,TKT-000002,Damaged Item,2
user_dcb605d0@gmail.com,TKT-000003,Damaged Item,5
user_372f4d64@gmail.com,TKT-000004,Late Delivery,3
user_c4536b58@gmail.com,TKT-000005,Damaged Item,5
user_7b40921c@gmail.com,TKT-000006,Late Delivery,1
user_c66f6a3f@gmail.com,TKT-000007,Late Delivery,5
user_cefe8df2@gmail.com,TKT-000008,Damaged Item,4
user_24d9e83f@gmail.com,TKT-000009,Damaged Item,4
user_0651caa9@gmail.com,TKT-000010,Damaged Item,2
user_2245070e@gmail.com,TKT-000011,Late Delivery,4
user_3cc6f2ad@gmail.com,TKT-000012,Damaged Item,4
user_7f35a871@gmail.com,TKT-000013,Late Delivery,5
user_067c0fb2@gmail.com,TKT-000014,Late Delivery,3
user_e2eece99@gmail.com,TKT-000015,Late Delivery,2
user_639b4096@gmail.com,TKT-000016,Damaged Item,3
user_c72b734b@gmail.com,TKT-000017,Late Delivery,2
user_167ec75e@gmail.com,TKT-000018,Damaged Item,3
user_1050cefa@gmail.com,TKT-000019,Damaged Item,2
user_934f272e@gmail.com,TKT-000020,Damaged Item,2
user_ffe7752e@gmail.com,TKT-000021,Damaged Item,4
user_89221bc2@gmail.com,TKT-000022,Late Delivery,1
user_5f7960de@gmail.com,TKT-000023,Damaged Item,4
user_69176257@gmail.com,TKT-000024,Late Delivery,3
user_a27b4653@gmail.com,TKT-000025,Damaged Item,2
user_f360d43a@gmail.com,TKT-000026,Damaged Item,5
user_21d4ced6@gmail.com,TKT-000027,Late Delivery,3
user_b032eb4f@gmail.com,TKT-000028,Damaged Item,4
user_9e778190@gmail.com,TKT-000029,Late Delivery,5
user_8b25c3b5@gmail.com,TKT-000030,Damaged Item,2
user_155b7286@gmail.com,TKT-000031,Damaged Item,5
user_44b7ea20@gmail.com,TKT-000032,Damaged Item,3
user_fc08ce06@gmail.com,TKT-000033,Late Delivery,2
user_fd1ab9f6@gmail.com,TKT-000034,Damaged Item,5
user_25db0aea@gmail.com,TKT-000035,Damaged Item,2
user_85dfd6cd@gmail.com,TKT-000036,Late Delivery,1
user_2755a0da@gmail.com,TKT-000037,Damaged Item,4
user_f5b790d2@gmail.com,TKT-000038,Damaged Item,4
user_af72ae56@gmail.com,TKT-000039,Late Delivery,1
user_5f28e0db@gmail.com,TKT-000040,Late Delivery,3
user_b4b0c2a7@gmail.com,TKT-000041,Late Delivery,4
user_c66af225@gmail.com,TKT-000042,Damaged Item,3
user_60e75f3f@gmail.com,TKT-000043,Late Delivery,1
user_aa6ea6f8@gmail.com,TKT-000044,Late Delivery,2
user_9816b894@gmail.com,TKT-000045,Late Delivery,3
user_7d3c23d7@gmail.com,TKT-000046,Damaged Item,2
user_cad6e6cc@gmail.com,TKT-000047,Damaged Item,1
user_823585bc@gmail.com,TKT-000048,Late Delivery,2
user_4fb3ae0c@gmail.com,TKT-000049,Late Delivery,5
user_3a0266b0@gmail.com,TKT-000050,Late Delivery,1
user_f68ce78c@gmail.com,TKT-000051,Damaged Item,3
user_dac68a06@gmail.com,TKT-000052,Late Delivery,2
user_a5d6b760@gmail.com,TKT-000053,Late Delivery,2
user_73b9ce1e@gmail.com,TKT-000054,Late Delivery,2
user_f3a11c96@gmail.com,TKT-000055,Damaged Item,2
user_c45d4de6@gmail.com,TKT-000056,Damaged Item,3
user_e543c7d8@gmail.com,TKT-000057,Damaged Item,4
user_1899d90f@gmail.com,TKT-000058,Damaged Item,5
user_5827a5de@gmail.com,TKT-000059,Late Delivery,4
user_e5441766@gmail.com,TKT-000060,Damaged Item,1
user_7fe7c533@gmail.com,TKT-000061,Damaged Item,4
user_04530097@gmail.com,TKT-000062,Damaged Item,1
user_3a1aed3a@gmail.com,TKT-000063,Late Delivery,2
user_3e49e0b7@gmail.com,TKT-000064,Late Delivery,4
user_15dca358@gmail.com,TKT-000065,Late Delivery,4
user_488d52ee@gmail.com,TKT-000066,Damaged Item,5
user_c2c7712d@gmail.com,TKT-000067,Damaged Item,1
user_7a6b512c@gmail.com,TKT-000068,Late Delivery,2
user_15fcdf53@gmail.com,TKT-000069,Damaged Item,5
user_652da2f7@gmail.com,TKT-000070,Late Delivery,4
user_e8a71656@gmail.com,TKT-000071,Damaged Item,5
user_a97a597c@gmail.com,TKT-000072,Late Delivery,1
user_11488638@gmail.com,TKT-000073,Damaged Item,4
user_1391d26d@gmail.com,TKT-000074,Damaged Item,3
user_3f913149@gmail.com,TKT-000075,Late Delivery,1
user_f866d380@gmail.com,TKT-000076,Late Delivery,1
user_b6669bf4@gmail.com,TKT-000077,Damaged Item,1
user_3130166b@gmail.com,TKT-000078,Damaged Item,3
user_13eee0ba@gmail.com,TKT-000079,Damaged Item,5
user_23d4f3fb@gmail.com,TKT-000080,Damaged Item,1
user_1d49289b@gmail.com,TKT-000081,Late Delivery,1
user_9d45542d@gmail.com,TKT-000082,Damaged Item,2
user_105b90bd@gmail.com,TKT-000083,Damaged Item,3
user_88a5947e@gmail.com,TKT-000084,Late Delivery,3
user_6863a13f@gmail.com,TKT-000085,Damaged Item,4
user_136a29b5@gmail.com,TKT-000086,Damaged Item,1
user_cd94dd7a@gmail.com,TKT-000087,Damaged Item,3
user_53983110@gmail.com,TKT-000088,Late Delivery,4
user_e90afe2d@gmail.com,TKT-000089,Damaged Item,5
user_dc960101@gmail.com,TKT-000090,Late Delivery,5
user_6463c20c@gmail.com,TKT-000091,Damaged Item,3
user_6acd5e9c@gmail.com,TKT-000092,Damaged Item,3
user_783477d3@gmail.com,TKT-000093,Late Delivery,3
user_2bcda84b@gmail.com,TKT-000094,Damaged Item,3
user_209e5691@gmail.com,TKT-000095,Late Delivery,2
user_a59dc1bc@gmail.com,TKT-000096,Damaged Item,4
user_37786449@gmail.com,TKT-000097,Damaged Item,3
user_1b3cd31b@gmail.com,TKT-000098,Damaged Item,5
user_2d33bad2@gmail.com,TKT-000099,Late Delivery,3
user_07c7ce95@gmail.com,TKT-000100,Late Delivery,5
user_ac509a71@gmail.com,TKT-000101,Late Delivery,1
user_3abf6ef0@gmail.com,TKT-000102,Late Delivery,3
user_3b5d6001@gmail.com,TKT-000103,Late Delivery,4
user_9220eb0f@gmail.com,TKT-000104,Late Delivery,5
user_2e40ccac@gmail.com,TKT-000105,Late Delivery,5
user_b809df6e@gmail.com,TKT-000106,Late Delivery,5
user_d44eebcd@gmail.com,TKT-000107,Late Delivery,2
user_871d8e3d@gmail.com,TKT-000108,Late Delivery,4
user_89d5d311@gmail.com,TKT-000109,Damaged Item,4
user_13b80328@gmail.com,TKT-000110,Damaged Item,1
user_f6339afa@gmail.com,TKT-000111,Late Delivery,1
user_b606046e@gmail.com,TKT-000112,Late Delivery,2
user_2af5c3d8@gmail.com,TKT-000113,Late Delivery,2
user_3488103a@gmail.com,TKT-000114,Late Delivery,5
user_3c857a6f@gmail.com,TKT-000115,Damaged Item,4
user_56727e99@gmail.com,TKT-000116,Damaged Item,4
user_ee25395b@gmail.com,TKT-000117,Late Delivery,5
user_7a2cb8d1@gmail.com,TKT-000118,Late Delivery,3
user_df7ae6ce@gmail.com,TKT-000119,Damaged Item,3
user_2ef9e79c@gmail.com,TKT-000120,Late Delivery,2
user_f29d39e1@gmail.com,TKT-000121,Late Delivery,3
user_36133288@gmail.com,TKT-000122,Damaged Item,3
user_212c759d@gmail.com,TKT-000123,Damaged Item,1
user_af102071@gmail.com,TKT-000124,Damaged Item,3
user_c0c8ceab@gmail.com,TKT-000125,Late Delivery,1
user_f365500f@gmail.com,TKT-000126,Damaged Item,2
user_3cba8ffc@gmail.com,TKT-000127,Damaged Item,3
user_7b58a515@gmail.com,TKT-000128,Late Delivery,2
user_a0458506@gmail.com,TKT-000129,Late Delivery,2
user_c9f633ba@gmail.com,TKT-000130,Late Delivery,2
user_9749fdb8@gmail.com,TKT-000131,Damaged Item,4
user_e7ceb5e1@gmail.com,TKT-000132,Damaged Item,5
user_4d4c322f@gmail.com,TKT-000133,Damaged Item,2
user_d6c1a200@gmail.com,TKT-000134,Late Delivery,1
user_4105645a@gmail.com,TKT-000135,Damaged Item,1
user_7c5d3a9c@gmail.com,TKT-000136,Late Delivery,4
user_301a5e93@gmail.com,TKT-000137,Damaged Item,3
user_92a902ca@gmail.com,TKT-000138,Damaged Item,4
user_7bc513ad@gmail.com,TKT-000139,Damaged Item,5
user_bd10ec3a@gmail.com,TKT-000140,Late Delivery,4
user_b587e778@gmail.com,TKT-000141,Late Delivery,1
user_212de590@gmail.com,TKT-000142,Late Delivery,1
user_cf372bca@gmail.com,TKT-000143,Late Delivery,1
user_3d87e8b0@gmail.com,TKT-000144,Damaged Item,3
user_dc1ebb34@gmail.com,TKT-000145,Late Delivery,1
user_a37e505c@gmail.com,TKT-000146,Late Delivery,2
user_4b5c728e@gmail.com,TKT-000147,Damaged Item,3
user_832d9b14@gmail.com,TKT-000148,Damaged Item,3
user_9d461b62@gmail.com,TKT-000149,Late Delivery,2
user_e790ac1a@gmail.com,TKT-000150,Damaged Item,5
user_6edb6d37@gmail.com,TKT-000151,Damaged Item,4
user_020aa2d6@gmail.com,TKT-000152,Damaged Item,4
user_0bb8b749@gmail.com,TKT-000153,Damaged Item,1
user_edd2329b@gmail.com,TKT-000154,Late Delivery,2
user_da9a4eb4@gmail.com,TKT-000155,Late Delivery,5
user_57f36f67@gmail.com,TKT-000156,Damaged Item,5
user_b46c7339@gmail.com,TKT-000157,Damaged Item,1
user_5a0c3f79@gmail.com,TKT-000158,Damaged Item,4
user_0f236e51@gmail.com,TKT-000159,Damaged Item,2
user_85a5b904@gmail.com,TKT-000160,Damaged Item,1
user_aa75ba45@gmail.com,TKT-000161,Damaged Item,3
user_ead83602@gmail.com,TKT-000162,Damaged Item,3
user_c565f5f9@gmail.com,TKT-000163,Late Delivery,1
user_44879da5@gmail.com,TKT-000164,Damaged Item,4
user_01d0f027@gmail.com,TKT-000165,Late Delivery,3
user_4788d3f0@gmail.com,TKT-000166,Late Delivery,3
user_7b43a1df@gmail.com,TKT-000167,Late Delivery,5
user_1a670993@gmail.com,TKT-000168,Damaged Item,4
user_1498be8b@gmail.com,TKT-000169,Late Delivery,2
user_e1f82b74@gmail.com,TKT-000170,Damaged Item,5
user_f739d2a8@gmail.com,TKT-000171,Late Delivery,3
user_5738a676@gmail.com,TKT-000172,Damaged Item,2
user_b2e1f3be@gmail.com,TKT-000173,Damaged Item,5
user_00090324@gmail.com,TKT-000174,Late Delivery,5
user_a44b31b9@gmail.com,TKT-000175,Damaged Item,4
user_384e78e7@gmail.com,TKT-000176,Damaged Item,3
user_65432db1@gmail.com,TKT-000177,Damaged Item,4
user_6a84f0b6@gmail.com,TKT-000178,Late Delivery,5
user_1552c880@gmail.com,TKT-000179,Damaged Item,2
user_ed909099@gmail.com,TKT-000180,Damaged Item,4
user_c620c340@gmail.com,TKT-000181,Late Delivery,3
user_18d9ea1c@gmail.com,TKT-000182,Damaged Item,1
user_803c5306@gmail.com,TKT-000183,Damaged Item,1
user_b8e77f87@gmail.com,TKT-000184,Late Delivery,4
user_87caa867@gmail.com,TKT-000185,Damaged Item,5
user_2f71eb04@gmail.com,TKT-000186,Damaged Item,4
user_2a665718@gmail.com,TKT-000187,Damaged Item,1
user_927ba511@gmail.com,TKT-000188,Late Delivery,4
user_1103df28@gmail.com,TKT-000189,Late Delivery,2
user_03506725@gmail.com,TKT-000190,Damaged Item,4
user_0d881373@gmail.com,TKT-000191,Late Delivery,4
user_dc2a7310@gmail.com,TKT-000192,Late Delivery,3
user_f19249a5@gmail.com,TKT-000193,Late Delivery,2
user_048bd839@gmail.com,TKT-000194,Late Delivery,1
user_623a176f@gmail.com,TKT-000195,Damaged Item,1
user_695bd970@gmail.com,TKT-000196,Late Delivery,1
user_0a8b00a6@gmail.com,TKT-000197,Damaged Item,4
user_caf846af@gmail.com,TKT-000198,Late Delivery,5
user_b635bd73@gmail.com,TKT-000199,Damaged Item,5
user_8a2f8c89@gmail.com,TKT-000200,Damaged Item,3
user_b6d40322@gmail.com,TKT-000201,Damaged Item,2
user_a9ffffcb@gmail.com,TKT-000202,Late Delivery,4
user_9149b9d3@gmail.com,TKT-000203,Damaged Item,3
user_28abcf9b@gmail.com,TKT-000204,Damaged Item,3
user_79148ee1@gmail.com,TKT-000205,Damaged Item,2
user_ba2defc7@gmail.com,TKT-000206,Late Delivery,3
user_7c805958@gmail.com,TKT-000207,Late Delivery,1
user_a26ae7c3@gmail.com,TKT-000208,Damaged Item,1
user_2e94556d@gmail.com,TKT-000209,Late Delivery,5
user_ac3b6a3d@gmail.com,TKT-000210,Damaged Item,3
user_ccb89ab5@gmail.com,TKT-000211,Damaged Item,4
user_cb957f96@gmail.com,TKT-000212,Damaged Item,2
user_33328f04@gmail.com,TKT-000213,Late Delivery,4
user_770f0c82@gmail.com,TKT-000214,Late Delivery,3
user_80a66dcc@gmail.com,TKT-000215,Late Delivery,1
user_1a74d9e5@gmail.com,TKT-000216,Late Delivery,1
user_ec70b6cf@gmail.com,TKT-000217,Late Delivery,2
user_e34062e6@gmail.com,TKT-000218,Late Delivery,4
user_44859cf4@gmail.com,TKT-000219,Damaged Item,5
user_69f2b91e@gmail.com,TKT-000220,Damaged Item,5
user_b25d1e7f@gmail.com,TKT-000221,Late Delivery,2
user_82d32883@gmail.com,TKT-000222,Late Delivery,2
user_75991565@gmail.com,TKT-000223,Late Delivery,1
user_8145c44b@gmail.com,TKT-000224,Late Delivery,1
user_13452ca1@gmail.com,TKT-000225,Late Delivery,3
user_d73f08bb@gmail.com,TKT-000226,Damaged Item,4
user_9e7c5116@gmail.com,TKT-000227,Damaged Item,4
user_13d7e67a@gmail.com,TKT-000228,Damaged Item,3
user_7a845158@gmail.com,TKT-000229,Late Delivery,2
user_f1efc19f@gmail.com,TKT-000230,Damaged Item,2
user_464a3d02@gmail.com,TKT-000231,Late Delivery,5
user_387207b5@gmail.com,TKT-000232,Late Delivery,2
user_4e3276b4@gmail.com,TKT-000233,Late Delivery,1
user_5e6a3529@gmail.com,TKT-000234,Late Delivery,1
user_7e7ef209@gmail.com,TKT-000235,Late Delivery,4
user_7d6d1cb8@gmail.com,TKT-000236,Late Delivery,1
user_ea275d79@gmail.com,TKT-000237,Damaged Item,2
user_c3efecdc@gmail.com,TKT-000238,Late Delivery,1
user_f6b78427@gmail.com,TKT-000239,Late Delivery,4
user_77d202c5@gmail.com,TKT-000240,Late Delivery,2
user_38129f4e@gmail.com,TKT-000241,Late Delivery,3
user_b2aa555c@gmail.com,TKT-000242,Late Delivery,3
user_a79fe09c@gmail.com,TKT-000243,Damaged Item,3
user_ae86ea01@gmail.com,TKT-000244,Late Delivery,2
user_4d7e5b2a@gmail.com,TKT-000245,Damaged Item,4
user_a017de10@gmail.com,TKT-000246,Late Delivery,1
user_2605c5e0@gmail.com,TKT-000247,Damaged Item,1
user_d6759616@gmail.com,TKT-000248,Late Delivery,5
user_8a7739b8@gmail.com,TKT-000249,Damaged Item,1
user_79093f1f@gmail.com,TKT-000250,Late Delivery,2
user_c3733cbd@gmail.com,TKT-000251,Damaged Item,5
user_3fa39af6@gmail.com,TKT-000252,Damaged Item,1
user_88496be5@gmail.com,TKT-000253,Late Delivery,1
user_f947ed70@gmail.com,TKT-000254,Late Delivery,2
user_53109fba@gmail.com,TKT-000255,Late Delivery,2
user_8ec41fc3@gmail.com,TKT-000256,Damaged Item,2
user_da3035ee@gmail.com,TKT-000257,Late Delivery,2
user_dbb15eb2@gmail.com,TKT-000258,Late Delivery,4
user_b39fe421@gmail.com,TKT-000259,Late Delivery,2
user_4ea58d1f@gmail.com,TKT-000260,Damaged Item,4
user_45b07f3e@gmail.com,TKT-000261,Late Delivery,4
user_5d227535@gmail.com,TKT-000262,Late Delivery,2
user_611cf245@gmail.com,TKT-000263,Late Delivery,4
user_b849bcde@gmail.com,TKT-000264,Damaged Item,4
user_d7656e8e@gmail.com,TKT-000265,Damaged Item,2
user_00539155@gmail.com,TKT-000266,Late Delivery,4
user_508cae50@gmail.com,TKT-000267,Late Delivery,5
user_f32585d2@gmail.com,TKT-000268,Damaged Item,2
user_889609c6@gmail.com,TKT-000269,Damaged Item,3
user_99411da4@gmail.com,TKT-000270,Late Delivery,4
user_b2b3bf7b@gmail.com,TKT-000271,Late Delivery,5
user_d229c7d5@gmail.com,TKT-000272,Late Delivery,2
user_19689430@gmail.com,TKT-000273,Damaged Item,3
user_f22be527@gmail.com,TKT-000274,Damaged Item,1
user_4faddb71@gmail.com,TKT-000275,Damaged Item,2
user_4833d560@gmail.com,TKT-000276,Damaged Item,5
user_840a0a14@gmail.com,TKT-000277,Late Delivery,4
user_beba456e@gmail.com,TKT-000278,Damaged Item,2
user_bcf93ec8@gmail.com,TKT-000279,Late Delivery,2
user_d292ad21@gmail.com,TKT-000280,Damaged Item,5
user_28ec5bbf@gmail.com,TKT-000281,Damaged Item,5
user_befbeab8@gmail.com,TKT-000282,Damaged Item,1
user_056fc764@gmail.com,TKT-000283,Damaged Item,5
user_458218da@gmail.com,TKT-000284,Damaged Item,1
user_5447e8d5@gmail.com,TKT-000285,Damaged Item,4
user_2e61eefc@gmail.com,TKT-000286,Late Delivery,4
user_4d97dbf4@gmail.com,TKT-000287,Late Delivery,5
user_06e7c0ff@gmail.com,TKT-000288,Late Delivery,3
user_4e512ed6@gmail.com,TKT-000289,Damaged Item,1
user_618b728d@gmail.com,TKT-000290,Damaged Item,2
user_d9643e0f@gmail.com,TKT-000291,Damaged Item,5
user_9385443e@gmail.com,TKT-000292,Late Delivery,4
user_ac6a562c@gmail.com,TKT-000293,Damaged Item,1
user_aa89a987@gmail.com,TKT-000294,Late Delivery,4
user_9dbe78aa@gmail.com,TKT-000295,Late Delivery,5
user_09e359f1@gmail.com,TKT-000296,Late Delivery,3
user_5fb6501e@gmail.com,TKT-000297,Damaged Item,3
user_9ea675ae@gmail.com,TKT-000298,Late Delivery,2
user_e1a70d90@gmail.com,TKT-000299,Damaged Item,1
user_9049f1d2@gmail.com,TKT-000300,Late Delivery,4
user_4841d583@gmail.com,TKT-000301,Damaged Item,2
user_7710b4d8@gmail.com,TKT-000302,Late Delivery,3
user_3f270ebd@gmail.com,TKT-000303,Late Delivery,2
user_478962ee@gmail.com,TKT-000304,Late Delivery,5
user_fcac5c45@gmail.com,TKT-000305,Damaged Item,1
user_db8e17d0@gmail.com,TKT-000306,Damaged Item,5
user_2ce81600@gmail.com,TKT-000307,Damaged Item,1
user_88011e49@gmail.com,TKT-000308,Late Delivery,5
user_9e1727ea@gmail.com,TKT-000309,Late Delivery,4
user_984f5faa@gmail.com,TKT-000310,Late Delivery,5
user_da257c6b@gmail.com,TKT-000311,Late Delivery,2
user_73806299@gmail.com,TKT-000312,Late Delivery,4
user_65f29fd0@gmail.com,TKT-000313,Late Delivery,2
user_2fa6601f@gmail.com,TKT-000314,Late Delivery,2
user_90fe7855@gmail.com,TKT-000315,Late Delivery,1
user_0f6c3f90@gmail.com,TKT-000316,Late Delivery,4
user_47b6bc41@gmail.com,TKT-000317,Late Delivery,3
user_a56d3f96@gmail.com,TKT-000318,Late Delivery,5
user_9aadd067@gmail.com,TKT-000319,Damaged Item,4
user_baafbc5a@gmail.com,TKT-000320,Damaged Item,4
user_b15f238f@gmail.com,TKT-000321,Late Delivery,2
user_d6bcd5bc@gmail.com,TKT-000322,Damaged Item,4
user_b77a6fda@gmail.com,TKT-000323,Damaged Item,4
user_a0ec7257@gmail.com,TKT-000324,Damaged Item,3
user_12d43aa0@gmail.com,TKT-000325,Late Delivery,3
user_cdd96e63@gmail.com,TKT-000326,Damaged Item,5
user_6e018711@gmail.com,TKT-000327,Damaged Item,5
user_f68ec680@gmail.com,TKT-000328,Damaged Item,4
user_0e1437d1@gmail.com,TKT-000329,Damaged Item,1
user_a80befbb@gmail.com,TKT-000330,Late Delivery,5
user_c5ae5174@gmail.com,TKT-000331,Damaged Item,2
user_a8fc0eb2@gmail.com,TKT-000332,Damaged Item,5
user_f64882de@gmail.com,TKT-000333,Late Delivery,4
user_61f08118@gmail.com,TKT-000334,Late Delivery,5
user_42e1bea9@gmail.com,TKT-000335,Late Delivery,3
user_5c008e6d@gmail.com,TKT-000336,Late Delivery,5
user_4a4a9d9c@gmail.com,TKT-000337,Damaged Item,1
user_f0cd91b4@gmail.com,TKT-000338,Damaged Item,2
user_9d4d90e4@gmail.com,TKT-000339,Late Delivery,1
user_5010e263@gmail.com,TKT-000340,Late Delivery,1
user_a338f846@gmail.com,TKT-000341,Late Delivery,3
user_7517f4a8@gmail.com,TKT-000342,Damaged Item,3
user_c54c21c3@gmail.com,TKT-000343,Late Delivery,1
user_7bb13d6b@gmail.com,TKT-000344,Damaged Item,1
user_88dd4a28@gmail.com,TKT-000345,Late Delivery,4
user_866755e2@gmail.com,TKT-000346,Damaged Item,4
user_98a2f388@gmail.com,TKT-000347,Late Delivery,2
user_10e3060e@gmail.com,TKT-000348,Late Delivery,4
user_9c585dbe@gmail.com,TKT-000349,Late Delivery,4
user_b6d69bfc@gmail.com,TKT-000350,Damaged Item,1
user_ac2a428e@gmail.com,TKT-000351,Damaged Item,3
user_bec155d3@gmail.com,TKT-000352,Late Delivery,2
user_6c45a935@gmail.com,TKT-000353,Late Delivery,4
user_3ff9132b@gmail.com,TKT-000354,Late Delivery,3
user_95925cca@gmail.com,TKT-000355,Damaged Item,4
user_4dea07b5@gmail.com,TKT-000356,Late Delivery,5
user_9b6a7355@gmail.com,TKT-000357,Late Delivery,5
user_9e4b9c10@gmail.com,TKT-000358,Late Delivery,2
user_0c039ec3@gmail.com,TKT-000359,Damaged Item,5
user_80d5413a@gmail.com,TKT-000360,Late Delivery,3
user_ecf41fa4@gmail.com,TKT-000361,Late Delivery,5
user_3a228c0c@gmail.com,TKT-000362,Late Delivery,4
user_da684931@gmail.com,TKT-000363,Late Delivery,2
user_66b3abdc@gmail.com,TKT-000364,Late Delivery,3
user_e975aba1@gmail.com,TKT-000365,Late Delivery,2
user_26c38dc3@gmail.com,TKT-000366,Damaged Item,4
user_188e5084@gmail.com,TKT-000367,Late Delivery,1
user_937c0e5e@gmail.com,TKT-000368,Late Delivery,1
user_c179057f@gmail.com,TKT-000369,Damaged Item,4
user_5d72c287@gmail.com,TKT-000370,Late Delivery,4
user_db400fda@gmail.com,TKT-000371,Late Delivery,1
user_b3e1a4c3@gmail.com,TKT-000372,Damaged Item,4
user_1d84ae04@gmail.com,TKT-000373,Late Delivery,5
user_9c729877@gmail.com,TKT-000374,Late Delivery,4
user_59d83a6a@gmail.com,TKT-000375,Late Delivery,5
user_6e6623d8@gmail.com,TKT-000376,Late Delivery,1
user_014fa2f3@gmail.com,TKT-000377,Damaged Item,3
user_f324fb2f@gmail.com,TKT-000378,Late Delivery,5
user_f8f9ae61@gmail.com,TKT-000379,Damaged Item,3
user_24fb5923@gmail.com,TKT-000380,Damaged Item,1
user_185a86a2@gmail.com,TKT-000381,Damaged Item,4
user_ef50a01a@gmail.com,TKT-000382,Late Delivery,4
user_7a729829@gmail.com,TKT-000383,Damaged Item,3
user_f6884f30@gmail.com,TKT-000384,Late Delivery,4
user_aba8a07d@gmail.com,TKT-000385,Late Delivery,4
user_7973a6ba@gmail.com,TKT-000386,Damaged Item,4
user_3ac72367@gmail.com,TKT-000387,Damaged Item,4
user_bcb5ac80@gmail.com,TKT-000388,Late Delivery,1
user_95834cf2@gmail.com,TKT-000389,Damaged Item,5
user_ac7dae85@gmail.com,TKT-000390,Late Delivery,5
user_eafdb069@gmail.com,TKT-000391,Late Delivery,3
user_d29332b0@gmail.com,TKT-000392,Damaged Item,1
user_9e5d0775@gmail.com,TKT-000393,Damaged Item,4
user_e8c460b5@gmail.com,TKT-000394,Damaged Item,1
user_bdd6c2ee@gmail.com,TKT-000395,Late Delivery,5
user_db03f5d6@gmail.com,TKT-000396,Late Delivery,1
user_4014011c@gmail.com,TKT-000397,Damaged Item,2
user_3db8d7bf@gmail.com,TKT-000398,Damaged Item,1
user_bfcbad74@gmail.com,TKT-000399,Damaged Item,2
user_3aba191a@gmail.com,TKT-000400,Damaged Item,2
user_63644376@gmail.com,TKT-000401,Damaged Item,5
user_c43b2b30@gmail.com,TKT-000402,Late Delivery,2
user_626435c5@gmail.com,TKT-000403,Damaged Item,5
user_801f745b@gmail.com,TKT-000404,Late Delivery,2
user_1ee3b4e6@gmail.com,TKT-000405,Damaged Item,5
user_20deda6c@gmail.com,TKT-000406,Late Delivery,2
user_b9e89508@gmail.com,TKT-000407,Late Delivery,5
user_0e78a1b6@gmail.com,TKT-000408,Late Delivery,4
user_f94cd464@gmail.com,TKT-000409,Damaged Item,3
user_a8d64e57@gmail.com,TKT-000410,Damaged Item,2
user_58a0799f@gmail.com,TKT-000411,Late Delivery,2
user_e349179d@gmail.com,TKT-000412,Damaged Item,5
user_56e80e4b@gmail.com,TKT-000413,Late Delivery,2
user_d1868c53@gmail.com,TKT-000414,Damaged Item,2
user_fd9232f8@gmail.com,TKT-000415,Late Delivery,5
user_1f0b3099@gmail.com,TKT-000416,Damaged Item,1
user_43a54926@gmail.com,TKT-000417,Damaged Item,4
user_c5cb5542@gmail.com,TKT-000418,Late Delivery,5
user_2ac352a6@gmail.com,TKT-000419,Late Delivery,3
user_ef5a9aab@gmail.com,TKT-000420,Damaged Item,2
user_8024c342@gmail.com,TKT-000421,Late Delivery,1
user_9164e11c@gmail.com,TKT-000422,Damaged Item,4
user_6b2d11b6@gmail.com,TKT-000423,Late Delivery,1
user_3bc4a58a@gmail.com,TKT-000424,Damaged Item,2
user_f8985f28@gmail.com,TKT-000425,Late Delivery,3
user_23686693@gmail.com,TKT-000426,Late Delivery,1
user_f96f0937@gmail.com,TKT-000427,Late Delivery,2
user_d8ce74aa@gmail.com,TKT-000428,Late Delivery,4
user_16f05451@gmail.com,TKT-000429,Late Delivery,1
user_21ee1b03@gmail.com,TKT-000430,Late Delivery,1
user_d3e23b4a@gmail.com,TKT-000431,Late Delivery,5
user_26ffa3cf@gmail.com,TKT-000432,Late Delivery,4
user_b63efef4@gmail.com,TKT-000433,Damaged Item,5
user_52c43613@gmail.com,TKT-000434,Late Delivery,3
user_149a9fcc@gmail.com,TKT-000435,Damaged Item,3
user_6fff1328@gmail.com,TKT-000436,Damaged Item,4
user_831a032a@gmail.com,TKT-000437,Damaged Item,4
user_862f2b5f@gmail.com,TKT-000438,Damaged Item,5
user_e76c6b66@gmail.com,TKT-000439,Late Delivery,1
user_4f6e07ca@gmail.com,TKT-000440,Damaged Item,4
user_a9634ba7@gmail.com,TKT-000441,Damaged Item,5
user_da835ae3@gmail.com,TKT-000442,Damaged Item,3
user_d8aafab8@gmail.com,TKT-000443,Damaged Item,4
user_b4cbbdb2@gmail.com,TKT-000444,Late Delivery,5
user_01c92cf6@gmail.com,TKT-000445,Late Delivery,5
user_7dc0dfe8@gmail.com,TKT-000446,Late Delivery,3
user_35e9d2ca@gmail.com,TKT-000447,Late Delivery,3
user_618c92fd@gmail.com,TKT-000448,Damaged Item,2
user_2d6b7f96@gmail.com,TKT-000449,Late Delivery,3
user_569bf09f@gmail.com,TKT-000450,Damaged Item,2
user_88914cd8@gmail.com,TKT-000451,Damaged Item,1
user_a5c565a5@gmail.com,TKT-000452,Damaged Item,2
user_45be6816@gmail.com,TKT-000453,Damaged Item,2
user_188b4725@gmail.com,TKT-000454,Damaged Item,3
user_f3299add@gmail.com,TKT-000455,Late Delivery,2
user_ae13e9f7@gmail.com,TKT-000456,Damaged Item,5
user_d2ebf7e1@gmail.com,TKT-000457,Late Delivery,5
user_6ba1b647@gmail.com,TKT-000458,Damaged Item,4
user_e4606029@gmail.com,TKT-000459,Late Delivery,1
user_f83861c2@gmail.com,TKT-000460,Damaged Item,1
user_794ac89c@gmail.com,TKT-000461,Damaged Item,5
user_67e37049@gmail.com,TKT-000462,Damaged Item,4
user_e6b176f0@gmail.com,TKT-000463,Late Delivery,1
user_311b41f4@gmail.com,TKT-000464,Late Delivery,4
user_b7db9f34@gmail.com,TKT-000465,Late Delivery,5
user_22757c04@gmail.com,TKT-000466,Damaged Item,2
user_c297e9bc@gmail.com,TKT-000467,Damaged Item,3
user_3cc2b0e3@gmail.com,TKT-000468,Late Delivery,1
user_63fc7601@gmail.com,TKT-000469,Late Delivery,3
user_ebf05b13@gmail.com,TKT-000470,Late Delivery,3
user_986853e9@gmail.com,TKT-000471,Damaged Item,2
user_cd5cd7e2@gmail.com,TKT-000472,Damaged Item,1
user_3eff4714@gmail.com,TKT-000473,Late Delivery,2
user_2f785375@gmail.com,TKT-000474,Late Delivery,3
user_e59f8d1e@gmail.com,TKT-000475,Damaged Item,1
user_b84dbaed@gmail.com,TKT-000476,Damaged Item,5
user_b51cae89@gmail.com,TKT-000477,Late Delivery,4
user_a5bbd6ee@gmail.com,TKT-000478,Late Delivery,4
user_e1d8d3b0@gmail.com,TKT-000479,Damaged Item,4
user_eb53702c@gmail.com,TKT-000480,Damaged Item,1
user_f13a3dfb@gmail.com,TKT-000481,Damaged Item,4
user_c2b1595e@gmail.com,TKT-000482,Damaged Item,1
user_3eddcc05@gmail.com,TKT-000483,Late Delivery,5
user_271b856c@gmail.com,TKT-000484,Late Delivery,1
user_4c9402f2@gmail.com,TKT-000485,Damaged Item,3
user_3e50df92@gmail.com,TKT-000486,Damaged Item,3
user_a7924ad9@gmail.com,TKT-000487,Late Delivery,3
user_e4d9db04@gmail.com,TKT-000488,Late Delivery,2
user_c204ea72@gmail.com,TKT-000489,Damaged Item,4
user_50286703@gmail.com,TKT-000490,Late Delivery,3
user_742d1144@gmail.com,TKT-000491,Late Delivery,2
user_44434a96@gmail.com,TKT-000492,Damaged Item,5
user_8990154c@gmail.com,TKT-000493,Late Delivery,4
user_77cee5b6@gmail.com,TKT-000494,Late Delivery,3
user_17866dcc@gmail.com,TKT-000495,Damaged Item,2
user_8da2a374@gmail.com,TKT-000496,Damaged Item,5
user_6b27bfed@gmail.com,TKT-000497,Late Delivery,1
user_f2a95ab3@gmail.com,TKT-000498,Damaged Item,2
user_be702ead@gmail.com,TKT-000499,Late Delivery,3
user_05070af7@gmail.com,TKT-000500,Late Delivery,1
user_83806619@gmail.com,TKT-000501,Damaged Item,1
user_f46ee9ce@gmail.com,TKT-000502,Late Delivery,1
user_8bd125c9@gmail.com,TKT-000503,Late Delivery,5
user_222e0b86@gmail.com,TKT-000504,Late Delivery,3
user_37b7803a@gmail.com,TKT-000505,Damaged Item,2
user_5b3619db@gmail.com,TKT-000506,Late Delivery,1
user_2909eb21@gmail.com,TKT-000507,Damaged Item,5
user_aa82933f@gmail.com,TKT-000508,Late Delivery,2
user_6a72e79e@gmail.com,TKT-000509,Late Delivery,5
user_eb80b2c3@gmail.com,TKT-000510,Late Delivery,1
user_082e7aee@gmail.com,TKT-000511,Late Delivery,1
user_b2ea7497@gmail.com,TKT-000512,Damaged Item,2
user_7bed1345@gmail.com,TKT-000513,Late Delivery,4
user_3a3b3079@gmail.com,TKT-000514,Damaged Item,4
user_f1709cbd@gmail.com,TKT-000515,Damaged Item,2
user_1d8653fe@gmail.com,TKT-000516,Damaged Item,3
user_563b980d@gmail.com,TKT-000517,Late Delivery,2
user_73b18676@gmail.com,TKT-000518,Late Delivery,2
user_a00d5d4d@gmail.com,TKT-000519,Damaged Item,4
user_eb5ba7d5@gmail.com,TKT-000520,Damaged Item,1
user_b75294c5@gmail.com,TKT-000521,Damaged Item,3
user_ca327501@gmail.com,TKT-000522,Late Delivery,5
user_55d85d60@gmail.com,TKT-000523,Late Delivery,2
user_a096deeb@gmail.com,TKT-000524,Damaged Item,2
user_52fcf1ec@gmail.com,TKT-000525,Damaged Item,5
user_95a08544@gmail.com,TKT-000526,Late Delivery,2
user_9addedd6@gmail.com,TKT-000527,Late Delivery,2
user_774c075f@gmail.com,TKT-000528,Damaged Item,4
user_bb656eab@gmail.com,TKT-000529,Late Delivery,5
user_e930b415@gmail.com,TKT-000530,Damaged Item,1
user_cef1a838@gmail.com,TKT-000531,Late Delivery,4
user_8b290fbc@gmail.com,TKT-000532,Late Delivery,1
user_d59fdb68@gmail.com,TKT-000533,Late Delivery,4
user_e255864a@gmail.com,TKT-000534,Damaged Item,5
user_0fa28d04@gmail.com,TKT-000535,Late Delivery,4
user_6aa2294d@gmail.com,TKT-000536,Late Delivery,2
user_36c11d4e@gmail.com,TKT-000537,Damaged Item,2
user_d6521c1b@gmail.com,TKT-000538,Damaged Item,5
user_0185135f@gmail.com,TKT-000539,Damaged Item,1
user_edce860d@gmail.com,TKT-000540,Damaged Item,5
user_f2699df4@gmail.com,TKT-000541,Late Delivery,3
user_dccb0c49@gmail.com,TKT-000542,Damaged Item,3
user_7f7126b2@gmail.com,TKT-000543,Late Delivery,3
user_4231d2ef@gmail.com,TKT-000544,Damaged Item,4
user_9c2e4dbb@gmail.com,TKT-000545,Damaged Item,3
user_b3a356f8@gmail.com,TKT-000546,Damaged Item,4
user_abeb924c@gmail.com,TKT-000547,Late Delivery,5
user_9ca46088@gmail.com,TKT-000548,Late Delivery,2
user_08a9098f@gmail.com,TKT-000549,Damaged Item,4
user_e0e0f6ba@gmail.com,TKT-000550,Late Delivery,3
user_ef058425@gmail.com,TKT-000551,Late Delivery,3
user_8a7f96e7@gmail.com,TKT-000552,Damaged Item,5
user_42f80def@gmail.com,TKT-000553,Damaged Item,4
user_cfacbd72@gmail.com,TKT-000554,Late Delivery,4
user_7d5addd5@gmail.com,TKT-000555,Damaged Item,2
user_d7c63351@gmail.com,TKT-000556,Damaged Item,4
user_c9cf55d6@gmail.com,TKT-000557,Damaged Item,2
user_80ebe855@gmail.com,TKT-000558,Damaged Item,2
user_379111a8@gmail.com,TKT-000559,Late Delivery,2
user_901958bf@gmail.com,TKT-000560,Damaged Item,2
user_2131094f@gmail.com,TKT-000561,Late Delivery,4
user_acfed6b9@gmail.com,TKT-000562,Damaged Item,2
user_95cdf97b@gmail.com,TKT-000563,Damaged Item,2
user_3778cf85@gmail.com,TKT-000564,Damaged Item,4
user_82e6a6e5@gmail.com,TKT-000565,Damaged Item,1
user_852b2cdd@gmail.com,TKT-000566,Damaged Item,3
user_bddd00ab@gmail.com,TKT-000567,Late Delivery,2
user_947c7bf5@gmail.com,TKT-000568,Late Delivery,3
user_61d36066@gmail.com,TKT-000569,Late Delivery,1
user_11a195cb@gmail.com,TKT-000570,Late Delivery,5
user_708b1cbe@gmail.com,TKT-000571,Late Delivery,1
user_fef2e43e@gmail.com,TKT-000572,Late Delivery,4
user_12737ff0@gmail.com,TKT-000573,Damaged Item,4
user_0fb8f355@gmail.com,TKT-000574,Damaged Item,3
user_cb1c3c27@gmail.com,TKT-000575,Late Delivery,1
user_d8b31ea2@gmail.com,TKT-000576,Late Delivery,5
user_844a1fd1@gmail.com,TKT-000577,Late Delivery,2
user_e8f21c08@gmail.com,TKT-000578,Damaged Item,2
user_535a6b69@gmail.com,TKT-000579,Late Delivery,3
user_4b8b7bf8@gmail.com,TKT-000580,Damaged Item,5
user_147e1d1e@gmail.com,TKT-000581,Late Delivery,4
user_2ec3fd10@gmail.com,TKT-000582,Late Delivery,3
user_1350e2fa@gmail.com,TKT-000583,Damaged Item,1
user_b581a616@gmail.com,TKT-000584,Late Delivery,1
user_4106b7bd@gmail.com,TKT-000585,Late Delivery,3
user_44e2edcc@gmail.com,TKT-000586,Late Delivery,4
user_ccc65cd7@gmail.com,TKT-000587,Damaged Item,3
user_214a7ab2@gmail.com,TKT-000588,Damaged Item,1
user_f71d1ce0@gmail.com,TKT-000589,Damaged Item,2
user_1bc2bf4a@gmail.com,TKT-000590,Damaged Item,2
user_e1f9aa04@gmail.com,TKT-000591,Damaged Item,4
user_088e47ed@gmail.com,TKT-000592,Late Delivery,3
user_6402068d@gmail.com,TKT-000593,Late Delivery,2
user_c6dd2286@gmail.com,TKT-000594,Damaged Item,4
user_76a8b43c@gmail.com,TKT-000595,Late Delivery,3
user_6cda2182@gmail.com,TKT-000596,Late Delivery,3
user_f0269964@gmail.com,TKT-000597,Damaged Item,4
user_25be7058@gmail.com,TKT-000598,Damaged Item,4
user_befa1e6f@gmail.com,TKT-000599,Damaged Item,2
user_a16d0a44@gmail.com,TKT-000600,Damaged Item,2
user_da3258a8@gmail.com,TKT-000601,Late Delivery,5
user_1324cd67@gmail.com,TKT-000602,Damaged Item,2
user_20cf7edf@gmail.com,TKT-000603,Late Delivery,4
user_96210b04@gmail.com,TKT-000604,Late Delivery,4
user_21d34af1@gmail.com,TKT-000605,Late Delivery,2
user_2de68ea7@gmail.com,TKT-000606,Damaged Item,2
user_5fa49884@gmail.com,TKT-000607,Late Delivery,3
user_5e31c869@gmail.com,TKT-000608,Late Delivery,5
user_075c38f7@gmail.com,TKT-000609,Damaged Item,5
user_c1075271@gmail.com,TKT-000610,Late Delivery,1
user_9b29bfcf@gmail.com,TKT-000611,Late Delivery,2
user_1b7bc229@gmail.com,TKT-000612,Damaged Item,3
user_619c98a8@gmail.com,TKT-000613,Late Delivery,1
user_36c78d93@gmail.com,TKT-000614,Damaged Item,1
user_6c84b19d@gmail.com,TKT-000615,Late Delivery,1
user_ac7d7e45@gmail.com,TKT-000616,Late Delivery,1
user_d05655be@gmail.com,TKT-000617,Late Delivery,5
user_a12085be@gmail.com,TKT-000618,Late Delivery,1
user_0f105771@gmail.com,TKT-000619,Damaged Item,5
user_e5d0fb67@gmail.com,TKT-000620,Late Delivery,1
user_d50da5d9@gmail.com,TKT-000621,Damaged Item,3
user_4f471e7d@gmail.com,TKT-000622,Late Delivery,3
user_8faed9f9@gmail.com,TKT-000623,Damaged Item,1
user_a522050a@gmail.com,TKT-000624,Late Delivery,1
user_6ce379e2@gmail.com,TKT-000625,Late Delivery,2
user_0db593f8@gmail.com,TKT-000626,Late Delivery,1
user_1f17641a@gmail.com,TKT-000627,Damaged Item,4
user_b6e2e472@gmail.com,TKT-000628,Damaged Item,5
user_20681391@gmail.com,TKT-000629,Late Delivery,5
user_59a11655@gmail.com,TKT-000630,Damaged Item,3
user_2c009bef@gmail.com,TKT-000631,Damaged Item,1
user_a04d29ea@gmail.com,TKT-000632,Late Delivery,4
user_ae16e6eb@gmail.com,TKT-000633,Damaged Item,3
user_383ee4e0@gmail.com,TKT-000634,Late Delivery,2
user_7e005103@gmail.com,TKT-000635,Late Delivery,4
user_d481586e@gmail.com,TKT-000636,Damaged Item,3
user_6e4601c0@gmail.com,TKT-000637,Damaged Item,3
user_d49a9f96@gmail.com,TKT-000638,Late Delivery,3
user_8445cabd@gmail.com,TKT-000639,Damaged Item,1
user_930ea256@gmail.com,TKT-000640,Damaged Item,2
user_a08c3112@gmail.com,TKT-000641,Late Delivery,5
user_bb78f0f9@gmail.com,TKT-000642,Damaged Item,1
user_a0795e3e@gmail.com,TKT-000643,Late Delivery,3
user_09ce6363@gmail.com,TKT-000644,Damaged Item,2
user_8ca1816f@gmail.com,TKT-000645,Late Delivery,5
user_9155d337@gmail.com,TKT-000646,Late Delivery,3
user_4a9355ff@gmail.com,TKT-000647,Damaged Item,4
user_01e4f76d@gmail.com,TKT-000648,Late Delivery,2
user_d38e93c9@gmail.com,TKT-000649,Late Delivery,4
user_5ee11789@gmail.com,TKT-000650,Damaged Item,5
user_ef6b4c05@gmail.com,TKT-000651,Damaged Item,1
user_149e4794@gmail.com,TKT-000652,Damaged Item,5
user_989128b6@gmail.com,TKT-000653,Late Delivery,5
user_d56dfbcb@gmail.com,TKT-000654,Late Delivery,2
user_f40796e3@gmail.com,TKT-000655,Damaged Item,1
user_5f169f1c@gmail.com,TKT-000656,Late Delivery,4
user_d897a1d9@gmail.com,TKT-000657,Late Delivery,4
user_6028e781@gmail.com,TKT-000658,Late Delivery,2
user_96b5954c@gmail.com,TKT-000659,Damaged Item,5
user_ea27dc06@gmail.com,TKT-000660,Late Delivery,1
user_f92a5e3b@gmail.com,TKT-000661,Damaged Item,5
user_d2f4d32a@gmail.com,TKT-000662,Late Delivery,5
user_0ff9df91@gmail.com,TKT-000663,Late Delivery,5
user_5bd17f53@gmail.com,TKT-000664,Late Delivery,1
user_4cbdc0f2@gmail.com,TKT-000665,Late Delivery,1
user_82733a80@gmail.com,TKT-000666,Damaged Item,3
user_73c0568f@gmail.com,TKT-000667,Damaged Item,5
user_50eee0f3@gmail.com,TKT-000668,Damaged Item,1
user_05e16ef6@gmail.com,TKT-000669,Damaged Item,5
user_d85b7be2@gmail.com,TKT-000670,Late Delivery,3
user_1b772475@gmail.com,TKT-000671,Late Delivery,3
user_4eeae7cc@gmail.com,TKT-000672,Damaged Item,1
user_5b12d02a@gmail.com,TKT-000673,Late Delivery,3
user_d84d21b7@gmail.com,TKT-000674,Late Delivery,4
user_fddb0443@gmail.com,TKT-000675,Late Delivery,5
user_34a6d7fd@gmail.com,TKT-000676,Damaged Item,3
user_b13477f5@gmail.com,TKT-000677,Late Delivery,5
user_27c98127@gmail.com,TKT-000678,Damaged Item,3
user_de94333e@gmail.com,TKT-000679,Damaged Item,3
user_7bc3e3e0@gmail.com,TKT-000680,Damaged Item,1
user_18524628@gmail.com,TKT-000681,Late Delivery,3
user_cdc78e75@gmail.com,TKT-000682,Late Delivery,2
user_32dc6136@gmail.com,TKT-000683,Damaged Item,4
user_160adc55@gmail.com,TKT-000684,Late Delivery,4
user_93b99015@gmail.com,TKT-000685,Late Delivery,1
user_2d62f3a9@gmail.com,TKT-000686,Damaged Item,5
user_1cec9791@gmail.com,TKT-000687,Late Delivery,1
user_13009c60@gmail.com,TKT-000688,Damaged Item,2
user_81e80e04@gmail.com,TKT-000689,Late Delivery,2
user_68bda3e3@gmail.com,TKT-000690,Late Delivery,1
user_d6203ca0@gmail.com,TKT-000691,Damaged Item,1
user_0d58b25b@gmail.com,TKT-000692,Late Delivery,3
user_f9ccc644@gmail.com,TKT-000693,Late Delivery,3
user_bc17d224@gmail.com,TKT-000694,Late Delivery,4
user_237e7ea9@gmail.com,TKT-000695,Late Delivery,4
user_0a043e9f@gmail.com,TKT-000696,Late Delivery,1
user_fbb3abe3@gmail.com,TKT-000697,Late Delivery,1
user_09a79fb3@gmail.com,TKT-000698,Late Delivery,1
user_64a13c5f@gmail.com,TKT-000699,Damaged Item,3
user_5002e056@gmail.com,TKT-000700,Damaged Item,2
user_448a55fb@gmail.com,TKT-000701,Late Delivery,1
user_87ba5601@gmail.com,TKT-000702,Damaged Item,2
user_557296ca@gmail.com,TKT-000703,Damaged Item,1
user_075b7002@gmail.com,TKT-000704,Late Delivery,5
user_514663a4@gmail.com,TKT-000705,Damaged Item,5
user_207ba0e7@gmail.com,TKT-000706,Damaged Item,1
user_cce1ebae@gmail.com,TKT-000707,Late Delivery,5
user_31b1fd04@gmail.com,TKT-000708,Damaged Item,4
user_47d768be@gmail.com,TKT-000709,Damaged Item,5
user_3b5c6285@gmail.com,TKT-000710,Damaged Item,4
user_3abe0785@gmail.com,TKT-000711,Late Delivery,3
user_e1e59781@gmail.com,TKT-000712,Late Delivery,2
user_1f18edb4@gmail.com,TKT-000713,Damaged Item,4
user_985289b5@gmail.com,TKT-000714,Late Delivery,2
user_8f931493@gmail.com,TKT-000715,Late Delivery,3
user_b88006cd@gmail.com,TKT-000716,Late Delivery,2
user_d4293714@gmail.com,TKT-000717,Late Delivery,3
user_b157c176@gmail.com,TKT-000718,Damaged Item,3
user_ab5c0372@gmail.com,TKT-000719,Late Delivery,4
user_b2e9a05d@gmail.com,TKT-000720,Late Delivery,5
user_77ebb909@gmail.com,TKT-000721,Late Delivery,2
user_3705e9df@gmail.com,TKT-000722,Late Delivery,3
user_19155174@gmail.com,TKT-000723,Late Delivery,5
user_87efb3bc@gmail.com,TKT-000724,Damaged Item,2
user_f1b57a40@gmail.com,TKT-000725,Late Delivery,2
user_7d0001dd@gmail.com,TKT-000726,Damaged Item,2
user_9b91a58b@gmail.com,TKT-000727,Late Delivery,4
user_a8bfaddc@gmail.com,TKT-000728,Damaged Item,2
user_7d5ec915@gmail.com,TKT-000729,Late Delivery,2
user_9ce4185d@gmail.com,TKT-000730,Late Delivery,4
user_31f1ec7e@gmail.com,TKT-000731,Damaged Item,4
user_2884368b@gmail.com,TKT-000732,Late Delivery,5
user_ec691e49@gmail.com,TKT-000733,Damaged Item,5
user_7d158f94@gmail.com,TKT-000734,Damaged Item,2
user_a96b50f7@gmail.com,TKT-000735,Late Delivery,1
user_f5e61af5@gmail.com,TKT-000736,Late Delivery,5
user_32038852@gmail.com,TKT-000737,Late Delivery,4
user_3cf33c39@gmail.com,TKT-000738,Late Delivery,2
user_af8e9836@gmail.com,TKT-000739,Late Delivery,4
user_76c034eb@gmail.com,TKT-000740,Damaged Item,4
user_4f698409@gmail.com,TKT-000741,Late Delivery,2
user_2dbad1ec@gmail.com,TKT-000742,Damaged Item,1
user_61ad3327@gmail.com,TKT-000743,Damaged Item,5
user_372047c2@gmail.com,TKT-000744,Late Delivery,5
user_7b275ce0@gmail.com,TKT-000745,Late Delivery,1
user_5d4953dc@gmail.com,TKT-000746,Damaged Item,3
user_47d076f6@gmail.com,TKT-000747,Damaged Item,5
user_0c107f6c@gmail.com,TKT-000748,Late Delivery,2
user_a5433412@gmail.com,TKT-000749,Late Delivery,4
user_d5d48153@gmail.com,TKT-000750,Damaged Item,3
user_b6c09336@gmail.com,TKT-000751,Damaged Item,4
user_722711d7@gmail.com,TKT-000752,Late Delivery,1
user_87e69f05@gmail.com,TKT-000753,Late Delivery,5
user_00638170@gmail.com,TKT-000754,Late Delivery,3
user_3ee9e64b@gmail.com,TKT-000755,Late Delivery,2
user_94b731a4@gmail.com,TKT-000756,Late Delivery,4
user_73cb8457@gmail.com,TKT-000757,Late Delivery,3
user_ef5f99fa@gmail.com,TKT-000758,Late Delivery,1
user_c6f494dc@gmail.com,TKT-000759,Damaged Item,2
user_6028c86d@gmail.com,TKT-000760,Damaged Item,3
user_023a67e0@gmail.com,TKT-000761,Late Delivery,1
user_d42e2e8f@gmail.com,TKT-000762,Late Delivery,1
user_f4a3e457@gmail.com,TKT-000763,Late Delivery,2
user_1ea62290@gmail.com,TKT-000764,Late Delivery,1
user_a1d3e970@gmail.com,TKT-000765,Late Delivery,1
user_27fffe11@gmail.com,TKT-000766,Late Delivery,4
user_ec9e9ceb@gmail.com,TKT-000767,Damaged Item,5
user_4a3545db@gmail.com,TKT-000768,Damaged Item,1
user_5868fa4d@gmail.com,TKT-000769,Late Delivery,3
user_628de0a9@gmail.com,TKT-000770,Damaged Item,3
user_3ca4e922@gmail.com,TKT-000771,Damaged Item,2
user_80d5f923@gmail.com,TKT-000772,Late Delivery,4
user_3982801e@gmail.com,TKT-000773,Late Delivery,5
user_fa3d003e@gmail.com,TKT-000774,Late Delivery,5
user_53b5f3ee@gmail.com,TKT-000775,Damaged Item,3
user_8a52cb8e@gmail.com,TKT-000776,Late Delivery,3
user_9f80e32a@gmail.com,TKT-000777,Damaged Item,1
user_5e75cfd5@gmail.com,TKT-000778,Late Delivery,5
user_d3daedaa@gmail.com,TKT-000779,Damaged Item,5
user_d2200863@gmail.com,TKT-000780,Late Delivery,1
user_9190d6ac@gmail.com,TKT-000781,Damaged Item,3
user_05daf486@gmail.com,TKT-000782,Damaged Item,4
user_3664af31@gmail.com,TKT-000783,Late Delivery,5
user_c597ad0f@gmail.com,TKT-000784,Late Delivery,1
user_cc6f81ca@gmail.com,TKT-000785,Damaged Item,1
user_53b23661@gmail.com,TKT-000786,Damaged Item,1
user_bbe8d8b7@gmail.com,TKT-000787,Late Delivery,4
user_237d3fdf@gmail.com,TKT-000788,Damaged Item,4
user_22d25d2c@gmail.com,TKT-000789,Damaged Item,4
user_995bb1c4@gmail.com,TKT-000790,Late Delivery,2
user_d65a1df1@gmail.com,TKT-000791,Late Delivery,5
user_61a340a0@gmail.com,TKT-000792,Damaged Item,1
user_b1c87d9d@gmail.com,TKT-000793,Late Delivery,3
user_b570a0fd@gmail.com,TKT-000794,Late Delivery,4
user_4dca9ec3@gmail.com,TKT-000795,Late Delivery,2
user_3aaafeb4@gmail.com,TKT-000796,Damaged Item,5
user_f601e000@gmail.com,TKT-000797,Late Delivery,2
user_473df555@gmail.com,TKT-000798,Damaged Item,5
user_607eabaa@gmail.com,TKT-000799,Late Delivery,4
user_50814706@gmail.com,TKT-000800,Late Delivery,4
user_275fd80a@gmail.com,TKT-000801,Damaged Item,4
user_b5278b5d@gmail.com,TKT-000802,Late Delivery,4
user_dc0e76f5@gmail.com,TKT-000803,Damaged Item,2
user_e6b5d84d@gmail.com,TKT-000804,Late Delivery,5
user_33165bcd@gmail.com,TKT-000805,Damaged Item,4
user_658bc508@gmail.com,TKT-000806,Damaged Item,2
user_b47c7d42@gmail.com,TKT-000807,Damaged Item,3
user_34e7f652@gmail.com,TKT-000808,Late Delivery,4
user_0745e5e4@gmail.com,TKT-000809,Late Delivery,1
user_421ea24d@gmail.com,TKT-000810,Damaged Item,1
user_de858498@gmail.com,TKT-000811,Damaged Item,3
user_6d6e2291@gmail.com,TKT-000812,Damaged Item,4
user_57779657@gmail.com,TKT-000813,Late Delivery,3
user_77d8d9db@gmail.com,TKT-000814,Damaged Item,2
user_3abc3408@gmail.com,TKT-000815,Damaged Item,1
user_4bd7f188@gmail.com,TKT-000816,Late Delivery,3
user_4f8cce14@gmail.com,TKT-000817,Late Delivery,3
user_d67ecf48@gmail.com,TKT-000818,Damaged Item,2
user_f18ac24a@gmail.com,TKT-000819,Damaged Item,1
user_d1495d03@gmail.com,TKT-000820,Damaged Item,5
user_58c9adbd@gmail.com,TKT-000821,Late Delivery,2
user_857193b8@gmail.com,TKT-000822,Damaged Item,4
user_233918b3@gmail.com,TKT-000823,Damaged Item,3
user_76706f48@gmail.com,TKT-000824,Late Delivery,4
user_37e76f97@gmail.com,TKT-000825,Damaged Item,3
user_4509c8f5@gmail.com,TKT-000826,Late Delivery,3
user_9996cefb@gmail.com,TKT-000827,Late Delivery,1
user_fae9d22f@gmail.com,TKT-000828,Late Delivery,5
user_a27dcfd7@gmail.com,TKT-000829,Late Delivery,2
user_a8e7566f@gmail.com,TKT-000830,Damaged Item,1
user_721a5e55@gmail.com,TKT-000831,Damaged Item,2
user_459568e2@gmail.com,TKT-000832,Late Delivery,2
user_c5b519c4@gmail.com,TKT-000833,Damaged Item,3
user_a623a949@gmail.com,TKT-000834,Late Delivery,3
user_da5d40e4@gmail.com,TKT-000835,Late Delivery,2
user_6e95ac81@gmail.com,TKT-000836,Late Delivery,1
user_161ee8b0@gmail.com,TKT-000837,Damaged Item,3
user_188ef830@gmail.com,TKT-000838,Damaged Item,1
user_3497996a@gmail.com,TKT-000839,Damaged Item,1
user_7d33eca1@gmail.com,TKT-000840,Late Delivery,2
user_47ba6a4a@gmail.com,TKT-000841,Late Delivery,5
user_ed70284f@gmail.com,TKT-000842,Late Delivery,4
user_9aa6a726@gmail.com,TKT-000843,Damaged Item,3
user_2602db97@gmail.com,TKT-000844,Late Delivery,1
user_bd226a8a@gmail.com,TKT-000845,Damaged Item,5
user_72f9ad80@gmail.com,TKT-000846,Late Delivery,4
user_05ccf48d@gmail.com,TKT-000847,Late Delivery,5
user_2f26fe75@gmail.com,TKT-000848,Damaged Item,5
user_192469a3@gmail.com,TKT-000849,Damaged Item,2
user_5da9d990@gmail.com,TKT-000850,Damaged Item,3
user_9c919ff3@gmail.com,TKT-000851,Damaged Item,3
user_f894f5fb@gmail.com,TKT-000852,Late Delivery,1
user_d5abc2b5@gmail.com,TKT-000853,Damaged Item,3
user_d9a3c8bd@gmail.com,TKT-000854,Damaged Item,2
user_507c526d@gmail.com,TKT-000855,Late Delivery,1
user_c9c59829@gmail.com,TKT-000856,Damaged Item,4
user_1ec820e5@gmail.com,TKT-000857,Damaged Item,3
user_fcd318dd@gmail.com,TKT-000858,Late Delivery,1
user_45898cc3@gmail.com,TKT-000859,Damaged Item,1
user_d0be30ee@gmail.com,TKT-000860,Late Delivery,2
user_c1eda9e6@gmail.com,TKT-000861,Damaged Item,4
user_ba47fc1e@gmail.com,TKT-000862,Late Delivery,5
user_a4833b3f@gmail.com,TKT-000863,Damaged Item,1
user_c637cc2e@gmail.com,TKT-000864,Late Delivery,1
user_1fc6d91f@gmail.com,TKT-000865,Late Delivery,1
user_e2eda88a@gmail.com,TKT-000866,Damaged Item,2
user_dabca7cf@gmail.com,TKT-000867,Damaged Item,3
user_0d2d8749@gmail.com,TKT-000868,Late Delivery,5
user_a950c8d1@gmail.com,TKT-000869,Damaged Item,2
user_d2d53ab2@gmail.com,TKT-000870,Late Delivery,2
user_abd84878@gmail.com,TKT-000871,Damaged Item,5
user_91dd3e91@gmail.com,TKT-000872,Late Delivery,3
user_e9a3fd2c@gmail.com,TKT-000873,Damaged Item,2
user_0c39cc89@gmail.com,TKT-000874,Damaged Item,5
user_be08f83f@gmail.com,TKT-000875,Late Delivery,3
user_f2eb5bf7@gmail.com,TKT-000876,Late Delivery,3
user_aea1294c@gmail.com,TKT-000877,Late Delivery,5
user_cc320e08@gmail.com,TKT-000878,Late Delivery,4
user_29ea68eb@gmail.com,TKT-000879,Damaged Item,2
user_cd3f18c3@gmail.com,TKT-000880,Damaged Item,4
user_ab55a155@gmail.com,TKT-000881,Damaged Item,3
user_b20d2b33@gmail.com,TKT-000882,Late Delivery,5
user_02248d5e@gmail.com,TKT-000883,Late Delivery,5
user_62b98b37@gmail.com,TKT-000884,Late Delivery,1
user_961be53c@gmail.com,TKT-000885,Damaged Item,5
user_8423f43e@gmail.com,TKT-000886,Damaged Item,2
user_d0cfeceb@gmail.com,TKT-000887,Damaged Item,5
user_93095866@gmail.com,TKT-000888,Damaged Item,4
user_865beecc@gmail.com,TKT-000889,Late Delivery,3
user_195bd2de@gmail.com,TKT-000890,Late Delivery,4
user_5c8a8ede@gmail.com,TKT-000891,Damaged Item,4
user_7feca966@gmail.com,TKT-000892,Late Delivery,2
user_672f3b5b@gmail.com,TKT-000893,Damaged Item,2
user_dba93286@gmail.com,TKT-000894,Damaged Item,2
user_1019a3cb@gmail.com,TKT-000895,Damaged Item,5
user_6abc9992@gmail.com,TKT-000896,Late Delivery,4
user_9328041b@gmail.com,TKT-000897,Damaged Item,5
user_2952f56a@gmail.com,TKT-000898,Late Delivery,1
user_5b1702b9@gmail.com,TKT-000899,Damaged Item,2
user_94c0771e@gmail.com,TKT-000900,Damaged Item,5
user_507d2011@gmail.com,TKT-000901,Damaged Item,5
user_0ca4f40b@gmail.com,TKT-000902,Late Delivery,3
user_1bfe8c34@gmail.com,TKT-000903,Damaged Item,5
user_c9aa4d4e@gmail.com,TKT-000904,Damaged Item,5
user_518ff151@gmail.com,TKT-000905,Late Delivery,5
user_bd90bcda@gmail.com,TKT-000906,Late Delivery,3
user_a7a5b076@gmail.com,TKT-000907,Late Delivery,3
user_99f84b13@gmail.com,TKT-000908,Damaged Item,1
user_e7609179@gmail.com,TKT-000909,Damaged Item,2
user_03f55e00@gmail.com,TKT-000910,Late Delivery,4
user_790e0376@gmail.com,TKT-000911,Damaged Item,1
user_c7c92d52@gmail.com,TKT-000912,Damaged Item,1
user_0b8ed325@gmail.com,TKT-000913,Late Delivery,2
user_940aac34@gmail.com,TKT-000914,Late Delivery,4
user_fb07a6db@gmail.com,TKT-000915,Late Delivery,3
user_295ce59a@gmail.com,TKT-000916,Late Delivery,2
user_d4b85792@gmail.com,TKT-000917,Damaged Item,2
user_b57d8248@gmail.com,TKT-000918,Late Delivery,2
user_fa32d50b@gmail.com,TKT-000919,Damaged Item,3
user_22f5499b@gmail.com,TKT-000920,Damaged Item,2
user_3ed6ddb6@gmail.com,TKT-000921,Damaged Item,5
user_a34dc635@gmail.com,TKT-000922,Damaged Item,3
user_91cc64ef@gmail.com,TKT-000923,Damaged Item,2
user_6db9feb5@gmail.com,TKT-000924,Late Delivery,4
user_269967d6@gmail.com,TKT-000925,Late Delivery,1
user_ebd7ed93@gmail.com,TKT-000926,Damaged Item,3
user_a8d9996d@gmail.com,TKT-000927,Damaged Item,5
user_e64494c8@gmail.com,TKT-000928,Damaged Item,2
user_34a852ee@gmail.com,TKT-000929,Late Delivery,4
user_6e8c0e15@gmail.com,TKT-000930,Damaged Item,4
user_42da0739@gmail.com,TKT-000931,Late Delivery,1
user_25525a48@gmail.com,TKT-000932,Damaged Item,3
user_0f8249c6@gmail.com,TKT-000933,Late Delivery,5
user_86c1cf9b@gmail.com,TKT-000934,Damaged Item,2
user_f1e7edf8@gmail.com,TKT-000935,Late Delivery,5
user_0471a053@gmail.com,TKT-000936,Damaged Item,3
user_7c6b2fc9@gmail.com,TKT-000937,Late Delivery,2
user_bd8cf21c@gmail.com,TKT-000938,Damaged Item,5
user_aec17bba@gmail.com,TKT-000939,Late Delivery,1
user_0508a2b4@gmail.com,TKT-000940,Late Delivery,3
user_2c7e4fe7@gmail.com,TKT-000941,Late Delivery,3
user_f8d3a383@gmail.com,TKT-000942,Late Delivery,4
user_a8d00c80@gmail.com,TKT-000943,Damaged Item,4
user_38c9d129@gmail.com,TKT-000944,Late Delivery,3
user_21b02ebb@gmail.com,TKT-000945,Damaged Item,2
user_b2bedaad@gmail.com,TKT-000946,Damaged Item,5
user_fdb2bb53@gmail.com,TKT-000947,Late Delivery,3
user_e33a6742@gmail.com,TKT-000948,Damaged Item,5
user_a510b982@gmail.com,TKT-000949,Damaged Item,3
user_c2783063@gmail.com,TKT-000950,Late Delivery,2
user_2fb26b64@gmail.com,TKT-000951,Damaged Item,3
user_be18991f@gmail.com,TKT-000952,Damaged Item,3
user_4d771e37@gmail.com,TKT-000953,Damaged Item,5
user_868587bb@gmail.com,TKT-000954,Late Delivery,1
user_2c08ea15@gmail.com,TKT-000955,Late Delivery,5
user_e2d8ec12@gmail.com,TKT-000956,Late Delivery,1
user_3d7dac08@gmail.com,TKT-000957,Late Delivery,5
user_fcd1b363@gmail.com,TKT-000958,Damaged Item,5
user_39bff4c2@gmail.com,TKT-000959,Late Delivery,1
user_9604f001@gmail.com,TKT-000960,Damaged Item,3
user_96f626c7@gmail.com,TKT-000961,Late Delivery,3
user_c14ab091@gmail.com,TKT-000962,Damaged Item,1
user_df29f1f6@gmail.com,TKT-000963,Damaged Item,5
user_137ac564@gmail.com,TKT-000964,Late Delivery,5
user_9f47d1fa@gmail.com,TKT-000965,Late Delivery,4
user_e230a164@gmail.com,TKT-000966,Damaged Item,1
user_e3087e6b@gmail.com,TKT-000967,Damaged Item,1
user_3c318225@gmail.com,TKT-000968,Late Delivery,3
user_1e21216a@gmail.com,TKT-000969,Late Delivery,3
user_a6ca6b61@gmail.com,TKT-000970,Late Delivery,2
user_2392a29d@gmail.com,TKT-000971,Late Delivery,4
user_38a3c2eb@gmail.com,TKT-000972,Late Delivery,4
user_73cb5bd8@gmail.com,TKT-000973,Damaged Item,4
user_1545f240@gmail.com,TKT-000974,Damaged Item,1
user_fdb08613@gmail.com,TKT-000975,Damaged Item,2
user_3d5d9a19@gmail.com,TKT-000976,Damaged Item,5
user_4485e3c5@gmail.com,TKT-000977,Late Delivery,3
user_dbdf835d@gmail.com,TKT-000978,Late Delivery,2
user_f82e4773@gmail.com,TKT-000979,Late Delivery,2
user_62d5b065@gmail.com,TKT-000980,Late Delivery,4
user_91798cca@gmail.com,TKT-000981,Damaged Item,4
user_bab333fc@gmail.com,TKT-000982,Damaged Item,2
user_83583269@gmail.com,TKT-000983,Damaged Item,3
user_45a529e4@gmail.com,TKT-000984,Damaged Item,4
user_37e2dd61@gmail.com,TKT-000985,Damaged Item,3
user_38c57611@gmail.com,TKT-000986,Damaged Item,1
user_3fcda7fd@gmail.com,TKT-000987,Late Delivery,1
user_04898235@gmail.com,TKT-000988,Damaged Item,2
user_a5672afe@gmail.com,TKT-000989,Late Delivery,4
user_6fd11ed4@gmail.com,TKT-000990,Late Delivery,5
user_d2e9386b@gmail.com,TKT-000991,Late Delivery,4
user_a6c526ae@gmail.com,TKT-000992,Late Delivery,5
user_8cb9eb3a@gmail.com,TKT-000993,Late Delivery,2
user_c6994523@gmail.com,TKT-000994,Damaged Item,2
user_682d203e@gmail.com,TKT-000995,Late Delivery,1
user_48bf4e83@gmail.com,TKT-000996,Damaged Item,1
user_a1bb7c7b@gmail.com,TKT-000997,Damaged Item,5
user_b75240ce@gmail.com,TKT-000998,Damaged Item,5
user_320c8ec3@gmail.com,TKT-000999,Late Delivery,1
user_2b289dc2@gmail.com,TKT-001000,Late Delivery,3
user_3cb378e2@gmail.com,TKT-001001,Late Delivery,1
user_64aa5650@gmail.com,TKT-001002,Damaged Item,3
user_59775d57@gmail.com,TKT-001003,Late Delivery,3
user_2778fb68@gmail.com,TKT-001004,Late Delivery,3
user_187e4319@gmail.com,TKT-001005,Damaged Item,2
user_ed54434e@gmail.com,TKT-001006,Damaged Item,5
user_532e19d1@gmail.com,TKT-001007,Late Delivery,2
user_54eae13c@gmail.com,TKT-001008,Damaged Item,1
user_b3d14cfa@gmail.com,TKT-001009,Damaged Item,3
user_5a1e54e7@gmail.com,TKT-001010,Late Delivery,2
user_c4aaf56c@gmail.com,TKT-001011,Damaged Item,5
user_b381a905@gmail.com,TKT-001012,Late Delivery,5
user_48aefd0f@gmail.com,TKT-001013,Late Delivery,5
user_ddf701b9@gmail.com,TKT-001014,Late Delivery,4
user_a9793685@gmail.com,TKT-001015,Damaged Item,4
user_94066d7c@gmail.com,TKT-001016,Damaged Item,3
user_84280102@gmail.com,TKT-001017,Late Delivery,5
user_bfe8411c@gmail.com,TKT-001018,Late Delivery,4
user_49c68b82@gmail.com,TKT-001019,Late Delivery,5
user_5edc0120@gmail.com,TKT-001020,Late Delivery,4
user_b9665ce6@gmail.com,TKT-001021,Late Delivery,5
user_91a5df66@gmail.com,TKT-001022,Damaged Item,5
user_3cee8934@gmail.com,TKT-001023,Late Delivery,5
user_b39d408a@gmail.com,TKT-001024,Damaged Item,4
user_a93a1c70@gmail.com,TKT-001025,Late Delivery,5
user_2b058add@gmail.com,TKT-001026,Damaged Item,1
user_5ef3e5d1@gmail.com,TKT-001027,Late Delivery,2
user_43530b76@gmail.com,TKT-001028,Late Delivery,1
user_4f25ec76@gmail.com,TKT-001029,Damaged Item,4
user_81120071@gmail.com,TKT-001030,Damaged Item,3
user_588018a8@gmail.com,TKT-001031,Damaged Item,1
user_5c58de6f@gmail.com,TKT-001032,Damaged Item,1
user_a8a46bb1@gmail.com,TKT-001033,Damaged Item,2
user_e84ef43d@gmail.com,TKT-001034,Late Delivery,3
user_fe9e22b5@gmail.com,TKT-001035,Late Delivery,4
user_46417ad5@gmail.com,TKT-001036,Late Delivery,3
user_aa541fa3@gmail.com,TKT-001037,Damaged Item,5
user_ec577f97@gmail.com,TKT-001038,Damaged Item,3
user_680c14b5@gmail.com,TKT-001039,Damaged Item,1
user_ebf7e0d4@gmail.com,TKT-001040,Damaged Item,5
user_84009bbe@gmail.com,TKT-001041,Late Delivery,2
user_d958c4aa@gmail.com,TKT-001042,Late Delivery,1
user_deb1fdf2@gmail.com,TKT-001043,Damaged Item,2
user_8fa601ff@gmail.com,TKT-001044,Late Delivery,3
user_bf0754bd@gmail.com,TKT-001045,Damaged Item,3
user_5bb6aa0c@gmail.com,TKT-001046,Damaged Item,1
user_cb3ff5e1@gmail.com,TKT-001047,Damaged Item,5
user_732267f7@gmail.com,TKT-001048,Late Delivery,3
user_d7db00dd@gmail.com,TKT-001049,Damaged Item,5
user_05a021f8@gmail.com,TKT-001050,Damaged Item,5
user_31de4c2a@gmail.com,TKT-001051,Damaged Item,2
user_9f027be6@gmail.com,TKT-001052,Damaged Item,3
user_6a8f67ab@gmail.com,TKT-001053,Damaged Item,1
user_9f6c13f1@gmail.com,TKT-001054,Late Delivery,4
user_703a328e@gmail.com,TKT-001055,Damaged Item,4
user_a5314ac2@gmail.com,TKT-001056,Damaged Item,5
user_94fb6dde@gmail.com,TKT-001057,Damaged Item,5
user_6b9a4c04@gmail.com,TKT-001058,Late Delivery,2
user_1aaef6b6@gmail.com,TKT-001059,Late Delivery,1
user_e9a9d052@gmail.com,TKT-001060,Damaged Item,4
user_c8cae630@gmail.com,TKT-001061,Damaged Item,3
user_1b147d0d@gmail.com,TKT-001062,Damaged Item,4
user_86ab3521@gmail.com,TKT-001063,Late Delivery,2
user_9aa827c8@gmail.com,TKT-001064,Damaged Item,2
user_7810b0c4@gmail.com,TKT-001065,Damaged Item,5
user_236f1336@gmail.com,TKT-001066,Damaged Item,4
user_0dcc9043@gmail.com,TKT-001067,Late Delivery,2
user_5d3dd81d@gmail.com,TKT-001068,Damaged Item,4
user_ca666876@gmail.com,TKT-001069,Damaged Item,1
user_2d013009@gmail.com,TKT-001070,Late Delivery,3
user_025e14cd@gmail.com,TKT-001071,Damaged Item,2
user_454660f8@gmail.com,TKT-001072,Late Delivery,1
user_7838ad77@gmail.com,TKT-001073,Damaged Item,3
user_5acb44e8@gmail.com,TKT-001074,Damaged Item,1
user_eb5489a3@gmail.com,TKT-001075,Late Delivery,1
user_b542893c@gmail.com,TKT-001076,Late Delivery,3
user_273474c0@gmail.com,TKT-001077,Damaged Item,3
user_d4c9f9c8@gmail.com,TKT-001078,Late Delivery,1
user_072e64d9@gmail.com,TKT-001079,Late Delivery,1
user_16dafc86@gmail.com,TKT-001080,Damaged Item,4
user_f9902ec9@gmail.com,TKT-001081,Damaged Item,5
user_6c9f7c86@gmail.com,TKT-001082,Late Delivery,1
user_da228233@gmail.com,TKT-001083,Damaged Item,4
user_7fe9b383@gmail.com,TKT-001084,Late Delivery,5
user_9b6b1f44@gmail.com,TKT-001085,Damaged Item,4
user_00eba937@gmail.com,TKT-001086,Damaged Item,2
user_7d2ccd4b@gmail.com,TKT-001087,Damaged Item,2
user_4d198d46@gmail.com,TKT-001088,Damaged Item,3
user_441285a3@gmail.com,TKT-001089,Late Delivery,2
user_fb4066be@gmail.com,TKT-001090,Late Delivery,3
user_f301a8e5@gmail.com,TKT-001091,Damaged Item,3
user_1f720536@gmail.com,TKT-001092,Damaged Item,5
user_52516ca6@gmail.com,TKT-001093,Damaged Item,2
user_f35b5c2b@gmail.com,TKT-001094,Late Delivery,2
user_26ffd811@gmail.com,TKT-001095,Damaged Item,5
user_d2ab3371@gmail.com,TKT-001096,Late Delivery,2
user_aaeeb65a@gmail.com,TKT-001097,Damaged Item,1
user_b946fd65@gmail.com,TKT-001098,Damaged Item,5
user_447f1273@gmail.com,TKT-001099,Damaged Item,2
user_07f73198@gmail.com,TKT-001100,Late Delivery,5
user_d4b16abc@gmail.com,TKT-001101,Late Delivery,2
user_55df93f5@gmail.com,TKT-001102,Late Delivery,3
user_e77b6fbb@gmail.com,TKT-001103,Damaged Item,3
user_6809546a@gmail.com,TKT-001104,Late Delivery,1
user_0bed2a91@gmail.com,TKT-001105,Late Delivery,1
user_e946caa5@gmail.com,TKT-001106,Damaged Item,5
user_d3195631@gmail.com,TKT-001107,Damaged Item,1
user_81d8cee9@gmail.com,TKT-001108,Damaged Item,4
user_4fcf56f1@gmail.com,TKT-001109,Damaged Item,5
user_f3d40ec1@gmail.com,TKT-001110,Damaged Item,4
user_5f6a7738@gmail.com,TKT-001111,Damaged Item,1
user_768bbd3f@gmail.com,TKT-001112,Damaged Item,5
user_361918d0@gmail.com,TKT-001113,Damaged Item,5
user_936e76fd@gmail.com,TKT-001114,Damaged Item,2
user_db29571f@gmail.com,TKT-001115,Damaged Item,2
user_de3ff354@gmail.com,TKT-001116,Late Delivery,3
user_25354a20@gmail.com,TKT-001117,Damaged Item,1
user_75f8a2cc@gmail.com,TKT-001118,Late Delivery,1
user_116633d1@gmail.com,TKT-001119,Damaged Item,4
user_63568661@gmail.com,TKT-001120,Damaged Item,1
user_42c69d07@gmail.com,TKT-001121,Damaged Item,3
user_f1c91568@gmail.com,TKT-001122,Damaged Item,1
user_004b45ec@gmail.com,TKT-001123,Damaged Item,4
user_e69799b5@gmail.com,TKT-001124,Damaged Item,2
user_0bdb6ad2@gmail.com,TKT-001125,Damaged Item,1
user_1f875cf1@gmail.com,TKT-001126,Damaged Item,5
user_c16d2a41@gmail.com,TKT-001127,Damaged Item,2
user_f7af15c0@gmail.com,TKT-001128,Late Delivery,5
user_903fea98@gmail.com,TKT-001129,Late Delivery,3
user_f1022405@gmail.com,TKT-001130,Late Delivery,3
user_9fad9ce7@gmail.com,TKT-001131,Late Delivery,3
user_3f3bf8f7@gmail.com,TKT-001132,Damaged Item,1
user_f053e082@gmail.com,TKT-001133,Damaged Item,3
user_2a2a8928@gmail.com,TKT-001134,Late Delivery,4
user_0cbfcb47@gmail.com,TKT-001135,Damaged Item,3
user_a9969775@gmail.com,TKT-001136,Damaged Item,4
user_f6f30d20@gmail.com,TKT-001137,Damaged Item,3
user_1176d849@gmail.com,TKT-001138,Late Delivery,2
user_30858fbd@gmail.com,TKT-001139,Damaged Item,1
user_dc16e2d9@gmail.com,TKT-001140,Damaged Item,5
user_ade96e0b@gmail.com,TKT-001141,Late Delivery,3
user_a6480b62@gmail.com,TKT-001142,Late Delivery,2
user_f4aea85d@gmail.com,TKT-001143,Damaged Item,2
user_a6aa1df6@gmail.com,TKT-001144,Damaged Item,2
user_c666d3fc@gmail.com,TKT-001145,Damaged Item,4
user_ccdf8d95@gmail.com,TKT-001146,Late Delivery,1
user_04a232f2@gmail.com,TKT-001147,Late Delivery,2
user_6739d803@gmail.com,TKT-001148,Damaged Item,5
user_fa21158f@gmail.com,TKT-001149,Late Delivery,2
user_3494f941@gmail.com,TKT-001150,Damaged Item,3
user_ca09dd91@gmail.com,TKT-001151,Damaged Item,4
user_34797923@gmail.com,TKT-001152,Late Delivery,5
user_7ae6ccf9@gmail.com,TKT-001153,Late Delivery,2
user_663b8dc3@gmail.com,TKT-001154,Late Delivery,2
user_85ac06f4@gmail.com,TKT-001155,Damaged Item,3
user_108a6b4a@gmail.com,TKT-001156,Damaged Item,5
user_fe5b71c3@gmail.com,TKT-001157,Late Delivery,5
user_0cebf5b4@gmail.com,TKT-001158,Late Delivery,3
user_6add2745@gmail.com,TKT-001159,Late Delivery,4
user_da35742c@gmail.com,TKT-001160,Damaged Item,1
user_8801be95@gmail.com,TKT-001161,Damaged Item,5
user_c9253d1a@gmail.com,TKT-001162,Damaged Item,4
user_5a6d0925@gmail.com,TKT-001163,Damaged Item,1
user_e5ced7e7@gmail.com,TKT-001164,Late Delivery,4
user_5e8004bf@gmail.com,TKT-001165,Damaged Item,4
user_c53a41ca@gmail.com,TKT-001166,Late Delivery,3
user_80c4f7a9@gmail.com,TKT-001167,Damaged Item,2
user_58fc79b9@gmail.com,TKT-001168,Damaged Item,3
user_ef738b55@gmail.com,TKT-001169,Late Delivery,3
user_536bf87e@gmail.com,TKT-001170,Damaged Item,1
user_cda22de6@gmail.com,TKT-001171,Damaged Item,3
user_116bf428@gmail.com,TKT-001172,Damaged Item,1
user_0d3f9843@gmail.com,TKT-001173,Late Delivery,2
user_7be11725@gmail.com,TKT-001174,Late Delivery,2
user_32989b63@gmail.com,TKT-001175,Damaged Item,5
user_fc0bcca3@gmail.com,TKT-001176,Damaged Item,2
user_8333f310@gmail.com,TKT-001177,Late Delivery,4
user_26508b7c@gmail.com,TKT-001178,Damaged Item,4
user_0d26ad97@gmail.com,TKT-001179,Damaged Item,2
user_4871682a@gmail.com,TKT-001180,Late Delivery,2
user_f3795e38@gmail.com,TKT-001181,Late Delivery,5
user_e7ab6970@gmail.com,TKT-001182,Damaged Item,4
user_511ac552@gmail.com,TKT-001183,Damaged Item,1
user_8188d882@gmail.com,TKT-001184,Late Delivery,3
user_bce72558@gmail.com,TKT-001185,Damaged Item,3
user_8362d833@gmail.com,TKT-001186,Damaged Item,1
user_d0f63e7f@gmail.com,TKT-001187,Damaged Item,3
user_78e255ae@gmail.com,TKT-001188,Late Delivery,3
user_83c079de@gmail.com,TKT-001189,Late Delivery,1
user_f081cf0e@gmail.com,TKT-001190,Damaged Item,4
user_cbb38d8e@gmail.com,TKT-001191,Late Delivery,5
user_f1222bac@gmail.com,TKT-001192,Late Delivery,3
user_81c2d433@gmail.com,TKT-001193,Late Delivery,3
user_f474403e@gmail.com,TKT-001194,Late Delivery,2
user_5957410c@gmail.com,TKT-001195,Late Delivery,2
user_019890d2@gmail.com,TKT-001196,Late Delivery,4
user_9572e8f8@gmail.com,TKT-001197,Damaged Item,1
user_222474e8@gmail.com,TKT-001198,Late Delivery,3
user_4c0ebd1a@gmail.com,TKT-001199,Late Delivery,2
user_d782a4eb@gmail.com,TKT-001200,Late Delivery,1
user_0077dc76@gmail.com,TKT-001201,Damaged Item,2
user_e0c8c4cb@gmail.com,TKT-001202,Late Delivery,1
user_9571fc1b@gmail.com,TKT-001203,Late Delivery,1
user_fc71ef11@gmail.com,TKT-001204,Late Delivery,5
user_93bb3b99@gmail.com,TKT-001205,Late Delivery,4
user_0735a994@gmail.com,TKT-001206,Damaged Item,1
user_2f414e61@gmail.com,TKT-001207,Damaged Item,4
user_94ba28dc@gmail.com,TKT-001208,Damaged Item,4
user_e404115f@gmail.com,TKT-001209,Damaged Item,1
user_80d229e8@gmail.com,TKT-001210,Late Delivery,1
user_b0827afd@gmail.com,TKT-001211,Late Delivery,1
user_a2029eed@gmail.com,TKT-001212,Late Delivery,3
user_4602e5a3@gmail.com,TKT-001213,Damaged Item,2
user_d681209e@gmail.com,TKT-001214,Damaged Item,1
user_1bf8b36d@gmail.com,TKT-001215,Late Delivery,5
user_f0871fbd@gmail.com,TKT-001216,Damaged Item,5
user_57880399@gmail.com,TKT-001217,Late Delivery,5
user_02260926@gmail.com,TKT-001218,Late Delivery,1
user_34ae26a1@gmail.com,TKT-001219,Late Delivery,3
user_d6caf670@gmail.com,TKT-001220,Late Delivery,4
user_22f51519@gmail.com,TKT-001221,Damaged Item,1
user_df5206f3@gmail.com,TKT-001222,Damaged Item,5
user_84a3a192@gmail.com,TKT-001223,Damaged Item,3
user_b7ef1a00@gmail.com,TKT-001224,Late Delivery,4
user_c4ce884d@gmail.com,TKT-001225,Damaged Item,5
user_6ef12e7a@gmail.com,TKT-001226,Damaged Item,4
user_ffafb9f0@gmail.com,TKT-001227,Late Delivery,3
user_beec198c@gmail.com,TKT-001228,Late Delivery,3
user_06d9c416@gmail.com,TKT-001229,Late Delivery,1
user_35bfa120@gmail.com,TKT-001230,Late Delivery,2
user_3f518f50@gmail.com,TKT-001231,Damaged Item,2
user_a69212a9@gmail.com,TKT-001232,Late Delivery,4
user_6c1c9f70@gmail.com,TKT-001233,Late Delivery,1
user_4ff03022@gmail.com,TKT-001234,Late Delivery,1
user_81058233@gmail.com,TKT-001235,Damaged Item,1
user_7fde21d6@gmail.com,TKT-001236,Damaged Item,5
user_2b69e08c@gmail.com,TKT-001237,Late Delivery,4
user_31236774@gmail.com,TKT-001238,Late Delivery,4
user_e9a6a934@gmail.com,TKT-001239,Late Delivery,4
user_5429321a@gmail.com,TKT-001240,Damaged Item,1
user_106f5af6@gmail.com,TKT-001241,Damaged Item,1
user_7be3f845@gmail.com,TKT-001242,Late Delivery,3
user_e06c9b01@gmail.com,TKT-001243,Damaged Item,5
user_db410320@gmail.com,TKT-001244,Late Delivery,3
user_d0d24ba5@gmail.com,TKT-001245,Damaged Item,3
user_2e9a4479@gmail.com,TKT-001246,Late Delivery,1
user_597d035b@gmail.com,TKT-001247,Late Delivery,4
user_3d1f69f6@gmail.com,TKT-001248,Late Delivery,2
user_c8d59d5e@gmail.com,TKT-001249,Damaged Item,3
user_73c98b9f@gmail.com,TKT-001250,Damaged Item,2
user_675a8d2a@gmail.com,TKT-001251,Damaged Item,1
user_ee17bd1e@gmail.com,TKT-001252,Damaged Item,5
user_3c804d0d@gmail.com,TKT-001253,Damaged Item,4
user_9bb6328b@gmail.com,TKT-001254,Damaged Item,2
user_c68855ac@gmail.com,TKT-001255,Late Delivery,2
user_a573d37f@gmail.com,TKT-001256,Damaged Item,1
user_439b3aa6@gmail.com,TKT-001257,Late Delivery,2
user_d60f975f@gmail.com,TKT-001258,Damaged Item,3
user_288d018d@gmail.com,TKT-001259,Damaged Item,2
user_072f2800@gmail.com,TKT-001260,Late Delivery,4
user_40c60067@gmail.com,TKT-001261,Late Delivery,3
user_7dfdfeb6@gmail.com,TKT-001262,Damaged Item,5
user_43c83f30@gmail.com,TKT-001263,Damaged Item,1
user_0820b88e@gmail.com,TKT-001264,Damaged Item,4
user_e390906d@gmail.com,TKT-001265,Damaged Item,3
user_69bf033d@gmail.com,TKT-001266,Late Delivery,5
user_c071f952@gmail.com,TKT-001267,Damaged Item,1
user_fea0e442@gmail.com,TKT-001268,Late Delivery,1
user_448efcf5@gmail.com,TKT-001269,Damaged Item,4
user_a36eced8@gmail.com,TKT-001270,Late Delivery,4
user_6acc9144@gmail.com,TKT-001271,Damaged Item,5
user_93db82a7@gmail.com,TKT-001272,Late Delivery,1
user_ee811337@gmail.com,TKT-001273,Damaged Item,5
user_cd0681f9@gmail.com,TKT-001274,Late Delivery,4
user_8b1bd4e0@gmail.com,TKT-001275,Damaged Item,4
user_31d8b860@gmail.com,TKT-001276,Damaged Item,2
user_729d3aa6@gmail.com,TKT-001277,Damaged Item,3
user_f304a112@gmail.com,TKT-001278,Late Delivery,3
user_ce6adb9b@gmail.com,TKT-001279,Late Delivery,2
user_ee8f40b7@gmail.com,TKT-001280,Late Delivery,1
user_8a1f02ff@gmail.com,TKT-001281,Late Delivery,2
user_304d32ab@gmail.com,TKT-001282,Damaged Item,2
user_b17a9fa1@gmail.com,TKT-001283,Late Delivery,1
user_0cdfe74a@gmail.com,TKT-001284,Damaged Item,2
user_78d50041@gmail.com,TKT-001285,Late Delivery,1
user_0511b00d@gmail.com,TKT-001286,Damaged Item,1
user_5d335fd4@gmail.com,TKT-001287,Damaged Item,2
user_4dd678b3@gmail.com,TKT-001288,Late Delivery,5
user_5f708461@gmail.com,TKT-001289,Late Delivery,3
user_f2606b37@gmail.com,TKT-001290,Damaged Item,5
user_e76fbead@gmail.com,TKT-001291,Late Delivery,5
user_fbc1f243@gmail.com,TKT-001292,Late Delivery,1
user_97babdfd@gmail.com,TKT-001293,Damaged Item,3
user_bff4b209@gmail.com,TKT-001294,Damaged Item,3
user_5f5a8e2e@gmail.com,TKT-001295,Late Delivery,2
user_336c1ce2@gmail.com,TKT-001296,Late Delivery,3
user_bd49106e@gmail.com,TKT-001297,Damaged Item,3
user_f7eaae09@gmail.com,TKT-001298,Damaged Item,3
user_8dc76fe9@gmail.com,TKT-001299,Late Delivery,3
user_830e6d22@gmail.com,TKT-001300,Late Delivery,5
user_ace3470a@gmail.com,TKT-001301,Damaged Item,1
user_4a54835b@gmail.com,TKT-001302,Damaged Item,1
user_4b5a48d3@gmail.com,TKT-001303,Late Delivery,3
user_cc981606@gmail.com,TKT-001304,Damaged Item,4
user_3031a1ee@gmail.com,TKT-001305,Damaged Item,2
user_6bc18338@gmail.com,TKT-001306,Damaged Item,4
user_6a8fb2c3@gmail.com,TKT-001307,Late Delivery,3
user_79f73213@gmail.com,TKT-001308,Damaged Item,5
user_f7d0681e@gmail.com,TKT-001309,Damaged Item,1
user_67300bae@gmail.com,TKT-001310,Late Delivery,5
user_cc9b9e9c@gmail.com,TKT-001311,Late Delivery,1
user_a0b4713c@gmail.com,TKT-001312,Damaged Item,1
user_fd5163a0@gmail.com,TKT-001313,Late Delivery,3
user_95f35e8d@gmail.com,TKT-001314,Damaged Item,4
user_cde4da11@gmail.com,TKT-001315,Late Delivery,5
user_8a3265de@gmail.com,TKT-001316,Late Delivery,3
user_9f3de833@gmail.com,TKT-001317,Damaged Item,5
user_1ee6bd0a@gmail.com,TKT-001318,Damaged Item,3
user_7de1536d@gmail.com,TKT-001319,Late Delivery,1
user_671e410a@gmail.com,TKT-001320,Damaged Item,1
user_c5a2e92b@gmail.com,TKT-001321,Late Delivery,4
user_6f019b3a@gmail.com,TKT-001322,Late Delivery,4
user_3ea9b55e@gmail.com,TKT-001323,Late Delivery,5
user_aed1f846@gmail.com,TKT-001324,Damaged Item,5
user_30d4c5e2@gmail.com,TKT-001325,Late Delivery,3
user_e2226f48@gmail.com,TKT-001326,Damaged Item,2
user_64aa7e43@gmail.com,TKT-001327,Damaged Item,4
user_683ba252@gmail.com,TKT-001328,Late Delivery,3
user_a9e132df@gmail.com,TKT-001329,Damaged Item,5
user_736371da@gmail.com,TKT-001330,Late Delivery,4
user_2cbfa4c8@gmail.com,TKT-001331,Late Delivery,1
user_a7f271ab@gmail.com,TKT-001332,Late Delivery,5
user_48fb15c8@gmail.com,TKT-001333,Damaged Item,2
user_e6b42f13@gmail.com,TKT-001334,Late Delivery,2
user_37d6e143@gmail.com,TKT-001335,Damaged Item,5
user_289e1d1c@gmail.com,TKT-001336,Damaged Item,2
user_abd6c544@gmail.com,TKT-001337,Damaged Item,5
user_e79a0174@gmail.com,TKT-001338,Damaged Item,5
user_575b9446@gmail.com,TKT-001339,Damaged Item,3
user_8fea95cc@gmail.com,TKT-001340,Late Delivery,5
user_6b3e85b5@gmail.com,TKT-001341,Late Delivery,3
user_f96429b5@gmail.com,TKT-001342,Damaged Item,3
user_22a896a2@gmail.com,TKT-001343,Late Delivery,1
user_fdce9a28@gmail.com,TKT-001344,Damaged Item,2
user_192ba545@gmail.com,TKT-001345,Damaged Item,5
user_1dd809dc@gmail.com,TKT-001346,Late Delivery,5
user_56aa50d9@gmail.com,TKT-001347,Late Delivery,3
user_99a2e18b@gmail.com,TKT-001348,Late Delivery,1
user_fae87031@gmail.com,TKT-001349,Late Delivery,3
user_4bfaeedb@gmail.com,TKT-001350,Late Delivery,3
user_db1af3fd@gmail.com,TKT-001351,Late Delivery,3
user_c3fc29aa@gmail.com,TKT-001352,Damaged Item,3
user_18ad234f@gmail.com,TKT-001353,Damaged Item,2
user_b74deaa4@gmail.com,TKT-001354,Late Delivery,2
user_781af840@gmail.com,TKT-001355,Damaged Item,4
user_99c54f8e@gmail.com,TKT-001356,Damaged Item,4
user_89dd134d@gmail.com,TKT-001357,Damaged Item,5
user_12c61dcd@gmail.com,TKT-001358,Damaged Item,1
user_0c179665@gmail.com,TKT-001359,Damaged Item,5
user_790418b0@gmail.com,TKT-001360,Late Delivery,4
user_0aef1070@gmail.com,TKT-001361,Damaged Item,5
user_3d0d76f3@gmail.com,TKT-001362,Late Delivery,5
user_cb6dd31f@gmail.com,TKT-001363,Damaged Item,2
user_d861186a@gmail.com,TKT-001364,Late Delivery,3
user_1027050e@gmail.com,TKT-001365,Late Delivery,1
user_bfc71525@gmail.com,TKT-001366,Late Delivery,2
user_d1541e53@gmail.com,TKT-001367,Late Delivery,3
user_0d8b6f37@gmail.com,TKT-001368,Damaged Item,2
user_93a2e255@gmail.com,TKT-001369,Damaged Item,2
user_7a66c1d0@gmail.com,TKT-001370,Late Delivery,1
user_65410105@gmail.com,TKT-001371,Damaged Item,1
user_8afe6e31@gmail.com,TKT-001372,Late Delivery,4
user_55c41ec4@gmail.com,TKT-001373,Late Delivery,5
user_52d1ba60@gmail.com,TKT-001374,Late Delivery,4
user_77528332@gmail.com,TKT-001375,Late Delivery,4
user_14584c89@gmail.com,TKT-001376,Damaged Item,5
user_183098e8@gmail.com,TKT-001377,Damaged Item,2
user_3f92c696@gmail.com,TKT-001378,Damaged Item,3
user_5ad4267a@gmail.com,TKT-001379,Damaged Item,1
user_97a74865@gmail.com,TKT-001380,Damaged Item,3
user_d9f25fb4@gmail.com,TKT-001381,Late Delivery,3
user_1ae0620e@gmail.com,TKT-001382,Damaged Item,5
user_827fdd59@gmail.com,TKT-001383,Late Delivery,5
user_fa80c2b2@gmail.com,TKT-001384,Late Delivery,2
user_78d5f7c0@gmail.com,TKT-001385,Damaged Item,4
user_09cf7bb2@gmail.com,TKT-001386,Late Delivery,2
user_2a92af30@gmail.com,TKT-001387,Damaged Item,3
user_dd3f44ee@gmail.com,TKT-001388,Late Delivery,1
user_3316d7f0@gmail.com,TKT-001389,Late Delivery,4
user_f8da29c0@gmail.com,TKT-001390,Damaged Item,4
user_c1d17de7@gmail.com,TKT-001391,Damaged Item,1
user_323c4e9d@gmail.com,TKT-001392,Late Delivery,3
user_4d337c98@gmail.com,TKT-001393,Damaged Item,5
user_da322597@gmail.com,TKT-001394,Damaged Item,1
user_37743264@gmail.com,TKT-001395,Late Delivery,1
user_127b0b24@gmail.com,TKT-001396,Damaged Item,1
user_979fc586@gmail.com,TKT-001397,Damaged Item,1
user_2194fa2c@gmail.com,TKT-001398,Late Delivery,3
user_954b7bf3@gmail.com,TKT-001399,Late Delivery,2
user_b34584b6@gmail.com,TKT-001400,Damaged Item,3
user_9bb5ee90@gmail.com,TKT-001401,Damaged Item,1
user_0f65426a@gmail.com,TKT-001402,Damaged Item,4
user_1fee5a34@gmail.com,TKT-001403,Late Delivery,1
user_e319f50d@gmail.com,TKT-001404,Damaged Item,2
user_7462cb68@gmail.com,TKT-001405,Late Delivery,4
user_ce20ce7d@gmail.com,TKT-001406,Late Delivery,5
user_a49c25b3@gmail.com,TKT-001407,Damaged Item,5
user_079a55fe@gmail.com,TKT-001408,Late Delivery,2
user_64f66f9f@gmail.com,TKT-001409,Late Delivery,3
user_9ea77a6b@gmail.com,TKT-001410,Damaged Item,1
user_1ce5ea22@gmail.com,TKT-001411,Damaged Item,2
user_7a17664f@gmail.com,TKT-001412,Damaged Item,1
user_143d7ede@gmail.com,TKT-001413,Late Delivery,5
user_134966dc@gmail.com,TKT-001414,Damaged Item,5
user_5c335d5e@gmail.com,TKT-001415,Late Delivery,1
user_8b2b7333@gmail.com,TKT-001416,Late Delivery,2
user_44990c8e@gmail.com,TKT-001417,Late Delivery,4
user_17068729@gmail.com,TKT-001418,Late Delivery,5
user_b5d8ff82@gmail.com,TKT-001419,Late Delivery,5
user_13b7ead8@gmail.com,TKT-001420,Late Delivery,1
user_6533109c@gmail.com,TKT-001421,Late Delivery,2
user_7bfbf2e3@gmail.com,TKT-001422,Late Delivery,3
user_cdc15921@gmail.com,TKT-001423,Damaged Item,3
user_d54b9a83@gmail.com,TKT-001424,Damaged Item,2
user_c7e17ebd@gmail.com,TKT-001425,Late Delivery,5
user_e7bfc4a9@gmail.com,TKT-001426,Damaged Item,1
user_ed6d6b41@gmail.com,TKT-001427,Late Delivery,5
user_a4230fde@gmail.com,TKT-001428,Damaged Item,5
user_71f331d6@gmail.com,TKT-001429,Late Delivery,5
user_d954061a@gmail.com,TKT-001430,Damaged Item,1
user_3bff2624@gmail.com,TKT-001431,Damaged Item,2
user_9ce8c0e4@gmail.com,TKT-001432,Late Delivery,4
user_10bf8afd@gmail.com,TKT-001433,Late Delivery,2
user_d7ba5097@gmail.com,TKT-001434,Damaged Item,5
user_b2bb87eb@gmail.com,TKT-001435,Late Delivery,5
user_e59cd587@gmail.com,TKT-001436,Damaged Item,1
user_5cc13c3e@gmail.com,TKT-001437,Damaged Item,1
user_1b3b35ae@gmail.com,TKT-001438,Damaged Item,4
user_b491f301@gmail.com,TKT-001439,Late Delivery,3
user_cd062c38@gmail.com,TKT-001440,Damaged Item,1
user_f1d4d4fa@gmail.com,TKT-001441,Damaged Item,1
user_ff482283@gmail.com,TKT-001442,Late Delivery,5
user_dbca8ee6@gmail.com,TKT-001443,Damaged Item,5
user_be0e319f@gmail.com,TKT-001444,Late Delivery,2
user_4483e2d9@gmail.com,TKT-001445,Late Delivery,4
user_e396ecdd@gmail.com,TKT-001446,Late Delivery,2
user_d92c01e7@gmail.com,TKT-001447,Damaged Item,5
user_bb1dae75@gmail.com,TKT-001448,Late Delivery,1
user_f3eccc77@gmail.com,TKT-001449,Late Delivery,2
user_7f9a82af@gmail.com,TKT-001450,Damaged Item,1
user_54d97c70@gmail.com,TKT-001451,Late Delivery,1
user_9f6b3a62@gmail.com,TKT-001452,Late Delivery,1
user_c63a0a49@gmail.com,TKT-001453,Late Delivery,2
user_dffdd317@gmail.com,TKT-001454,Damaged Item,3
user_6798aed3@gmail.com,TKT-001455,Late Delivery,4
user_317bb13e@gmail.com,TKT-001456,Damaged Item,4
user_d927267e@gmail.com,TKT-001457,Damaged Item,5
user_22bffb1e@gmail.com,TKT-001458,Late Delivery,1
user_30f58a70@gmail.com,TKT-001459,Late Delivery,5
user_027c8551@gmail.com,TKT-001460,Late Delivery,5
user_79863910@gmail.com,TKT-001461,Late Delivery,3
user_c64d5429@gmail.com,TKT-001462,Damaged Item,1
user_c87027e0@gmail.com,TKT-001463,Damaged Item,4
user_a5a77a4b@gmail.com,TKT-001464,Damaged Item,5
user_e7a1475e@gmail.com,TKT-001465,Late Delivery,4
user_cf994f91@gmail.com,TKT-001466,Damaged Item,5
user_02a12dc2@gmail.com,TKT-001467,Damaged Item,5
user_1eff2e64@gmail.com,TKT-001468,Late Delivery,1
user_77a6c94c@gmail.com,TKT-001469,Late Delivery,1
user_3b8d4e34@gmail.com,TKT-001470,Damaged Item,3
user_d57588eb@gmail.com,TKT-001471,Damaged Item,3
user_6b15a528@gmail.com,TKT-001472,Damaged Item,3
user_72b5a3b7@gmail.com,TKT-001473,Late Delivery,5
user_e528ecbe@gmail.com,TKT-001474,Late Delivery,2
user_8dec6b22@gmail.com,TKT-001475,Late Delivery,4
user_af4b424f@gmail.com,TKT-001476,Damaged Item,4
user_b3522f97@gmail.com,TKT-001477,Late Delivery,4
user_aa0af855@gmail.com,TKT-001478,Damaged Item,1
user_807e95d1@gmail.com,TKT-001479,Late Delivery,4
user_25273a36@gmail.com,TKT-001480,Late Delivery,5
user_cc3e93d9@gmail.com,TKT-001481,Damaged Item,3
user_beceaa52@gmail.com,TKT-001482,Damaged Item,2
user_9197e6b3@gmail.com,TKT-001483,Damaged Item,3
user_4f23cc21@gmail.com,TKT-001484,Late Delivery,1
user_e88522b2@gmail.com,TKT-001485,Late Delivery,2
user_3f1577ae@gmail.com,TKT-001486,Damaged Item,4
user_c8bd8f1a@gmail.com,TKT-001487,Damaged Item,2
user_e3f3bd61@gmail.com,TKT-001488,Damaged Item,3
user_b439bf01@gmail.com,TKT-001489,Late Delivery,2
user_e502c11d@gmail.com,TKT-001490,Damaged Item,2
user_2bfa1c99@gmail.com,TKT-001491,Late Delivery,3
user_601b3156@gmail.com,TKT-001492,Late Delivery,1
user_eaacf8a3@gmail.com,TKT-001493,Damaged Item,5
user_a2bba886@gmail.com,TKT-001494,Late Delivery,1
user_b84bf561@gmail.com,TKT-001495,Damaged Item,3
user_55fb9192@gmail.com,TKT-001496,Damaged Item,5
user_0beec6de@gmail.com,TKT-001497,Late Delivery,1
user_f20ad838@gmail.com,TKT-001498,Late Delivery,3
user_c8494ca7@gmail.com,TKT-001499,Late Delivery,1
user_8751da86@gmail.com,TKT-001500,Damaged Item,2
user_0a7b2b70@gmail.com,TKT-001501,Damaged Item,4
user_fe0c8e3d@gmail.com,TKT-001502,Late Delivery,5
user_f236ed55@gmail.com,TKT-001503,Damaged Item,2
user_0e26195f@gmail.com,TKT-001504,Late Delivery,2
user_46b6a239@gmail.com,TKT-001505,Damaged Item,1
user_b6b375c8@gmail.com,TKT-001506,Late Delivery,3
user_7eafe828@gmail.com,TKT-001507,Damaged Item,5
user_be6142cc@gmail.com,TKT-001508,Damaged Item,4
user_df1602d3@gmail.com,TKT-001509,Damaged Item,1
user_bef61c4e@gmail.com,TKT-001510,Late Delivery,5
user_be036854@gmail.com,TKT-001511,Late Delivery,5
user_c7d92321@gmail.com,TKT-001512,Damaged Item,3
user_d5590a8a@gmail.com,TKT-001513,Late Delivery,2
user_c918518f@gmail.com,TKT-001514,Late Delivery,3
user_169aeb06@gmail.com,TKT-001515,Damaged Item,2
user_da135064@gmail.com,TKT-001516,Late Delivery,1
user_c107b308@gmail.com,TKT-001517,Late Delivery,5
user_092eb89a@gmail.com,TKT-001518,Damaged Item,3
user_503f8e01@gmail.com,TKT-001519,Late Delivery,1
user_07d72392@gmail.com,TKT-001520,Damaged Item,3
user_ee9fa38c@gmail.com,TKT-001521,Late Delivery,2
user_821033b0@gmail.com,TKT-001522,Late Delivery,2
user_d6e9aa3b@gmail.com,TKT-001523,Late Delivery,3
user_4cf99af4@gmail.com,TKT-001524,Late Delivery,3
user_b91f66c6@gmail.com,TKT-001525,Late Delivery,1
user_052ee9dc@gmail.com,TKT-001526,Late Delivery,4
user_11fcc2cf@gmail.com,TKT-001527,Late Delivery,3
user_d2425137@gmail.com,TKT-001528,Late Delivery,3
user_bd64e82a@gmail.com,TKT-001529,Late Delivery,3
user_c5f6047f@gmail.com,TKT-001530,Late Delivery,2
user_5c96a139@gmail.com,TKT-001531,Damaged Item,1
user_b226642d@gmail.com,TKT-001532,Damaged Item,3
user_4c9063f8@gmail.com,TKT-001533,Damaged Item,4
user_f14f9e42@gmail.com,TKT-001534,Damaged Item,5
user_8d07fe9b@gmail.com,TKT-001535,Late Delivery,3
user_48f6d1a3@gmail.com,TKT-001536,Damaged Item,4
user_1dac91aa@gmail.com,TKT-001537,Damaged Item,3
user_546cb072@gmail.com,TKT-001538,Late Delivery,2
user_a884d7f5@gmail.com,TKT-001539,Late Delivery,2
user_707a5179@gmail.com,TKT-001540,Damaged Item,4
user_1a3e064d@gmail.com,TKT-001541,Damaged Item,5
user_14e8fa3a@gmail.com,TKT-001542,Damaged Item,1
user_307a698d@gmail.com,TKT-001543,Damaged Item,4
user_353bc130@gmail.com,TKT-001544,Damaged Item,5
user_7cafce5e@gmail.com,TKT-001545,Late Delivery,3
user_fd2111f9@gmail.com,TKT-001546,Damaged Item,2
user_859f40a2@gmail.com,TKT-001547,Late Delivery,5
user_6d053f47@gmail.com,TKT-001548,Damaged Item,1
user_6d8496f4@gmail.com,TKT-001549,Late Delivery,3
user_80365151@gmail.com,TKT-001550,Damaged Item,2
user_d883ef4b@gmail.com,TKT-001551,Damaged Item,1
user_e0b4b1c9@gmail.com,TKT-001552,Damaged Item,4
user_976e8c9f@gmail.com,TKT-001553,Late Delivery,1
user_0a458d6e@gmail.com,TKT-001554,Late Delivery,3
user_d90e6763@gmail.com,TKT-001555,Damaged Item,3
user_4d9f7b64@gmail.com,TKT-001556,Damaged Item,5
user_d3e9dd73@gmail.com,TKT-001557,Damaged Item,4
user_c0bb3360@gmail.com,TKT-001558,Damaged Item,3
user_97d00709@gmail.com,TKT-001559,Late Delivery,4
user_4175b1ca@gmail.com,TKT-001560,Damaged Item,4
user_939282f1@gmail.com,TKT-001561,Damaged Item,2
user_d70adb67@gmail.com,TKT-001562,Late Delivery,3
user_2be9b321@gmail.com,TKT-001563,Damaged Item,5
user_a8740d74@gmail.com,TKT-001564,Damaged Item,2
user_4d657050@gmail.com,TKT-001565,Late Delivery,3
user_6bf5a8a1@gmail.com,TKT-001566,Late Delivery,3
user_0870b1f9@gmail.com,TKT-001567,Late Delivery,5
user_858002e3@gmail.com,TKT-001568,Damaged Item,4
user_1f158aae@gmail.com,TKT-001569,Late Delivery,5
user_99798150@gmail.com,TKT-001570,Damaged Item,1
user_c374dc8c@gmail.com,TKT-001571,Damaged Item,2
user_2c5bafa2@gmail.com,TKT-001572,Damaged Item,2
user_9698810f@gmail.com,TKT-001573,Late Delivery,5
user_843d97fc@gmail.com,TKT-001574,Damaged Item,4
user_7fb2a29f@gmail.com,TKT-001575,Late Delivery,1
user_6e10d657@gmail.com,TKT-001576,Late Delivery,1
user_a089667d@gmail.com,TKT-001577,Late Delivery,1
user_4c3c05dc@gmail.com,TKT-001578,Damaged Item,5
user_7ad35b51@gmail.com,TKT-001579,Late Delivery,5
user_75544ab3@gmail.com,TKT-001580,Damaged Item,1
user_031aa5ac@gmail.com,TKT-001581,Late Delivery,5
user_3084108a@gmail.com,TKT-001582,Late Delivery,2
user_50a0b564@gmail.com,TKT-001583,Late Delivery,4
user_80f1dc61@gmail.com,TKT-001584,Damaged Item,4
user_b865973e@gmail.com,TKT-001585,Late Delivery,3
user_98ce4933@gmail.com,TKT-001586,Late Delivery,1
user_07a72543@gmail.com,TKT-001587,Damaged Item,2
user_91458cdc@gmail.com,TKT-001588,Late Delivery,3
user_8a63b14d@gmail.com,TKT-001589,Damaged Item,2
user_3d433abe@gmail.com,TKT-001590,Late Delivery,1
user_0377f840@gmail.com,TKT-001591,Damaged Item,5
user_0d062c3c@gmail.com,TKT-001592,Damaged Item,5
user_ff8bfaa1@gmail.com,TKT-001593,Late Delivery,5
user_83204b63@gmail.com,TKT-001594,Late Delivery,3
user_eed928b8@gmail.com,TKT-001595,Damaged Item,5
user_ccd9c698@gmail.com,TKT-001596,Damaged Item,1
user_8ed5f159@gmail.com,TKT-001597,Damaged Item,3
user_4c75cb8f@gmail.com,TKT-001598,Damaged Item,3
user_33b48f61@gmail.com,TKT-001599,Late Delivery,1
user_10f04a31@gmail.com,TKT-001600,Damaged Item,1
user_752e9627@gmail.com,TKT-001601,Late Delivery,4
user_bf664c53@gmail.com,TKT-001602,Damaged Item,3
user_7b44e3a5@gmail.com,TKT-001603,Late Delivery,1
user_6ef8d291@gmail.com,TKT-001604,Damaged Item,5
user_f50c2f14@gmail.com,TKT-001605,Late Delivery,1
user_71b6cdf9@gmail.com,TKT-001606,Late Delivery,2
user_9339c5dc@gmail.com,TKT-001607,Late Delivery,1
user_703f95cf@gmail.com,TKT-001608,Damaged Item,2
user_e2db5ecd@gmail.com,TKT-001609,Damaged Item,1
user_6b0dd175@gmail.com,TKT-001610,Late Delivery,1
user_23ff316c@gmail.com,TKT-001611,Damaged Item,4
user_d1dae3a5@gmail.com,TKT-001612,Late Delivery,5
user_a1f3ef4d@gmail.com,TKT-001613,Late Delivery,1
user_d578639b@gmail.com,TKT-001614,Damaged Item,3
user_4fcf0056@gmail.com,TKT-001615,Damaged Item,3
user_f39b6257@gmail.com,TKT-001616,Late Delivery,4
user_145b3ba5@gmail.com,TKT-001617,Damaged Item,5
user_c76ec4b6@gmail.com,TKT-001618,Damaged Item,2
user_fc99653b@gmail.com,TKT-001619,Damaged Item,4
user_69ee2436@gmail.com,TKT-001620,Late Delivery,5
user_69a8ae4c@gmail.com,TKT-001621,Late Delivery,5
user_7adb6f04@gmail.com,TKT-001622,Damaged Item,1
user_2f6aa1c4@gmail.com,TKT-001623,Late Delivery,2
user_d3c9d60a@gmail.com,TKT-001624,Damaged Item,3
user_10c3c06a@gmail.com,TKT-001625,Damaged Item,1
user_5286875e@gmail.com,TKT-001626,Late Delivery,2
user_cf9f944b@gmail.com,TKT-001627,Damaged Item,1
user_d742e532@gmail.com,TKT-001628,Late Delivery,5
user_568bcc37@gmail.com,TKT-001629,Late Delivery,1
user_cdb30691@gmail.com,TKT-001630,Late Delivery,3
user_d37b5d5b@gmail.com,TKT-001631,Late Delivery,4
user_51290da0@gmail.com,TKT-001632,Damaged Item,1
user_875dad30@gmail.com,TKT-001633,Damaged Item,4
user_6eb83b3b@gmail.com,TKT-001634,Late Delivery,4
user_39e9cbba@gmail.com,TKT-001635,Damaged Item,2
user_9d776f2c@gmail.com,TKT-001636,Late Delivery,2
user_56a5ac6e@gmail.com,TKT-001637,Damaged Item,5
user_bbb44895@gmail.com,TKT-001638,Damaged Item,3
user_9a335725@gmail.com,TKT-001639,Late Delivery,3
user_7de1d5c4@gmail.com,TKT-001640,Late Delivery,5
user_dbe1af76@gmail.com,TKT-001641,Damaged Item,2
user_ffa8a7cd@gmail.com,TKT-001642,Damaged Item,5
user_3660e33b@gmail.com,TKT-001643,Late Delivery,4
user_a80b9343@gmail.com,TKT-001644,Late Delivery,2
user_0ecedf16@gmail.com,TKT-001645,Late Delivery,1
user_f9a70715@gmail.com,TKT-001646,Late Delivery,4
user_672452f6@gmail.com,TKT-001647,Late Delivery,4
user_92046e40@gmail.com,TKT-001648,Damaged Item,5
user_e85cead1@gmail.com,TKT-001649,Damaged Item,5
user_87df20b0@gmail.com,TKT-001650,Late Delivery,5
user_19a792d3@gmail.com,TKT-001651,Late Delivery,1
user_bbe6236e@gmail.com,TKT-001652,Damaged Item,4
user_78d72823@gmail.com,TKT-001653,Damaged Item,2
user_ed110097@gmail.com,TKT-001654,Damaged Item,2
user_224d529c@gmail.com,TKT-001655,Late Delivery,2
user_4e7bf563@gmail.com,TKT-001656,Damaged Item,1
user_804703c6@gmail.com,TKT-001657,Damaged Item,3
user_1c9beaea@gmail.com,TKT-001658,Damaged Item,3
user_c3a2c7ad@gmail.com,TKT-001659,Damaged Item,2
user_bbc7a8ec@gmail.com,TKT-001660,Late Delivery,3
user_9f4c68ce@gmail.com,TKT-001661,Damaged Item,2
user_ab652e67@gmail.com,TKT-001662,Late Delivery,4
user_4a5d1c79@gmail.com,TKT-001663,Late Delivery,2
user_34cd0f2f@gmail.com,TKT-001664,Late Delivery,1
user_d7aba360@gmail.com,TKT-001665,Damaged Item,4
user_cd2cc97e@gmail.com,TKT-001666,Late Delivery,3
user_958e62d5@gmail.com,TKT-001667,Late Delivery,3
user_16b0d8c9@gmail.com,TKT-001668,Damaged Item,5
user_881c338c@gmail.com,TKT-001669,Damaged Item,1
user_ac4aeb84@gmail.com,TKT-001670,Damaged Item,3
user_f63b0028@gmail.com,TKT-001671,Damaged Item,3
user_8e480454@gmail.com,TKT-001672,Late Delivery,1
user_a74e92bd@gmail.com,TKT-001673,Late Delivery,3
user_6cb48842@gmail.com,TKT-001674,Late Delivery,4
user_c1a4b53b@gmail.com,TKT-001675,Late Delivery,1
user_8cf72caf@gmail.com,TKT-001676,Late Delivery,5
user_0cfc95fb@gmail.com,TKT-001677,Late Delivery,3
user_210c301e@gmail.com,TKT-001678,Late Delivery,3
user_55259a97@gmail.com,TKT-001679,Late Delivery,3
user_398957fc@gmail.com,TKT-001680,Damaged Item,1
user_54532e3c@gmail.com,TKT-001681,Late Delivery,2
user_da6ad0a1@gmail.com,TKT-001682,Damaged Item,5
user_67d17914@gmail.com,TKT-001683,Damaged Item,4
user_44c3924e@gmail.com,TKT-001684,Late Delivery,3
user_364849e1@gmail.com,TKT-001685,Late Delivery,4
user_c357a4c1@gmail.com,TKT-001686,Damaged Item,1
user_cea2d2fe@gmail.com,TKT-001687,Damaged Item,4
user_d7c26282@gmail.com,TKT-001688,Late Delivery,1
user_d685b426@gmail.com,TKT-001689,Late Delivery,5
user_1fa31edb@gmail.com,TKT-001690,Damaged Item,3
user_c77e23ea@gmail.com,TKT-001691,Damaged Item,3
user_49716b39@gmail.com,TKT-001692,Late Delivery,1
user_965686df@gmail.com,TKT-001693,Damaged Item,2
user_7fbb6d8f@gmail.com,TKT-001694,Late Delivery,5
user_c5721e67@gmail.com,TKT-001695,Damaged Item,4
user_09ab36a4@gmail.com,TKT-001696,Late Delivery,4
user_7b9dca79@gmail.com,TKT-001697,Late Delivery,2
user_9401f50e@gmail.com,TKT-001698,Late Delivery,2
user_f19969d9@gmail.com,TKT-001699,Late Delivery,5
user_b8731e69@gmail.com,TKT-001700,Damaged Item,4
user_641364b9@gmail.com,TKT-001701,Late Delivery,1
user_c13a71d8@gmail.com,TKT-001702,Late Delivery,5
user_fb29bea9@gmail.com,TKT-001703,Late Delivery,4
user_fce2110c@gmail.com,TKT-001704,Damaged Item,2
user_eeb0ff5f@gmail.com,TKT-001705,Late Delivery,2
user_a09a9966@gmail.com,TKT-001706,Damaged Item,5
user_a660768f@gmail.com,TKT-001707,Damaged Item,5
user_25ee6483@gmail.com,TKT-001708,Damaged Item,5
user_c4c0011e@gmail.com,TKT-001709,Damaged Item,2
user_10ade705@gmail.com,TKT-001710,Late Delivery,2
user_981d4f1e@gmail.com,TKT-001711,Damaged Item,1
user_723951d8@gmail.com,TKT-001712,Late Delivery,2
user_4d44ad41@gmail.com,TKT-001713,Damaged Item,2
user_d66695d4@gmail.com,TKT-001714,Damaged Item,3
user_59d70280@gmail.com,TKT-001715,Late Delivery,2
user_afa7ea3f@gmail.com,TKT-001716,Late Delivery,2
user_1228e764@gmail.com,TKT-001717,Damaged Item,4
user_1181dc19@gmail.com,TKT-001718,Late Delivery,1
user_dd371877@gmail.com,TKT-001719,Damaged Item,2
user_e9d032a2@gmail.com,TKT-001720,Damaged Item,5
user_6d94066a@gmail.com,TKT-001721,Damaged Item,5
user_157bf39f@gmail.com,TKT-001722,Damaged Item,3
user_11e9c883@gmail.com,TKT-001723,Damaged Item,4
user_3fbba924@gmail.com,TKT-001724,Damaged Item,3
user_badfe870@gmail.com,TKT-001725,Damaged Item,5
user_6d237854@gmail.com,TKT-001726,Late Delivery,3
user_dd8e2c08@gmail.com,TKT-001727,Damaged Item,1
user_be09f327@gmail.com,TKT-001728,Late Delivery,2
user_9b657714@gmail.com,TKT-001729,Late Delivery,2
user_feb1f294@gmail.com,TKT-001730,Damaged Item,1
user_5ca3b8a5@gmail.com,TKT-001731,Late Delivery,3
user_eca47d88@gmail.com,TKT-001732,Damaged Item,5
user_7159bd2d@gmail.com,TKT-001733,Damaged Item,5
user_738c80de@gmail.com,TKT-001734,Damaged Item,5
user_aa6bace4@gmail.com,TKT-001735,Damaged Item,4
user_cce06cb2@gmail.com,TKT-001736,Damaged Item,5
user_874f2df1@gmail.com,TKT-001737,Late Delivery,2
user_c7a42286@gmail.com,TKT-001738,Late Delivery,1
user_1b86ac69@gmail.com,TKT-001739,Late Delivery,3
user_20026c06@gmail.com,TKT-001740,Late Delivery,4
user_a240b0df@gmail.com,TKT-001741,Late Delivery,2
user_95c0772e@gmail.com,TKT-001742,Late Delivery,2
user_8f4b51cb@gmail.com,TKT-001743,Late Delivery,5
user_c6603d9d@gmail.com,TKT-001744,Late Delivery,1
user_d349819e@gmail.com,TKT-001745,Damaged Item,5
user_8ef22961@gmail.com,TKT-001746,Late Delivery,1
user_6834d4cc@gmail.com,TKT-001747,Late Delivery,5
user_27131fc3@gmail.com,TKT-001748,Damaged Item,3
user_6e034099@gmail.com,TKT-001749,Late Delivery,5
user_f158b6b7@gmail.com,TKT-001750,Late Delivery,1
user_e2b3df8e@gmail.com,TKT-001751,Damaged Item,4
user_07f76565@gmail.com,TKT-001752,Late Delivery,1
user_c24418a7@gmail.com,TKT-001753,Damaged Item,2
user_d823792a@gmail.com,TKT-001754,Damaged Item,3
user_d00ba4e0@gmail.com,TKT-001755,Damaged Item,2
user_9a401204@gmail.com,TKT-001756,Damaged Item,2
user_117eca58@gmail.com,TKT-001757,Damaged Item,3
user_a0bf718d@gmail.com,TKT-001758,Damaged Item,3
user_5a49489e@gmail.com,TKT-001759,Damaged Item,5
user_9b4ac17a@gmail.com,TKT-001760,Late Delivery,3
user_7ce51d46@gmail.com,TKT-001761,Damaged Item,3
user_e0ed1de7@gmail.com,TKT-001762,Late Delivery,4
user_03faaecf@gmail.com,TKT-001763,Late Delivery,2
user_1d2aa136@gmail.com,TKT-001764,Damaged Item,1
user_f30aca5c@gmail.com,TKT-001765,Late Delivery,1
user_13734c56@gmail.com,TKT-001766,Damaged Item,3
user_8a7d35e7@gmail.com,TKT-001767,Late Delivery,3
user_e3660ce1@gmail.com,TKT-001768,Damaged Item,5
user_36d4ac72@gmail.com,TKT-001769,Late Delivery,2
user_79dbcd2f@gmail.com,TKT-001770,Late Delivery,1
user_a7d01770@gmail.com,TKT-001771,Damaged Item,1
user_df9bd60d@gmail.com,TKT-001772,Damaged Item,1
user_a4230fa9@gmail.com,TKT-001773,Late Delivery,4
user_a65b7ba0@gmail.com,TKT-001774,Late Delivery,5
user_f22ba444@gmail.com,TKT-001775,Late Delivery,5
user_35d6e6ac@gmail.com,TKT-001776,Late Delivery,1
user_15da27f9@gmail.com,TKT-001777,Damaged Item,1
user_063e563c@gmail.com,TKT-001778,Late Delivery,1
user_be67e001@gmail.com,TKT-001779,Late Delivery,3
user_490a34b9@gmail.com,TKT-001780,Late Delivery,4
user_12cc1671@gmail.com,TKT-001781,Damaged Item,3
user_3a4f5d79@gmail.com,TKT-001782,Damaged Item,5
user_90543c70@gmail.com,TKT-001783,Late Delivery,5
user_d32cba0e@gmail.com,TKT-001784,Damaged Item,4
user_de130424@gmail.com,TKT-001785,Damaged Item,5
user_7a2422ad@gmail.com,TKT-001786,Damaged Item,1
user_e6e19844@gmail.com,TKT-001787,Damaged Item,4
user_f6f38791@gmail.com,TKT-001788,Late Delivery,4
user_d98fadf5@gmail.com,TKT-001789,Damaged Item,5
user_543e5f38@gmail.com,TKT-001790,Damaged Item,3
user_79373f20@gmail.com,TKT-001791,Damaged Item,1
user_ab5bd4e8@gmail.com,TKT-001792,Damaged Item,1
user_7dd2b4b5@gmail.com,TKT-001793,Damaged Item,1
user_4ea54ed8@gmail.com,TKT-001794,Damaged Item,4
user_af97d4ce@gmail.com,TKT-001795,Damaged Item,5
user_d3d443cf@gmail.com,TKT-001796,Late Delivery,5
user_d93b1c3f@gmail.com,TKT-001797,Late Delivery,2
user_f2f7fbbc@gmail.com,TKT-001798,Late Delivery,5
user_d75fbaff@gmail.com,TKT-001799,Late Delivery,4
user_023609b6@gmail.com,TKT-001800,Damaged Item,5
user_5307b814@gmail.com,TKT-001801,Damaged Item,4
user_f55be2f0@gmail.com,TKT-001802,Damaged Item,2
user_47544ae3@gmail.com,TKT-001803,Late Delivery,2
user_d7bef5d7@gmail.com,TKT-001804,Damaged Item,2
user_82a21523@gmail.com,TKT-001805,Damaged Item,3
user_55efbf90@gmail.com,TKT-001806,Damaged Item,2
user_cebeecde@gmail.com,TKT-001807,Late Delivery,4
user_99d1662a@gmail.com,TKT-001808,Late Delivery,2
user_a46b5818@gmail.com,TKT-001809,Damaged Item,5
user_bfb00593@gmail.com,TKT-001810,Damaged Item,2
user_00b72937@gmail.com,TKT-001811,Damaged Item,2
user_48d53c27@gmail.com,TKT-001812,Damaged Item,3
user_a3b14b09@gmail.com,TKT-001813,Late Delivery,3
user_f279afba@gmail.com,TKT-001814,Late Delivery,4
user_fcb20d02@gmail.com,TKT-001815,Late Delivery,1
user_f2e8acb0@gmail.com,TKT-001816,Damaged Item,4
user_2e320286@gmail.com,TKT-001817,Late Delivery,3
user_c3c002bf@gmail.com,TKT-001818,Late Delivery,2
user_fd0edbfb@gmail.com,TKT-001819,Late Delivery,2
user_9bc26fe6@gmail.com,TKT-001820,Damaged Item,3
user_d5b6b0a6@gmail.com,TKT-001821,Late Delivery,3
user_40153423@gmail.com,TKT-001822,Late Delivery,3
user_62445ceb@gmail.com,TKT-001823,Damaged Item,5
user_44e2da01@gmail.com,TKT-001824,Late Delivery,2
user_62972384@gmail.com,TKT-001825,Damaged Item,3
user_60cd70ea@gmail.com,TKT-001826,Late Delivery,1
user_f47b6531@gmail.com,TKT-001827,Damaged Item,5
user_b85081fd@gmail.com,TKT-001828,Late Delivery,3
user_7d8a9ef4@gmail.com,TKT-001829,Late Delivery,4
user_cc073557@gmail.com,TKT-001830,Late Delivery,5
user_4de76d63@gmail.com,TKT-001831,Late Delivery,3
user_6b6da9fd@gmail.com,TKT-001832,Late Delivery,4
user_368b5a65@gmail.com,TKT-001833,Damaged Item,3
user_ea3816cb@gmail.com,TKT-001834,Late Delivery,2
user_34f4f63a@gmail.com,TKT-001835,Late Delivery,2
user_3d1ceb24@gmail.com,TKT-001836,Late Delivery,5
user_5035394f@gmail.com,TKT-001837,Damaged Item,2
user_bcfc9032@gmail.com,TKT-001838,Late Delivery,5
user_aa575dc3@gmail.com,TKT-001839,Late Delivery,3
user_422cb1ad@gmail.com,TKT-001840,Damaged Item,3
user_3e3048f4@gmail.com,TKT-001841,Damaged Item,1
user_d6fe421f@gmail.com,TKT-001842,Late Delivery,4
user_e8198977@gmail.com,TKT-001843,Late Delivery,5
user_66e37a3a@gmail.com,TKT-001844,Damaged Item,5
user_9e27b4bc@gmail.com,TKT-001845,Late Delivery,4
user_43c91b8a@gmail.com,TKT-001846,Late Delivery,1
user_570d281e@gmail.com,TKT-001847,Damaged Item,3
user_2cc893f1@gmail.com,TKT-001848,Late Delivery,3
user_50bad3c6@gmail.com,TKT-001849,Late Delivery,2
user_6d933249@gmail.com,TKT-001850,Late Delivery,2
user_4018d00e@gmail.com,TKT-001851,Damaged Item,1
user_2592e7fa@gmail.com,TKT-001852,Damaged Item,2
user_efa0f039@gmail.com,TKT-001853,Damaged Item,2
user_08f4102d@gmail.com,TKT-001854,Late Delivery,3
user_60e8ad66@gmail.com,TKT-001855,Damaged Item,1
user_06fc7aa9@gmail.com,TKT-001856,Damaged Item,1
user_8437a9f9@gmail.com,TKT-001857,Damaged Item,1
user_2fd6a08f@gmail.com,TKT-001858,Damaged Item,4
user_0974adf9@gmail.com,TKT-001859,Late Delivery,4
user_d870a068@gmail.com,TKT-001860,Damaged Item,1
user_4e3d7334@gmail.com,TKT-001861,Late Delivery,3
user_1fc85207@gmail.com,TKT-001862,Damaged Item,3
user_fd9d39fa@gmail.com,TKT-001863,Late Delivery,4
user_b716223c@gmail.com,TKT-001864,Late Delivery,4
user_df8f9ee9@gmail.com,TKT-001865,Damaged Item,2
user_1a786635@gmail.com,TKT-001866,Late Delivery,5
user_390abc8b@gmail.com,TKT-001867,Damaged Item,5
user_894701e0@gmail.com,TKT-001868,Late Delivery,1
user_68bcb3a2@gmail.com,TKT-001869,Late Delivery,4
user_10e640a7@gmail.com,TKT-001870,Damaged Item,1
user_bc293abd@gmail.com,TKT-001871,Late Delivery,5
user_afda9c66@gmail.com,TKT-001872,Damaged Item,1
user_74f65396@gmail.com,TKT-001873,Late Delivery,2
user_766b303e@gmail.com,TKT-001874,Late Delivery,1
user_1ad91f22@gmail.com,TKT-001875,Late Delivery,2
user_53af1cb6@gmail.com,TKT-001876,Damaged Item,3
user_8361f199@gmail.com,TKT-001877,Damaged Item,2
user_de556953@gmail.com,TKT-001878,Late Delivery,1
user_ea9f260c@gmail.com,TKT-001879,Damaged Item,5
user_80194975@gmail.com,TKT-001880,Damaged Item,4
user_85866cae@gmail.com,TKT-001881,Late Delivery,2
user_b6409a3e@gmail.com,TKT-001882,Damaged Item,2
user_3bdefe26@gmail.com,TKT-001883,Damaged Item,1
user_150127cf@gmail.com,TKT-001884,Late Delivery,5
user_09f13869@gmail.com,TKT-001885,Damaged Item,3
user_c52a6015@gmail.com,TKT-001886,Late Delivery,2
user_77ff4cbe@gmail.com,TKT-001887,Damaged Item,2
user_d94e4773@gmail.com,TKT-001888,Damaged Item,4
user_90219f44@gmail.com,TKT-001889,Damaged Item,2
user_be32ec8f@gmail.com,TKT-001890,Late Delivery,2
user_875b5ac6@gmail.com,TKT-001891,Damaged Item,2
user_ae46042d@gmail.com,TKT-001892,Damaged Item,1
user_214fec67@gmail.com,TKT-001893,Late Delivery,5
user_f55f92b2@gmail.com,TKT-001894,Late Delivery,5
user_5f9a19ae@gmail.com,TKT-001895,Damaged Item,2
user_c4c43271@gmail.com,TKT-001896,Late Delivery,3
user_348d75c5@gmail.com,TKT-001897,Late Delivery,2
user_4322436f@gmail.com,TKT-001898,Late Delivery,1
user_4b318eb7@gmail.com,TKT-001899,Late Delivery,3
user_26f73dc5@gmail.com,TKT-001900,Damaged Item,5
user_196e7fb6@gmail.com,TKT-001901,Late Delivery,4
user_b10fc6be@gmail.com,TKT-001902,Damaged Item,5
user_3e106ca9@gmail.com,TKT-001903,Late Delivery,1
user_e9d17a5d@gmail.com,TKT-001904,Damaged Item,5
user_8028fbab@gmail.com,TKT-001905,Late Delivery,3
user_28f8f22d@gmail.com,TKT-001906,Damaged Item,3
user_de25b230@gmail.com,TKT-001907,Late Delivery,2
user_72376030@gmail.com,TKT-001908,Late Delivery,3
user_31d9c52f@gmail.com,TKT-001909,Late Delivery,5
user_8ef0b77c@gmail.com,TKT-001910,Late Delivery,5
user_ea478ce8@gmail.com,TKT-001911,Late Delivery,2
user_703de777@gmail.com,TKT-001912,Late Delivery,3
user_009210a1@gmail.com,TKT-001913,Late Delivery,3
user_b0d20057@gmail.com,TKT-001914,Damaged Item,1
user_46c8be21@gmail.com,TKT-001915,Late Delivery,2
user_6f657798@gmail.com,TKT-001916,Late Delivery,3
user_846ea4d5@gmail.com,TKT-001917,Late Delivery,4
user_425c559c@gmail.com,TKT-001918,Damaged Item,1
user_fcddf70e@gmail.com,TKT-001919,Damaged Item,2
user_5b1c6708@gmail.com,TKT-001920,Damaged Item,4
user_3f4ae4e7@gmail.com,TKT-001921,Late Delivery,2
user_ec21f8dc@gmail.com,TKT-001922,Damaged Item,2
user_32fbaed1@gmail.com,TKT-001923,Damaged Item,5
user_d18b0627@gmail.com,TKT-001924,Damaged Item,3
user_1e697187@gmail.com,TKT-001925,Late Delivery,2
user_bdf7458b@gmail.com,TKT-001926,Damaged Item,4
user_ae0fa415@gmail.com,TKT-001927,Damaged Item,1
user_72421236@gmail.com,TKT-001928,Late Delivery,1
user_4755e6cf@gmail.com,TKT-001929,Late Delivery,1
user_3f51fe71@gmail.com,TKT-001930,Damaged Item,4
user_acc52b42@gmail.com,TKT-001931,Late Delivery,1
user_057dbb60@gmail.com,TKT-001932,Late Delivery,1
user_69aedec7@gmail.com,TKT-001933,Damaged Item,4
user_0ffaf981@gmail.com,TKT-001934,Damaged Item,2
user_52541f27@gmail.com,TKT-001935,Late Delivery,4
user_0d01df34@gmail.com,TKT-001936,Damaged Item,5
user_96a65ea6@gmail.com,TKT-001937,Damaged Item,2
user_0bc62798@gmail.com,TKT-001938,Damaged Item,4
user_39c67048@gmail.com,TKT-001939,Damaged Item,3
user_41e3c682@gmail.com,TKT-001940,Late Delivery,3
user_9decc50d@gmail.com,TKT-001941,Damaged Item,5
user_be825ddd@gmail.com,TKT-001942,Damaged Item,4
user_614a4f18@gmail.com,TKT-001943,Damaged Item,3
user_6624e5fe@gmail.com,TKT-001944,Late Delivery,4
user_e2a1de37@gmail.com,TKT-001945,Late Delivery,3
user_3f94c1f7@gmail.com,TKT-001946,Damaged Item,5
user_790cc141@gmail.com,TKT-001947,Late Delivery,3
user_6a07a082@gmail.com,TKT-001948,Damaged Item,2
user_c89baff4@gmail.com,TKT-001949,Damaged Item,4
user_2357ee56@gmail.com,TKT-001950,Damaged Item,3
user_c3952982@gmail.com,TKT-001951,Late Delivery,4
user_d67c047a@gmail.com,TKT-001952,Damaged Item,3
user_3b9072e9@gmail.com,TKT-001953,Damaged Item,5
user_5cb8c999@gmail.com,TKT-001954,Damaged Item,5
user_ef026b18@gmail.com,TKT-001955,Damaged Item,4
user_5b5a47e4@gmail.com,TKT-001956,Damaged Item,5
user_7ea721e8@gmail.com,TKT-001957,Damaged Item,1
user_d843baaa@gmail.com,TKT-001958,Damaged Item,3
user_3dadc710@gmail.com,TKT-001959,Late Delivery,1
user_7c588c09@gmail.com,TKT-001960,Late Delivery,3
user_afc8ac97@gmail.com,TKT-001961,Late Delivery,4
user_02726fb0@gmail.com,TKT-001962,Damaged Item,5
user_c9613f76@gmail.com,TKT-001963,Damaged Item,2
user_831225a0@gmail.com,TKT-001964,Damaged Item,5
user_bea9f044@gmail.com,TKT-001965,Damaged Item,1
user_6239031a@gmail.com,TKT-001966,Late Delivery,1
user_629dde99@gmail.com,TKT-001967,Late Delivery,3
user_b3016a93@gmail.com,TKT-001968,Late Delivery,1
user_d5372a36@gmail.com,TKT-001969,Damaged Item,5
user_54f33113@gmail.com,TKT-001970,Late Delivery,2
user_5cd1fbbd@gmail.com,TKT-001971,Damaged Item,1
user_274dacbe@gmail.com,TKT-001972,Damaged Item,5
user_79f7829d@gmail.com,TKT-001973,Late Delivery,3
user_05deb075@gmail.com,TKT-001974,Damaged Item,4
user_f809cd93@gmail.com,TKT-001975,Damaged Item,4
user_0be13c03@gmail.com,TKT-001976,Late Delivery,4
user_e5251b63@gmail.com,TKT-001977,Damaged Item,1
user_a78b84f5@gmail.com,TKT-001978,Damaged Item,3
user_1c662306@gmail.com,TKT-001979,Damaged Item,2
user_e0922a5c@gmail.com,TKT-001980,Damaged Item,2
user_22c73951@gmail.com,TKT-001981,Late Delivery,4
user_4c41f41b@gmail.com,TKT-001982,Damaged Item,4
user_aa364668@gmail.com,TKT-001983,Late Delivery,5
user_6a7aa34b@gmail.com,TKT-001984,Late Delivery,4
user_84dc3f6d@gmail.com,TKT-001985,Damaged Item,3
user_de606467@gmail.com,TKT-001986,Late Delivery,2
user_fd49190c@gmail.com,TKT-001987,Damaged Item,3
user_8479be85@gmail.com,TKT-001988,Late Delivery,2
user_922ab568@gmail.com,TKT-001989,Late Delivery,2
user_b6537792@gmail.com,TKT-001990,Damaged Item,2
user_c0e225d0@gmail.com,TKT-001991,Late Delivery,4
user_4046cc9e@gmail.com,TKT-001992,Damaged Item,2
user_e1607ab0@gmail.com,TKT-001993,Late Delivery,4
user_2bcb6520@gmail.com,TKT-001994,Damaged Item,2
user_ff529b44@gmail.com,TKT-001995,Late Delivery,3
user_f8ac2f22@gmail.com,TKT-001996,Damaged Item,4
user_55082cbd@gmail.com,TKT-001997,Late Delivery,5
user_a1b1ba35@gmail.com,TKT-001998,Damaged Item,4
user_9b6cc489@gmail.com,TKT-001999,Late Delivery,3
user_ab651f1d@gmail.com,TKT-002000,Late Delivery,1
user_6043f260@gmail.com,TKT-002001,Late Delivery,1
user_a30df00a@gmail.com,TKT-002002,Late Delivery,2
user_80275de5@gmail.com,TKT-002003,Late Delivery,4
user_4841fb70@gmail.com,TKT-002004,Late Delivery,4
user_ff580ab4@gmail.com,TKT-002005,Damaged Item,3
user_5a922e13@gmail.com,TKT-002006,Late Delivery,4
user_66c1986a@gmail.com,TKT-002007,Late Delivery,3
user_3bb3aced@gmail.com,TKT-002008,Late Delivery,3
user_343fc5ba@gmail.com,TKT-002009,Damaged Item,1
user_54273aee@gmail.com,TKT-002010,Late Delivery,5
user_04ed3786@gmail.com,TKT-002011,Damaged Item,5
user_e0a1a93a@gmail.com,TKT-002012,Late Delivery,5
user_3295c454@gmail.com,TKT-002013,Damaged Item,1
user_8edc5b7e@gmail.com,TKT-002014,Late Delivery,2
user_f21b2051@gmail.com,TKT-002015,Damaged Item,4
user_09fcc57e@gmail.com,TKT-002016,Damaged Item,3
user_3ed766ba@gmail.com,TKT-002017,Late Delivery,5
user_5c694a38@gmail.com,TKT-002018,Late Delivery,4
user_23ab46f3@gmail.com,TKT-002019,Late Delivery,1
user_11306fd9@gmail.com,TKT-002020,Late Delivery,2
user_d76b7376@gmail.com,TKT-002021,Late Delivery,4
user_46a0e6bb@gmail.com,TKT-002022,Damaged Item,3
user_d35126a4@gmail.com,TKT-002023,Late Delivery,3
user_41b29b71@gmail.com,TKT-002024,Damaged Item,2
user_28f469dc@gmail.com,TKT-002025,Late Delivery,4
user_c9b2c8ff@gmail.com,TKT-002026,Late Delivery,2
user_9ae392bc@gmail.com,TKT-002027,Late Delivery,2
user_acd81de6@gmail.com,TKT-002028,Damaged Item,2
user_a90cee8e@gmail.com,TKT-002029,Late Delivery,1
user_8aaeb37b@gmail.com,TKT-002030,Damaged Item,5
user_34e39382@gmail.com,TKT-002031,Damaged Item,5
user_75531581@gmail.com,TKT-002032,Damaged Item,4
user_aca735ef@gmail.com,TKT-002033,Damaged Item,2
user_509de51c@gmail.com,TKT-002034,Damaged Item,5
user_cd44ea2f@gmail.com,TKT-002035,Damaged Item,4
user_ceceb4e4@gmail.com,TKT-002036,Late Delivery,4
user_d5ea50c9@gmail.com,TKT-002037,Damaged Item,1
user_2bfd646c@gmail.com,TKT-002038,Late Delivery,5
user_6b6cbf31@gmail.com,TKT-002039,Late Delivery,2
user_e8c5dfe9@gmail.com,TKT-002040,Late Delivery,3
user_3e12161c@gmail.com,TKT-002041,Late Delivery,3
user_2d0aa390@gmail.com,TKT-002042,Late Delivery,4
user_8476f205@gmail.com,TKT-002043,Late Delivery,5
user_eb294daf@gmail.com,TKT-002044,Damaged Item,3
user_c9e92e65@gmail.com,TKT-002045,Late Delivery,3
user_892323d5@gmail.com,TKT-002046,Damaged Item,5
user_55d10eb6@gmail.com,TKT-002047,Damaged Item,1
user_32192d24@gmail.com,TKT-002048,Late Delivery,5
user_5178f672@gmail.com,TKT-002049,Damaged Item,3
user_177c2c5c@gmail.com,TKT-002050,Damaged Item,1
user_35694662@gmail.com,TKT-002051,Late Delivery,4
user_54f9ecae@gmail.com,TKT-002052,Late Delivery,2
user_e106b0bf@gmail.com,TKT-002053,Late Delivery,3
user_1d6c3bbc@gmail.com,TKT-002054,Damaged Item,5
user_215ddde7@gmail.com,TKT-002055,Damaged Item,4
user_0850e3aa@gmail.com,TKT-002056,Damaged Item,3
user_cb9f1b47@gmail.com,TKT-002057,Late Delivery,2
user_2bd632b6@gmail.com,TKT-002058,Late Delivery,1
user_af70fa34@gmail.com,TKT-002059,Damaged Item,2
user_763c66ad@gmail.com,TKT-002060,Damaged Item,3
user_6341a01f@gmail.com,TKT-002061,Damaged Item,3
user_ddd6f16f@gmail.com,TKT-002062,Late Delivery,5
user_80b6a368@gmail.com,TKT-002063,Damaged Item,5
user_077044b4@gmail.com,TKT-002064,Late Delivery,3
user_3071c34c@gmail.com,TKT-002065,Damaged Item,1
user_638fec0e@gmail.com,TKT-002066,Damaged Item,2
user_0b7fea4f@gmail.com,TKT-002067,Late Delivery,1
user_e7ca2e3d@gmail.com,TKT-002068,Late Delivery,3
user_58940d79@gmail.com,TKT-002069,Late Delivery,1
user_17999c37@gmail.com,TKT-002070,Late Delivery,4
user_e257df1b@gmail.com,TKT-002071,Late Delivery,1
user_b45f59c5@gmail.com,TKT-002072,Late Delivery,4
user_40b76674@gmail.com,TKT-002073,Damaged Item,2
user_c041db6e@gmail.com,TKT-002074,Late Delivery,4
user_a8f43239@gmail.com,TKT-002075,Damaged Item,4
user_d2156549@gmail.com,TKT-002076,Late Delivery,3
user_0d6c318e@gmail.com,TKT-002077,Damaged Item,2
user_b21d84ee@gmail.com,TKT-002078,Damaged Item,4
user_42dd3698@gmail.com,TKT-002079,Late Delivery,5
user_699d8941@gmail.com,TKT-002080,Damaged Item,1
user_a0099ae4@gmail.com,TKT-002081,Late Delivery,5
user_d6df1c8c@gmail.com,TKT-002082,Late Delivery,4
user_7d32be62@gmail.com,TKT-002083,Damaged Item,1
user_a47c4c6a@gmail.com,TKT-002084,Late Delivery,4
user_66b61fb9@gmail.com,TKT-002085,Damaged Item,4
user_a0d70497@gmail.com,TKT-002086,Damaged Item,1
user_f9b89cfe@gmail.com,TKT-002087,Late Delivery,4
user_1b86bd50@gmail.com,TKT-002088,Late Delivery,3
user_543256e5@gmail.com,TKT-002089,Damaged Item,5
user_e283ddc5@gmail.com,TKT-002090,Damaged Item,4
user_cc87fabf@gmail.com,TKT-002091,Late Delivery,2
user_e34c56da@gmail.com,TKT-002092,Late Delivery,1
user_df592142@gmail.com,TKT-002093,Damaged Item,2
user_f754725d@gmail.com,TKT-002094,Damaged Item,5
user_43103ed3@gmail.com,TKT-002095,Damaged Item,5
user_0470b939@gmail.com,TKT-002096,Damaged Item,2
user_e33dd554@gmail.com,TKT-002097,Late Delivery,2
user_91fb82fe@gmail.com,TKT-002098,Damaged Item,4
user_69b7eeb8@gmail.com,TKT-002099,Damaged Item,5
user_f421d429@gmail.com,TKT-002100,Late Delivery,1
user_a1bf02af@gmail.com,TKT-002101,Late Delivery,4
user_86bd509d@gmail.com,TKT-002102,Late Delivery,3
user_34c86ba7@gmail.com,TKT-002103,Damaged Item,4
user_bee833fa@gmail.com,TKT-002104,Late Delivery,2
user_00b1b0f8@gmail.com,TKT-002105,Late Delivery,3
user_02d53978@gmail.com,TKT-002106,Late Delivery,5
user_7b2c49e6@gmail.com,TKT-002107,Late Delivery,1
user_aecdd079@gmail.com,TKT-002108,Damaged Item,1
user_2cbdd1cb@gmail.com,TKT-002109,Damaged Item,3
user_116fb705@gmail.com,TKT-002110,Damaged Item,1
user_2b4ac153@gmail.com,TKT-002111,Late Delivery,3
user_98fac811@gmail.com,TKT-002112,Late Delivery,2
user_0256a460@gmail.com,TKT-002113,Damaged Item,3
user_476067c2@gmail.com,TKT-002114,Late Delivery,5
user_5267121e@gmail.com,TKT-002115,Damaged Item,1
user_ae2a13be@gmail.com,TKT-002116,Late Delivery,1
user_300b06d3@gmail.com,TKT-002117,Damaged Item,1
user_19152591@gmail.com,TKT-002118,Damaged Item,2
user_bb1770ae@gmail.com,TKT-002119,Late Delivery,3
user_6b05110c@gmail.com,TKT-002120,Damaged Item,3
user_52ca2c3e@gmail.com,TKT-002121,Late Delivery,1
user_9709ca70@gmail.com,TKT-002122,Damaged Item,2
user_04fd5a9e@gmail.com,TKT-002123,Damaged Item,3
user_f00c9926@gmail.com,TKT-002124,Late Delivery,3
user_b47715fa@gmail.com,TKT-002125,Damaged Item,5
user_38828249@gmail.com,TKT-002126,Damaged Item,3
user_965a6ce5@gmail.com,TKT-002127,Late Delivery,2
user_1a1ca023@gmail.com,TKT-002128,Damaged Item,2
user_cf8fa755@gmail.com,TKT-002129,Damaged Item,2
user_cbfda889@gmail.com,TKT-002130,Damaged Item,4
user_13e7cdc7@gmail.com,TKT-002131,Late Delivery,1
user_69363423@gmail.com,TKT-002132,Late Delivery,1
user_985f1ef1@gmail.com,TKT-002133,Damaged Item,4
user_bf06784d@gmail.com,TKT-002134,Damaged Item,4
user_4283cbb4@gmail.com,TKT-002135,Damaged Item,2
user_78619698@gmail.com,TKT-002136,Damaged Item,5
user_d96c70c5@gmail.com,TKT-002137,Damaged Item,5
user_bab0a430@gmail.com,TKT-002138,Late Delivery,4
user_805f3b42@gmail.com,TKT-002139,Damaged Item,3
user_3d62cb4e@gmail.com,TKT-002140,Late Delivery,1
user_879f4eb9@gmail.com,TKT-002141,Late Delivery,3
user_34728d8e@gmail.com,TKT-002142,Damaged Item,2
user_1822072d@gmail.com,TKT-002143,Late Delivery,1
user_26cce719@gmail.com,TKT-002144,Late Delivery,4
user_80842b39@gmail.com,TKT-002145,Late Delivery,5
user_dcee7a3b@gmail.com,TKT-002146,Late Delivery,2
user_97de814c@gmail.com,TKT-002147,Damaged Item,3
user_118e3b2d@gmail.com,TKT-002148,Late Delivery,1
user_8b36e776@gmail.com,TKT-002149,Late Delivery,3
user_c8a9a5a7@gmail.com,TKT-002150,Late Delivery,3
user_b19394c1@gmail.com,TKT-002151,Damaged Item,5
user_64e037f5@gmail.com,TKT-002152,Damaged Item,2
user_89fc67ca@gmail.com,TKT-002153,Late Delivery,3
user_325d1377@gmail.com,TKT-002154,Late Delivery,2
user_b2651769@gmail.com,TKT-002155,Late Delivery,4
user_85419cb1@gmail.com,TKT-002156,Late Delivery,5
user_285e9218@gmail.com,TKT-002157,Late Delivery,4
user_a5f8c9dc@gmail.com,TKT-002158,Late Delivery,3
user_a0a42c45@gmail.com,TKT-002159,Late Delivery,4
user_b0abab61@gmail.com,TKT-002160,Damaged Item,5
user_89fc1eef@gmail.com,TKT-002161,Damaged Item,1
user_b4acaca5@gmail.com,TKT-002162,Damaged Item,4
user_fcceb564@gmail.com,TKT-002163,Damaged Item,2
user_29c50454@gmail.com,TKT-002164,Late Delivery,2
user_da802552@gmail.com,TKT-002165,Damaged Item,5
user_7e570644@gmail.com,TKT-002166,Late Delivery,3
user_7bacced4@gmail.com,TKT-002167,Late Delivery,4
user_5b793122@gmail.com,TKT-002168,Late Delivery,2
user_801c34a3@gmail.com,TKT-002169,Damaged Item,2
user_246faaaf@gmail.com,TKT-002170,Damaged Item,4
user_29672080@gmail.com,TKT-002171,Late Delivery,5
user_299b2d1b@gmail.com,TKT-002172,Damaged Item,2
user_6bf1dca4@gmail.com,TKT-002173,Damaged Item,1
user_03bd54f7@gmail.com,TKT-002174,Damaged Item,2
user_7c59f9d0@gmail.com,TKT-002175,Damaged Item,2
user_3eed0a54@gmail.com,TKT-002176,Damaged Item,2
user_58c201a8@gmail.com,TKT-002177,Damaged Item,2
user_22512529@gmail.com,TKT-002178,Late Delivery,5
user_77d4f556@gmail.com,TKT-002179,Damaged Item,1
user_542dfd1b@gmail.com,TKT-002180,Damaged Item,5
user_b69f1882@gmail.com,TKT-002181,Damaged Item,5
user_0da9fe11@gmail.com,TKT-002182,Late Delivery,1
user_c6af1315@gmail.com,TKT-002183,Damaged Item,5
user_76e450ad@gmail.com,TKT-002184,Damaged Item,1
user_f80242bd@gmail.com,TKT-002185,Late Delivery,3
user_997ae695@gmail.com,TKT-002186,Damaged Item,4
user_bac3fb91@gmail.com,TKT-002187,Damaged Item,4
user_d8e99fb3@gmail.com,TKT-002188,Late Delivery,5
user_ac38c74a@gmail.com,TKT-002189,Late Delivery,1
user_0e896d98@gmail.com,TKT-002190,Late Delivery,5
user_e5345469@gmail.com,TKT-002191,Damaged Item,2
user_c6f71796@gmail.com,TKT-002192,Damaged Item,3
user_4173e22f@gmail.com,TKT-002193,Late Delivery,1
user_0f31ef63@gmail.com,TKT-002194,Damaged Item,3
user_c8d988a1@gmail.com,TKT-002195,Late Delivery,3
user_70dec58f@gmail.com,TKT-002196,Damaged Item,1
user_41a5c775@gmail.com,TKT-002197,Damaged Item,3
user_564f89ca@gmail.com,TKT-002198,Late Delivery,5
user_f62da42a@gmail.com,TKT-002199,Damaged Item,3
user_82d33d3f@gmail.com,TKT-002200,Damaged Item,3
user_2f592f23@gmail.com,TKT-002201,Late Delivery,2
user_986a1b43@gmail.com,TKT-002202,Late Delivery,1
user_1483a222@gmail.com,TKT-002203,Damaged Item,2
user_9f3055c8@gmail.com,TKT-002204,Damaged Item,5
user_164fce8a@gmail.com,TKT-002205,Late Delivery,4
user_c0a1c99e@gmail.com,TKT-002206,Late Delivery,3
user_63ded44f@gmail.com,TKT-002207,Damaged Item,2
user_695fe92f@gmail.com,TKT-002208,Late Delivery,2
user_6480f5c5@gmail.com,TKT-002209,Damaged Item,2
user_86b3cb8f@gmail.com,TKT-002210,Damaged Item,5
user_90e4e338@gmail.com,TKT-002211,Damaged Item,4
user_12cc9a54@gmail.com,TKT-002212,Damaged Item,1
user_aaef8b9e@gmail.com,TKT-002213,Late Delivery,2
user_1842d12f@gmail.com,TKT-002214,Late Delivery,3
user_e065bb65@gmail.com,TKT-002215,Damaged Item,2
user_3348d72e@gmail.com,TKT-002216,Damaged Item,2
user_f562c262@gmail.com,TKT-002217,Damaged Item,2
user_db575460@gmail.com,TKT-002218,Damaged Item,3
user_a48f0610@gmail.com,TKT-002219,Damaged Item,3
user_a8b3f862@gmail.com,TKT-002220,Damaged Item,1
user_d9633788@gmail.com,TKT-002221,Damaged Item,1
user_340c5fef@gmail.com,TKT-002222,Damaged Item,1
user_dab16a0c@gmail.com,TKT-002223,Damaged Item,4
user_b305ead9@gmail.com,TKT-002224,Late Delivery,5
user_77bd3518@gmail.com,TKT-002225,Late Delivery,3
user_48dd0ad9@gmail.com,TKT-002226,Late Delivery,3
user_f74edbb7@gmail.com,TKT-002227,Damaged Item,2
user_127f86cf@gmail.com,TKT-002228,Damaged Item,2
user_912b9a2d@gmail.com,TKT-002229,Damaged Item,4
user_ab67ca10@gmail.com,TKT-002230,Damaged Item,5
user_2ba89e7e@gmail.com,TKT-002231,Late Delivery,1
user_cd3be5ca@gmail.com,TKT-002232,Late Delivery,5
user_2678e1c5@gmail.com,TKT-002233,Late Delivery,1
user_256f0918@gmail.com,TKT-002234,Late Delivery,2
user_0b8f24b5@gmail.com,TKT-002235,Late Delivery,2
user_b64f854c@gmail.com,TKT-002236,Late Delivery,2
user_07beefe7@gmail.com,TKT-002237,Damaged Item,4
user_5a195ca9@gmail.com,TKT-002238,Late Delivery,4
user_2628a05b@gmail.com,TKT-002239,Damaged Item,4
user_14f0772a@gmail.com,TKT-002240,Damaged Item,4
user_0399fc30@gmail.com,TKT-002241,Late Delivery,3
user_37c3f89f@gmail.com,TKT-002242,Late Delivery,5
user_e24b5c47@gmail.com,TKT-002243,Late Delivery,2
user_e2feae83@gmail.com,TKT-002244,Late Delivery,3
user_c4937dd9@gmail.com,TKT-002245,Late Delivery,2
user_40ef2e93@gmail.com,TKT-002246,Late Delivery,2
user_80ac9b71@gmail.com,TKT-002247,Late Delivery,2
user_3ff2c5fb@gmail.com,TKT-002248,Late Delivery,4
user_161e3f89@gmail.com,TKT-002249,Late Delivery,3
user_5a794d84@gmail.com,TKT-002250,Damaged Item,3
user_c1b12595@gmail.com,TKT-002251,Damaged Item,5
user_b6ebed14@gmail.com,TKT-002252,Damaged Item,4
user_4867378a@gmail.com,TKT-002253,Late Delivery,5
user_df783e82@gmail.com,TKT-002254,Late Delivery,5
user_b4472cb7@gmail.com,TKT-002255,Damaged Item,4
user_e65aa962@gmail.com,TKT-002256,Damaged Item,2
user_248ffe10@gmail.com,TKT-002257,Damaged Item,5
user_4ac78fd8@gmail.com,TKT-002258,Damaged Item,2
user_3d850129@gmail.com,TKT-002259,Damaged Item,5
user_886d5f56@gmail.com,TKT-002260,Damaged Item,4
user_b13e0007@gmail.com,TKT-002261,Late Delivery,5
user_56887501@gmail.com,TKT-002262,Damaged Item,3
user_34c7808d@gmail.com,TKT-002263,Damaged Item,4
user_beaaf6f1@gmail.com,TKT-002264,Late Delivery,4
user_c00e5d6f@gmail.com,TKT-002265,Late Delivery,3
user_b43e8e47@gmail.com,TKT-002266,Damaged Item,3
user_2e9d1a5c@gmail.com,TKT-002267,Damaged Item,1
user_5bf6360c@gmail.com,TKT-002268,Late Delivery,5
user_41048b76@gmail.com,TKT-002269,Damaged Item,2
user_1973beff@gmail.com,TKT-002270,Damaged Item,4
user_1774795b@gmail.com,TKT-002271,Damaged Item,3
user_1cb8d194@gmail.com,TKT-002272,Damaged Item,1
user_c395b218@gmail.com,TKT-002273,Late Delivery,5
user_373786bd@gmail.com,TKT-002274,Late Delivery,5
user_dd40cca4@gmail.com,TKT-002275,Damaged Item,2
user_178aa3ff@gmail.com,TKT-002276,Damaged Item,4
user_68015dfc@gmail.com,TKT-002277,Damaged Item,1
user_2e8b834c@gmail.com,TKT-002278,Late Delivery,2
user_eee712ad@gmail.com,TKT-002279,Late Delivery,1
user_13cdb9d2@gmail.com,TKT-002280,Damaged Item,2
user_9d447154@gmail.com,TKT-002281,Damaged Item,1
user_82af14f8@gmail.com,TKT-002282,Late Delivery,2
user_4f703d6e@gmail.com,TKT-002283,Late Delivery,1
user_01cf555d@gmail.com,TKT-002284,Late Delivery,2
user_f050e8f3@gmail.com,TKT-002285,Late Delivery,3
user_9a667674@gmail.com,TKT-002286,Late Delivery,1
user_aae6800b@gmail.com,TKT-002287,Late Delivery,3
user_630331e7@gmail.com,TKT-002288,Damaged Item,3
user_4f086d10@gmail.com,TKT-002289,Late Delivery,2
user_1a4ca14d@gmail.com,TKT-002290,Late Delivery,5
user_c24e666b@gmail.com,TKT-002291,Late Delivery,4
user_c9cfdb34@gmail.com,TKT-002292,Damaged Item,4
user_811ef64c@gmail.com,TKT-002293,Late Delivery,4
user_4e21d969@gmail.com,TKT-002294,Damaged Item,4
user_7e77d220@gmail.com,TKT-002295,Late Delivery,4
user_9f60eb63@gmail.com,TKT-002296,Damaged Item,1
user_d179c43c@gmail.com,TKT-002297,Damaged Item,1
user_b8626f76@gmail.com,TKT-002298,Damaged Item,4
user_341239d2@gmail.com,TKT-002299,Damaged Item,5
user_35c343f4@gmail.com,TKT-002300,Late Delivery,1
user_1130878b@gmail.com,TKT-002301,Damaged Item,3
user_fd2d60b6@gmail.com,TKT-002302,Damaged Item,5
user_b07dceb6@gmail.com,TKT-002303,Damaged Item,5
user_8b4a4887@gmail.com,TKT-002304,Late Delivery,2
user_de72450b@gmail.com,TKT-002305,Late Delivery,2
user_bb57dad1@gmail.com,TKT-002306,Late Delivery,4
user_ad9ff8cd@gmail.com,TKT-002307,Late Delivery,1
user_e840d9c2@gmail.com,TKT-002308,Damaged Item,1
user_00c19498@gmail.com,TKT-002309,Damaged Item,5
user_c0c29e87@gmail.com,TKT-002310,Late Delivery,5
user_004f84d0@gmail.com,TKT-002311,Damaged Item,1
user_bf749c89@gmail.com,TKT-002312,Damaged Item,2
user_f6668ad7@gmail.com,TKT-002313,Late Delivery,2
user_2d200dbe@gmail.com,TKT-002314,Damaged Item,3
user_91b721d3@gmail.com,TKT-002315,Late Delivery,3
user_81655752@gmail.com,TKT-002316,Damaged Item,5
user_84bf09c7@gmail.com,TKT-002317,Late Delivery,2
user_20ea5741@gmail.com,TKT-002318,Late Delivery,5
user_a9655113@gmail.com,TKT-002319,Damaged Item,3
user_db096090@gmail.com,TKT-002320,Damaged Item,4
user_81ea1f2d@gmail.com,TKT-002321,Damaged Item,4
user_36e7ce4e@gmail.com,TKT-002322,Damaged Item,2
user_c97c1b94@gmail.com,TKT-002323,Damaged Item,1
user_e206e425@gmail.com,TKT-002324,Late Delivery,2
user_844a28de@gmail.com,TKT-002325,Late Delivery,2
user_8888ad44@gmail.com,TKT-002326,Damaged Item,2
user_9687ae9b@gmail.com,TKT-002327,Late Delivery,5
user_6243e6ae@gmail.com,TKT-002328,Damaged Item,4
user_e6d9edd8@gmail.com,TKT-002329,Late Delivery,4
user_e38edad2@gmail.com,TKT-002330,Late Delivery,2
user_b694b726@gmail.com,TKT-002331,Late Delivery,1
user_47c9fb61@gmail.com,TKT-002332,Damaged Item,3
user_de68652a@gmail.com,TKT-002333,Late Delivery,5
user_61796b31@gmail.com,TKT-002334,Damaged Item,5
user_79a045b0@gmail.com,TKT-002335,Damaged Item,1
user_2ec23030@gmail.com,TKT-002336,Damaged Item,1
user_bdcc250d@gmail.com,TKT-002337,Damaged Item,3
user_11995e73@gmail.com,TKT-002338,Late Delivery,3
user_713a676a@gmail.com,TKT-002339,Late Delivery,3
user_d7c6bdf2@gmail.com,TKT-002340,Damaged Item,2
user_424efbaf@gmail.com,TKT-002341,Late Delivery,3
user_c1f0996b@gmail.com,TKT-002342,Damaged Item,5
user_17f9bdfa@gmail.com,TKT-002343,Late Delivery,2
user_8d39b95a@gmail.com,TKT-002344,Late Delivery,5
user_8d26dcd5@gmail.com,TKT-002345,Late Delivery,3
user_d3d103e7@gmail.com,TKT-002346,Damaged Item,1
user_d7bf7cfe@gmail.com,TKT-002347,Late Delivery,5
user_6f9d645c@gmail.com,TKT-002348,Damaged Item,2
user_d23b19f8@gmail.com,TKT-002349,Late Delivery,1
user_51e12be2@gmail.com,TKT-002350,Damaged Item,4
user_cd7fabbe@gmail.com,TKT-002351,Late Delivery,4
user_ebee526b@gmail.com,TKT-002352,Damaged Item,1
user_680213db@gmail.com,TKT-002353,Late Delivery,4
user_e00a116d@gmail.com,TKT-002354,Late Delivery,5
user_2fa7baae@gmail.com,TKT-002355,Damaged Item,1
user_4d8056f7@gmail.com,TKT-002356,Late Delivery,2
user_512dc576@gmail.com,TKT-002357,Late Delivery,2
user_9b1635f2@gmail.com,TKT-002358,Damaged Item,2
user_09f890c3@gmail.com,TKT-002359,Late Delivery,2
user_41a5aaee@gmail.com,TKT-002360,Damaged Item,2
user_42bfaa0b@gmail.com,TKT-002361,Late Delivery,5
user_de5eda87@gmail.com,TKT-002362,Late Delivery,4
user_024e448e@gmail.com,TKT-002363,Damaged Item,2
user_7d2e246c@gmail.com,TKT-002364,Late Delivery,1
user_1fa44cbd@gmail.com,TKT-002365,Late Delivery,4
user_9bee7cfd@gmail.com,TKT-002366,Late Delivery,1
user_51ad85ac@gmail.com,TKT-002367,Damaged Item,3
user_13b3c7d8@gmail.com,TKT-002368,Late Delivery,4
user_61181063@gmail.com,TKT-002369,Damaged Item,5
user_5d1d2bf4@gmail.com,TKT-002370,Damaged Item,4
user_e78870c9@gmail.com,TKT-002371,Late Delivery,1
user_29e751a6@gmail.com,TKT-002372,Damaged Item,2
user_ce87153a@gmail.com,TKT-002373,Late Delivery,2
user_b94f03b6@gmail.com,TKT-002374,Damaged Item,3
user_02880ecd@gmail.com,TKT-002375,Late Delivery,1
user_8d96e2e0@gmail.com,TKT-002376,Late Delivery,3
user_2aaba3d4@gmail.com,TKT-002377,Damaged Item,3
user_602c5ad2@gmail.com,TKT-002378,Late Delivery,4
user_7126026c@gmail.com,TKT-002379,Damaged Item,5
user_98eabb6f@gmail.com,TKT-002380,Late Delivery,4
user_6b16013d@gmail.com,TKT-002381,Damaged Item,4
user_68e46eb5@gmail.com,TKT-002382,Damaged Item,4
user_81ed6e1a@gmail.com,TKT-002383,Damaged Item,4
user_8ed5c9e8@gmail.com,TKT-002384,Late Delivery,4
user_47770fce@gmail.com,TKT-002385,Damaged Item,3
user_c210113b@gmail.com,TKT-002386,Damaged Item,1
user_ab02a4af@gmail.com,TKT-002387,Late Delivery,2
user_69dcbbaa@gmail.com,TKT-002388,Late Delivery,3
user_c9fb7092@gmail.com,TKT-002389,Late Delivery,3
user_1bc3d5e3@gmail.com,TKT-002390,Late Delivery,5
user_63803f41@gmail.com,TKT-002391,Damaged Item,3
user_9ee554a6@gmail.com,TKT-002392,Late Delivery,1
user_1068107e@gmail.com,TKT-002393,Damaged Item,4
user_df3df161@gmail.com,TKT-002394,Late Delivery,4
user_83234e46@gmail.com,TKT-002395,Late Delivery,5
user_96568fdd@gmail.com,TKT-002396,Damaged Item,2
user_686f427f@gmail.com,TKT-002397,Damaged Item,3
user_dcbe7082@gmail.com,TKT-002398,Damaged Item,3
user_fcb030a5@gmail.com,TKT-002399,Late Delivery,1
user_0c57b654@gmail.com,TKT-002400,Damaged Item,4
user_546c408c@gmail.com,TKT-002401,Late Delivery,3
user_abf6d955@gmail.com,TKT-002402,Damaged Item,5
user_8066d1ad@gmail.com,TKT-002403,Damaged Item,2
user_8932f078@gmail.com,TKT-002404,Late Delivery,5
user_3bd5a237@gmail.com,TKT-002405,Damaged Item,4
user_4f0a93ed@gmail.com,TKT-002406,Damaged Item,3
user_57f28663@gmail.com,TKT-002407,Damaged Item,5
user_9c90157c@gmail.com,TKT-002408,Damaged Item,3
user_b5bce336@gmail.com,TKT-002409,Damaged Item,2
user_367bcfba@gmail.com,TKT-002410,Damaged Item,2
user_2d600e89@gmail.com,TKT-002411,Damaged Item,1
user_cfdae7e7@gmail.com,TKT-002412,Damaged Item,5
user_9e15de58@gmail.com,TKT-002413,Late Delivery,5
user_b7cc9808@gmail.com,TKT-002414,Late Delivery,2
user_184cdf3d@gmail.com,TKT-002415,Late Delivery,2
user_9e1a8879@gmail.com,TKT-002416,Damaged Item,1
user_6e49b8f0@gmail.com,TKT-002417,Damaged Item,2
user_88cfa66b@gmail.com,TKT-002418,Damaged Item,5
user_a0dd7cab@gmail.com,TKT-002419,Damaged Item,1
user_ac2d5227@gmail.com,TKT-002420,Damaged Item,1
user_75c2ff86@gmail.com,TKT-002421,Late Delivery,5
user_cd9de8bf@gmail.com,TKT-002422,Late Delivery,5
user_21a2d9dc@gmail.com,TKT-002423,Damaged Item,5
user_6db51553@gmail.com,TKT-002424,Damaged Item,1
user_54a8d7fd@gmail.com,TKT-002425,Late Delivery,4
user_87a34c89@gmail.com,TKT-002426,Damaged Item,2
user_6db52da1@gmail.com,TKT-002427,Damaged Item,1
user_3d0dd42b@gmail.com,TKT-002428,Late Delivery,1
user_879262bd@gmail.com,TKT-002429,Late Delivery,1
user_c4c7ddaa@gmail.com,TKT-002430,Late Delivery,3
user_040dc1ab@gmail.com,TKT-002431,Damaged Item,2
user_d4979ed3@gmail.com,TKT-002432,Late Delivery,5
user_a3715422@gmail.com,TKT-002433,Late Delivery,1
user_9f350f17@gmail.com,TKT-002434,Damaged Item,2
user_5a251e55@gmail.com,TKT-002435,Damaged Item,2
user_ded33ce6@gmail.com,TKT-002436,Late Delivery,3
user_d6728bc8@gmail.com,TKT-002437,Late Delivery,3
user_632b36b6@gmail.com,TKT-002438,Damaged Item,1
user_b9b4ef29@gmail.com,TKT-002439,Late Delivery,2
user_5680dec8@gmail.com,TKT-002440,Damaged Item,1
user_4da48d50@gmail.com,TKT-002441,Damaged Item,1
user_afdd204d@gmail.com,TKT-002442,Damaged Item,4
user_409fffcd@gmail.com,TKT-002443,Late Delivery,2
user_c7ba5ecd@gmail.com,TKT-002444,Late Delivery,5
user_b2acc64d@gmail.com,TKT-002445,Late Delivery,2
user_c53fc868@gmail.com,TKT-002446,Damaged Item,1
user_21e6ec6c@gmail.com,TKT-002447,Damaged Item,5
user_4601d731@gmail.com,TKT-002448,Late Delivery,4
user_3c30ca1f@gmail.com,TKT-002449,Late Delivery,2
user_2df066cc@gmail.com,TKT-002450,Damaged Item,1
user_3d286c8d@gmail.com,TKT-002451,Damaged Item,3
user_99663e22@gmail.com,TKT-002452,Late Delivery,5
user_ccafc1c3@gmail.com,TKT-002453,Late Delivery,4
user_fff1bdd5@gmail.com,TKT-002454,Late Delivery,5
user_c6e6c968@gmail.com,TKT-002455,Late Delivery,4
user_368c6d7d@gmail.com,TKT-002456,Late Delivery,5
user_dd7b0e9b@gmail.com,TKT-002457,Late Delivery,3
user_0014a5a5@gmail.com,TKT-002458,Late Delivery,5
user_43978720@gmail.com,TKT-002459,Damaged Item,3
user_2fe568d0@gmail.com,TKT-002460,Late Delivery,3
user_dda8e970@gmail.com,TKT-002461,Late Delivery,2
user_163d5669@gmail.com,TKT-002462,Late Delivery,3
user_8827aed3@gmail.com,TKT-002463,Damaged Item,2
user_a34c42ac@gmail.com,TKT-002464,Late Delivery,5
user_c248f1a2@gmail.com,TKT-002465,Late Delivery,1
user_92533737@gmail.com,TKT-002466,Late Delivery,1
user_ede68e1a@gmail.com,TKT-002467,Late Delivery,3
user_ab05837d@gmail.com,TKT-002468,Damaged Item,2
user_77e7ed9f@gmail.com,TKT-002469,Late Delivery,1
user_73e585a7@gmail.com,TKT-002470,Late Delivery,4
user_92dbdc7f@gmail.com,TKT-002471,Late Delivery,1
user_9c215284@gmail.com,TKT-002472,Late Delivery,2
user_d1b8c254@gmail.com,TKT-002473,Late Delivery,5
user_7bea9fd3@gmail.com,TKT-002474,Damaged Item,2
user_f145d503@gmail.com,TKT-002475,Late Delivery,1
user_c7e928c4@gmail.com,TKT-002476,Damaged Item,4
user_1ee3cbb6@gmail.com,TKT-002477,Damaged Item,4
user_f27ce868@gmail.com,TKT-002478,Late Delivery,3
user_0ed8d10e@gmail.com,TKT-002479,Damaged Item,5
user_5098a031@gmail.com,TKT-002480,Late Delivery,5
user_fe74c562@gmail.com,TKT-002481,Damaged Item,3
user_c711281b@gmail.com,TKT-002482,Late Delivery,4
user_f087d32d@gmail.com,TKT-002483,Damaged Item,5
user_cbac7189@gmail.com,TKT-002484,Late Delivery,3
user_2bc36bf7@gmail.com,TKT-002485,Late Delivery,5
user_0eabdff6@gmail.com,TKT-002486,Late Delivery,3
user_62ed60b3@gmail.com,TKT-002487,Damaged Item,5
user_97931a35@gmail.com,TKT-002488,Damaged Item,1
user_e83ca85f@gmail.com,TKT-002489,Late Delivery,4
user_ed1b6f66@gmail.com,TKT-002490,Damaged Item,1
user_f017e93e@gmail.com,TKT-002491,Late Delivery,4
user_cc47189c@gmail.com,TKT-002492,Damaged Item,3
user_e3b49af9@gmail.com,TKT-002493,Late Delivery,2
user_30643542@gmail.com,TKT-002494,Late Delivery,5
user_b20b1236@gmail.com,TKT-002495,Late Delivery,1
user_cf58b6fd@gmail.com,TKT-002496,Damaged Item,1
user_8d66f98c@gmail.com,TKT-002497,Damaged Item,1
user_04dd576f@gmail.com,TKT-002498,Damaged Item,1
user_23c39e7d@gmail.com,TKT-002499,Late Delivery,5
user_b681d8fd@gmail.com,TKT-002500,Damaged Item,3
user_803f2bbf@gmail.com,TKT-002501,Late Delivery,3
user_a24fbc10@gmail.com,TKT-002502,Late Delivery,4
user_d6535f2f@gmail.com,TKT-002503,Late Delivery,4
user_5fd93e34@gmail.com,TKT-002504,Damaged Item,4
user_36580bf4@gmail.com,TKT-002505,Late Delivery,2
user_5ebcfcf7@gmail.com,TKT-002506,Late Delivery,3
user_d21f315a@gmail.com,TKT-002507,Damaged Item,1
user_908e85b2@gmail.com,TKT-002508,Late Delivery,3
user_919b613e@gmail.com,TKT-002509,Late Delivery,4
user_360fc42a@gmail.com,TKT-002510,Damaged Item,1
user_4f8f9950@gmail.com,TKT-002511,Late Delivery,3
user_421085f8@gmail.com,TKT-002512,Late Delivery,1
user_84fda669@gmail.com,TKT-002513,Damaged Item,1
user_c97b572d@gmail.com,TKT-002514,Damaged Item,1
user_9dd352b7@gmail.com,TKT-002515,Late Delivery,1
user_c65cd715@gmail.com,TKT-002516,Damaged Item,5
user_e19911f2@gmail.com,TKT-002517,Damaged Item,1
user_309ad088@gmail.com,TKT-002518,Damaged Item,2
user_8e57110d@gmail.com,TKT-002519,Damaged Item,2
user_c937a5d7@gmail.com,TKT-002520,Late Delivery,1
user_3e37bc37@gmail.com,TKT-002521,Late Delivery,4
user_12fd59aa@gmail.com,TKT-002522,Late Delivery,5
user_93a88de8@gmail.com,TKT-002523,Late Delivery,5
user_df57b768@gmail.com,TKT-002524,Late Delivery,2
user_b50d4e84@gmail.com,TKT-002525,Damaged Item,3
user_1cd312fe@gmail.com,TKT-002526,Late Delivery,2
user_fc2c3667@gmail.com,TKT-002527,Late Delivery,4
user_494c139d@gmail.com,TKT-002528,Late Delivery,3
user_f6d3a127@gmail.com,TKT-002529,Damaged Item,3
user_4a087a42@gmail.com,TKT-002530,Damaged Item,3
user_1592afd1@gmail.com,TKT-002531,Late Delivery,5
user_c5fed4fa@gmail.com,TKT-002532,Damaged Item,4
user_d19a7ae8@gmail.com,TKT-002533,Late Delivery,4
user_08c49e19@gmail.com,TKT-002534,Late Delivery,3
user_a7771f0b@gmail.com,TKT-002535,Late Delivery,2
user_61814113@gmail.com,TKT-002536,Late Delivery,2
user_002d3bd9@gmail.com,TKT-002537,Late Delivery,2
user_bb880f3b@gmail.com,TKT-002538,Damaged Item,5
user_f39c3ad6@gmail.com,TKT-002539,Damaged Item,5
user_5e718c3c@gmail.com,TKT-002540,Late Delivery,5
user_cdd4e05e@gmail.com,TKT-002541,Damaged Item,4
user_8d457952@gmail.com,TKT-002542,Late Delivery,1
user_903d4d50@gmail.com,TKT-002543,Damaged Item,1
user_68b0f97b@gmail.com,TKT-002544,Damaged Item,1
user_60d3d1d1@gmail.com,TKT-002545,Damaged Item,5
user_e36d5fc0@gmail.com,TKT-002546,Damaged Item,2
user_1c0f4fa4@gmail.com,TKT-002547,Late Delivery,5
user_cee8fa83@gmail.com,TKT-002548,Late Delivery,4
user_96a9e662@gmail.com,TKT-002549,Late Delivery,1
user_685cf6f2@gmail.com,TKT-002550,Damaged Item,2
user_d9762d85@gmail.com,TKT-002551,Late Delivery,1
user_bcf4a3ba@gmail.com,TKT-002552,Damaged Item,5
user_e27517c5@gmail.com,TKT-002553,Late Delivery,3
user_80721bef@gmail.com,TKT-002554,Damaged Item,5
user_c9b70411@gmail.com,TKT-002555,Late Delivery,2
user_a8fd074b@gmail.com,TKT-002556,Damaged Item,3
user_3ae383d8@gmail.com,TKT-002557,Late Delivery,4
user_ada87a09@gmail.com,TKT-002558,Damaged Item,5
user_0f208b15@gmail.com,TKT-002559,Late Delivery,4
user_ae7e8acd@gmail.com,TKT-002560,Damaged Item,5
user_fad4e75a@gmail.com,TKT-002561,Damaged Item,5
user_5ee3e857@gmail.com,TKT-002562,Damaged Item,2
user_4ae8d2ef@gmail.com,TKT-002563,Damaged Item,3
user_03cfc5ba@gmail.com,TKT-002564,Damaged Item,5
user_e750069e@gmail.com,TKT-002565,Late Delivery,1
user_3c03bd88@gmail.com,TKT-002566,Late Delivery,1
user_7fdec9ff@gmail.com,TKT-002567,Late Delivery,5
user_9ab4feb7@gmail.com,TKT-002568,Damaged Item,3
user_f0e24c50@gmail.com,TKT-002569,Late Delivery,1
user_298015aa@gmail.com,TKT-002570,Late Delivery,2
user_a1382f97@gmail.com,TKT-002571,Damaged Item,2
user_ebeca5aa@gmail.com,TKT-002572,Late Delivery,4
user_9ccd3694@gmail.com,TKT-002573,Late Delivery,3
user_eb05395d@gmail.com,TKT-002574,Late Delivery,5
user_8719db34@gmail.com,TKT-002575,Damaged Item,2
user_52a7fb2d@gmail.com,TKT-002576,Damaged Item,1
user_aea3fa1f@gmail.com,TKT-002577,Damaged Item,2
user_6534d7c7@gmail.com,TKT-002578,Late Delivery,5
user_19924214@gmail.com,TKT-002579,Damaged Item,2
user_5774bddb@gmail.com,TKT-002580,Late Delivery,1
user_d36a28a7@gmail.com,TKT-002581,Damaged Item,1
user_87fb84f6@gmail.com,TKT-002582,Late Delivery,4
user_3f2ce09e@gmail.com,TKT-002583,Late Delivery,2
user_7c9fd82d@gmail.com,TKT-002584,Damaged Item,5
user_89e5359f@gmail.com,TKT-002585,Late Delivery,4
user_0d308e64@gmail.com,TKT-002586,Late Delivery,4
user_4725b6ad@gmail.com,TKT-002587,Late Delivery,2
user_5bf3a81e@gmail.com,TKT-002588,Late Delivery,4
user_75849629@gmail.com,TKT-002589,Damaged Item,2
user_55481ae3@gmail.com,TKT-002590,Damaged Item,5
user_08c07c76@gmail.com,TKT-002591,Late Delivery,1
user_a0aa8b33@gmail.com,TKT-002592,Late Delivery,4
user_7375e540@gmail.com,TKT-002593,Damaged Item,5
user_9f049e0c@gmail.com,TKT-002594,Late Delivery,3
user_4ab69983@gmail.com,TKT-002595,Damaged Item,3
user_e9c65721@gmail.com,TKT-002596,Late Delivery,1
user_f2047914@gmail.com,TKT-002597,Damaged Item,5
user_9a929d2c@gmail.com,TKT-002598,Late Delivery,1
user_f5a13ea8@gmail.com,TKT-002599,Damaged Item,4
user_1c5be9ab@gmail.com,TKT-002600,Late Delivery,3
user_65137ac0@gmail.com,TKT-002601,Late Delivery,3
user_414c84ad@gmail.com,TKT-002602,Late Delivery,3
user_39dc6541@gmail.com,TKT-002603,Late Delivery,1
user_dd27109e@gmail.com,TKT-002604,Late Delivery,1
user_54f588e6@gmail.com,TKT-002605,Late Delivery,5
user_249db977@gmail.com,TKT-002606,Damaged Item,4
user_8e84222a@gmail.com,TKT-002607,Damaged Item,2
user_47926355@gmail.com,TKT-002608,Damaged Item,4
user_384f02a0@gmail.com,TKT-002609,Late Delivery,1
user_c3ee2258@gmail.com,TKT-002610,Late Delivery,3
user_fddc02ef@gmail.com,TKT-002611,Damaged Item,2
user_af35a761@gmail.com,TKT-002612,Damaged Item,2
user_876a262d@gmail.com,TKT-002613,Damaged Item,2
user_0978eb9e@gmail.com,TKT-002614,Late Delivery,4
user_39400578@gmail.com,TKT-002615,Late Delivery,3
user_e2c48339@gmail.com,TKT-002616,Damaged Item,5
user_7a9f8e1d@gmail.com,TKT-002617,Late Delivery,5
user_f37adfbe@gmail.com,TKT-002618,Late Delivery,1
user_a2692384@gmail.com,TKT-002619,Damaged Item,5
user_211bd54c@gmail.com,TKT-002620,Damaged Item,3
user_a100b118@gmail.com,TKT-002621,Damaged Item,3
user_979c0823@gmail.com,TKT-002622,Damaged Item,2
user_cf898ff6@gmail.com,TKT-002623,Late Delivery,1
user_d2e995b8@gmail.com,TKT-002624,Damaged Item,2
user_1b5a1fb1@gmail.com,TKT-002625,Late Delivery,1
user_27a69bde@gmail.com,TKT-002626,Damaged Item,5
user_18f3c391@gmail.com,TKT-002627,Damaged Item,5
user_d0bc2c6f@gmail.com,TKT-002628,Damaged Item,2
user_0667c54c@gmail.com,TKT-002629,Damaged Item,3
user_a75020b6@gmail.com,TKT-002630,Late Delivery,2
user_92d78510@gmail.com,TKT-002631,Damaged Item,2
user_f26b8920@gmail.com,TKT-002632,Late Delivery,3
user_d5307136@gmail.com,TKT-002633,Late Delivery,1
user_fdc6c698@gmail.com,TKT-002634,Late Delivery,5
user_8209a599@gmail.com,TKT-002635,Damaged Item,2
user_06b45729@gmail.com,TKT-002636,Damaged Item,4
user_13a45835@gmail.com,TKT-002637,Damaged Item,3
user_2d09bcd0@gmail.com,TKT-002638,Late Delivery,1
user_decd0fc3@gmail.com,TKT-002639,Late Delivery,4
user_2a07bb52@gmail.com,TKT-002640,Damaged Item,4
user_ed652e28@gmail.com,TKT-002641,Late Delivery,4
user_34a5bb16@gmail.com,TKT-002642,Late Delivery,4
user_ddadabf7@gmail.com,TKT-002643,Late Delivery,3
user_ce5c89c2@gmail.com,TKT-002644,Late Delivery,2
user_e2749eec@gmail.com,TKT-002645,Damaged Item,3
user_c9029d82@gmail.com,TKT-002646,Damaged Item,4
user_ed352330@gmail.com,TKT-002647,Late Delivery,3
user_a84b0544@gmail.com,TKT-002648,Damaged Item,4
user_1e007f34@gmail.com,TKT-002649,Damaged Item,1
user_56547805@gmail.com,TKT-002650,Damaged Item,4
user_43a1e772@gmail.com,TKT-002651,Damaged Item,3
user_162f1ecd@gmail.com,TKT-002652,Damaged Item,3
user_c3304069@gmail.com,TKT-002653,Damaged Item,3
user_de15baf0@gmail.com,TKT-002654,Damaged Item,3
user_e9fc3729@gmail.com,TKT-002655,Damaged Item,1
user_c618c71b@gmail.com,TKT-002656,Late Delivery,5
user_f222a7a5@gmail.com,TKT-002657,Late Delivery,5
user_d7eb55be@gmail.com,TKT-002658,Late Delivery,5
user_b813fe59@gmail.com,TKT-002659,Damaged Item,4
user_f959ce2f@gmail.com,TKT-002660,Damaged Item,1
user_544c4b61@gmail.com,TKT-002661,Late Delivery,4
user_64ba9a34@gmail.com,TKT-002662,Late Delivery,1
user_01344177@gmail.com,TKT-002663,Late Delivery,4
user_58b14015@gmail.com,TKT-002664,Damaged Item,5
user_9d8a3a20@gmail.com,TKT-002665,Late Delivery,4
user_025ef887@gmail.com,TKT-002666,Late Delivery,1
user_b807171e@gmail.com,TKT-002667,Damaged Item,4
user_670938c0@gmail.com,TKT-002668,Late Delivery,5
user_a1c1665f@gmail.com,TKT-002669,Damaged Item,5
user_bfa83f01@gmail.com,TKT-002670,Late Delivery,5
user_bb438f95@gmail.com,TKT-002671,Late Delivery,3
user_a426efac@gmail.com,TKT-002672,Damaged Item,4
user_20e109b1@gmail.com,TKT-002673,Damaged Item,1
user_3b99cd9d@gmail.com,TKT-002674,Late Delivery,1
user_7c6da23b@gmail.com,TKT-002675,Late Delivery,2
user_2c764c0b@gmail.com,TKT-002676,Damaged Item,5
user_2774c876@gmail.com,TKT-002677,Late Delivery,4
user_a57dd66f@gmail.com,TKT-002678,Late Delivery,1
user_4c02484d@gmail.com,TKT-002679,Damaged Item,5
user_4b965241@gmail.com,TKT-002680,Late Delivery,3
user_1e404b30@gmail.com,TKT-002681,Late Delivery,2
user_7a73c77a@gmail.com,TKT-002682,Damaged Item,4
user_e3a780e6@gmail.com,TKT-002683,Damaged Item,5
user_020504cf@gmail.com,TKT-002684,Damaged Item,1
user_d37cd153@gmail.com,TKT-002685,Damaged Item,2
user_db09728b@gmail.com,TKT-002686,Late Delivery,1
user_6b3bb727@gmail.com,TKT-002687,Late Delivery,3
user_b6421f32@gmail.com,TKT-002688,Late Delivery,2
user_79c397d2@gmail.com,TKT-002689,Damaged Item,3
user_28339c3a@gmail.com,TKT-002690,Damaged Item,5
user_efd07a85@gmail.com,TKT-002691,Damaged Item,5
user_29bede8f@gmail.com,TKT-002692,Late Delivery,2
user_cefd4de9@gmail.com,TKT-002693,Late Delivery,2
user_248059c1@gmail.com,TKT-002694,Damaged Item,5
user_69de2f5d@gmail.com,TKT-002695,Damaged Item,4
user_599f1549@gmail.com,TKT-002696,Damaged Item,1
user_63fb8a72@gmail.com,TKT-002697,Damaged Item,2
user_53367987@gmail.com,TKT-002698,Late Delivery,4
user_0ae22802@gmail.com,TKT-002699,Damaged Item,1
user_aa24ca14@gmail.com,TKT-002700,Late Delivery,5
user_06ac7f14@gmail.com,TKT-002701,Damaged Item,1
user_7390caa1@gmail.com,TKT-002702,Damaged Item,4
user_72eb9613@gmail.com,TKT-002703,Late Delivery,2
user_112b1238@gmail.com,TKT-002704,Damaged Item,5
user_9a6032bc@gmail.com,TKT-002705,Damaged Item,2
user_34f92366@gmail.com,TKT-002706,Damaged Item,3
user_f77175df@gmail.com,TKT-002707,Late Delivery,2
user_2fb4b104@gmail.com,TKT-002708,Late Delivery,4
user_a91cbcb5@gmail.com,TKT-002709,Damaged Item,2
user_ced05597@gmail.com,TKT-002710,Damaged Item,2
user_e4e8abf6@gmail.com,TKT-002711,Late Delivery,3
user_1af52bf9@gmail.com,TKT-002712,Damaged Item,3
user_d2b4f915@gmail.com,TKT-002713,Late Delivery,4
user_a4824a25@gmail.com,TKT-002714,Damaged Item,5
user_462a44d8@gmail.com,TKT-002715,Damaged Item,1
user_b83dada0@gmail.com,TKT-002716,Late Delivery,1
user_ad91e064@gmail.com,TKT-002717,Damaged Item,3
user_68d8acf1@gmail.com,TKT-002718,Damaged Item,2
user_b1e29255@gmail.com,TKT-002719,Late Delivery,3
user_b30bedf7@gmail.com,TKT-002720,Late Delivery,2
user_e0ff4805@gmail.com,TKT-002721,Late Delivery,3
user_973f1690@gmail.com,TKT-002722,Late Delivery,1
user_89bfe07c@gmail.com,TKT-002723,Late Delivery,2
user_d8d0eefc@gmail.com,TKT-002724,Late Delivery,5
user_910d2e93@gmail.com,TKT-002725,Late Delivery,5
user_4a50538f@gmail.com,TKT-002726,Damaged Item,5
user_eb7bf24d@gmail.com,TKT-002727,Late Delivery,2
user_cfd3e71a@gmail.com,TKT-002728,Late Delivery,5
user_7c4c626b@gmail.com,TKT-002729,Damaged Item,2
user_bb4d583a@gmail.com,TKT-002730,Late Delivery,3
user_f35d1e92@gmail.com,TKT-002731,Damaged Item,3
user_225fc72a@gmail.com,TKT-002732,Late Delivery,1
user_5cdd235f@gmail.com,TKT-002733,Damaged Item,4
user_d71183c7@gmail.com,TKT-002734,Damaged Item,1
user_cfa26529@gmail.com,TKT-002735,Late Delivery,2
user_500ad632@gmail.com,TKT-002736,Late Delivery,4
user_cf0eafe7@gmail.com,TKT-002737,Late Delivery,5
user_3e134146@gmail.com,TKT-002738,Damaged Item,2
user_f9f52c38@gmail.com,TKT-002739,Late Delivery,3
user_49426903@gmail.com,TKT-002740,Damaged Item,1
user_f9e5a8d9@gmail.com,TKT-002741,Damaged Item,5
user_5408f0f0@gmail.com,TKT-002742,Damaged Item,2
user_9a48fa25@gmail.com,TKT-002743,Damaged Item,2
user_78c52c4b@gmail.com,TKT-002744,Late Delivery,3
user_669b4d85@gmail.com,TKT-002745,Late Delivery,3
user_cba22aad@gmail.com,TKT-002746,Damaged Item,1
user_d995138f@gmail.com,TKT-002747,Damaged Item,4
user_a080513a@gmail.com,TKT-002748,Late Delivery,1
user_92d64c6f@gmail.com,TKT-002749,Damaged Item,2
user_25246138@gmail.com,TKT-002750,Damaged Item,4
user_54692643@gmail.com,TKT-002751,Damaged Item,5
user_8a83acf0@gmail.com,TKT-002752,Late Delivery,4
user_0f5f7582@gmail.com,TKT-002753,Late Delivery,1
user_dc6f679b@gmail.com,TKT-002754,Damaged Item,5
user_a4f2ee69@gmail.com,TKT-002755,Damaged Item,2
user_b19c7226@gmail.com,TKT-002756,Late Delivery,4
user_26637eea@gmail.com,TKT-002757,Late Delivery,2
user_77af37be@gmail.com,TKT-002758,Damaged Item,5
user_89be91f6@gmail.com,TKT-002759,Late Delivery,2
user_7561488d@gmail.com,TKT-002760,Damaged Item,3
user_10f80329@gmail.com,TKT-002761,Late Delivery,2
user_11895a9c@gmail.com,TKT-002762,Damaged Item,4
user_512f0635@gmail.com,TKT-002763,Late Delivery,4
user_1a32115f@gmail.com,TKT-002764,Damaged Item,3
user_373f58d5@gmail.com,TKT-002765,Late Delivery,2
user_bf853c7f@gmail.com,TKT-002766,Late Delivery,5
user_189d1b00@gmail.com,TKT-002767,Late Delivery,4
user_5ac6468b@gmail.com,TKT-002768,Damaged Item,4
user_02bc079a@gmail.com,TKT-002769,Damaged Item,5
user_8b7ff21f@gmail.com,TKT-002770,Damaged Item,3
user_7041cc13@gmail.com,TKT-002771,Late Delivery,3
user_27878a3c@gmail.com,TKT-002772,Late Delivery,1
user_3fdf793a@gmail.com,TKT-002773,Damaged Item,4
user_f90940bd@gmail.com,TKT-002774,Late Delivery,5
user_3f1c5888@gmail.com,TKT-002775,Late Delivery,5
user_c4e1f9b8@gmail.com,TKT-002776,Late Delivery,5
user_2b0feb2d@gmail.com,TKT-002777,Damaged Item,1
user_1b973f8a@gmail.com,TKT-002778,Damaged Item,1
user_7bd3bf5c@gmail.com,TKT-002779,Late Delivery,1
user_1cf73d0e@gmail.com,TKT-002780,Damaged Item,4
user_1c359832@gmail.com,TKT-002781,Damaged Item,3
user_8fec5dac@gmail.com,TKT-002782,Late Delivery,5
user_53366ab9@gmail.com,TKT-002783,Late Delivery,1
user_1177ffc1@gmail.com,TKT-002784,Damaged Item,2
user_84030c68@gmail.com,TKT-002785,Late Delivery,5
user_66655cc8@gmail.com,TKT-002786,Damaged Item,2
user_28527567@gmail.com,TKT-002787,Late Delivery,1
user_040875d3@gmail.com,TKT-002788,Late Delivery,4
user_809315a1@gmail.com,TKT-002789,Late Delivery,4
user_ab5edcc9@gmail.com,TKT-002790,Damaged Item,5
user_287b7faf@gmail.com,TKT-002791,Late Delivery,2
user_8299b6cd@gmail.com,TKT-002792,Late Delivery,1
user_745c617e@gmail.com,TKT-002793,Damaged Item,1
user_8ea8f6e1@gmail.com,TKT-002794,Damaged Item,3
user_da669ebc@gmail.com,TKT-002795,Late Delivery,2
user_fc9f5fd8@gmail.com,TKT-002796,Late Delivery,3
user_02f74d85@gmail.com,TKT-002797,Damaged Item,4
user_33fe3258@gmail.com,TKT-002798,Damaged Item,1
user_9d5bd387@gmail.com,TKT-002799,Damaged Item,4
user_75c9d928@gmail.com,TKT-002800,Late Delivery,4
user_4bd44500@gmail.com,TKT-002801,Damaged Item,4
user_bfdb739a@gmail.com,TKT-002802,Damaged Item,5
user_72d3508d@gmail.com,TKT-002803,Damaged Item,2
user_e8e1a4c0@gmail.com,TKT-002804,Late Delivery,3
user_17029a65@gmail.com,TKT-002805,Late Delivery,3
user_01ca0680@gmail.com,TKT-002806,Late Delivery,3
user_01093ce2@gmail.com,TKT-002807,Damaged Item,1
user_703cb1bb@gmail.com,TKT-002808,Damaged Item,4
user_b31c70aa@gmail.com,TKT-002809,Late Delivery,3
user_7e0e8b0b@gmail.com,TKT-002810,Late Delivery,1
user_e182591d@gmail.com,TKT-002811,Damaged Item,3
user_282612d9@gmail.com,TKT-002812,Late Delivery,2
user_c9fff85f@gmail.com,TKT-002813,Damaged Item,2
user_c18af2b8@gmail.com,TKT-002814,Late Delivery,4
user_a0dd9552@gmail.com,TKT-002815,Damaged Item,3
user_56cafaaa@gmail.com,TKT-002816,Late Delivery,4
user_5d107b22@gmail.com,TKT-002817,Late Delivery,5
user_ef069fa3@gmail.com,TKT-002818,Damaged Item,3
user_e8a425f2@gmail.com,TKT-002819,Late Delivery,1
user_d2185da6@gmail.com,TKT-002820,Late Delivery,4
user_0fb4497f@gmail.com,TKT-002821,Late Delivery,1
user_44ab75f3@gmail.com,TKT-002822,Late Delivery,4
user_341b6946@gmail.com,TKT-002823,Late Delivery,4
user_94939fd1@gmail.com,TKT-002824,Damaged Item,2
user_7d4d746c@gmail.com,TKT-002825,Damaged Item,4
user_e2dfa312@gmail.com,TKT-002826,Damaged Item,4
user_bfc9c81d@gmail.com,TKT-002827,Late Delivery,4
user_1e8bc2fa@gmail.com,TKT-002828,Damaged Item,2
user_50508b9b@gmail.com,TKT-002829,Late Delivery,3
user_57338468@gmail.com,TKT-002830,Late Delivery,3
user_377cbe35@gmail.com,TKT-002831,Late Delivery,5
user_57fe6b60@gmail.com,TKT-002832,Damaged Item,3
user_be20851f@gmail.com,TKT-002833,Damaged Item,1
user_4b9c1e46@gmail.com,TKT-002834,Damaged Item,3
user_25a9d6db@gmail.com,TKT-002835,Damaged Item,3
user_0a289ff5@gmail.com,TKT-002836,Damaged Item,3
user_a1d22789@gmail.com,TKT-002837,Damaged Item,5
user_03c42862@gmail.com,TKT-002838,Damaged Item,2
user_4c302f27@gmail.com,TKT-002839,Damaged Item,4
user_7e796a8e@gmail.com,TKT-002840,Damaged Item,4
user_d289cde3@gmail.com,TKT-002841,Late Delivery,3
user_a30e4ebc@gmail.com,TKT-002842,Late Delivery,1
user_add31c76@gmail.com,TKT-002843,Late Delivery,5
user_9279876e@gmail.com,TKT-002844,Late Delivery,3
user_1488efa4@gmail.com,TKT-002845,Late Delivery,4
user_8b4ffe5b@gmail.com,TKT-002846,Late Delivery,5
user_7c1650a0@gmail.com,TKT-002847,Late Delivery,2
user_acfd8b4b@gmail.com,TKT-002848,Damaged Item,4
user_f964ff8c@gmail.com,TKT-002849,Late Delivery,1
user_4978a65a@gmail.com,TKT-002850,Late Delivery,2
user_918c2334@gmail.com,TKT-002851,Damaged Item,4
user_b5f09503@gmail.com,TKT-002852,Late Delivery,5
user_6172e237@gmail.com,TKT-002853,Damaged Item,1
user_c036ccc0@gmail.com,TKT-002854,Damaged Item,4
user_f0435297@gmail.com,TKT-002855,Late Delivery,5
user_9549ae1c@gmail.com,TKT-002856,Damaged Item,4
user_cfbe854c@gmail.com,TKT-002857,Late Delivery,5
user_2fcd3361@gmail.com,TKT-002858,Damaged Item,2
user_776a54ce@gmail.com,TKT-002859,Damaged Item,5
user_b045db9d@gmail.com,TKT-002860,Late Delivery,2
user_744aa0cb@gmail.com,TKT-002861,Late Delivery,2
user_311a83f1@gmail.com,TKT-002862,Late Delivery,4
user_57c95688@gmail.com,TKT-002863,Damaged Item,4
user_34a7b25b@gmail.com,TKT-002864,Damaged Item,5
user_405f6492@gmail.com,TKT-002865,Late Delivery,2
user_7cc8c557@gmail.com,TKT-002866,Damaged Item,2
user_c17db141@gmail.com,TKT-002867,Late Delivery,4
user_fa8661e9@gmail.com,TKT-002868,Late Delivery,3
user_35b7b861@gmail.com,TKT-002869,Late Delivery,1
user_6a0e43f0@gmail.com,TKT-002870,Damaged Item,2
user_04e7254d@gmail.com,TKT-002871,Late Delivery,2
user_9c64fcd3@gmail.com,TKT-002872,Late Delivery,3
user_6be2dcac@gmail.com,TKT-002873,Damaged Item,5
user_5b930155@gmail.com,TKT-002874,Damaged Item,4
user_e5cb6e20@gmail.com,TKT-002875,Late Delivery,3
user_5d9f48b9@gmail.com,TKT-002876,Late Delivery,3
user_003fb95e@gmail.com,TKT-002877,Late Delivery,5
user_8e6060b9@gmail.com,TKT-002878,Damaged Item,3
user_abb30df3@gmail.com,TKT-002879,Late Delivery,1
user_65b20f62@gmail.com,TKT-002880,Late Delivery,1
user_655329aa@gmail.com,TKT-002881,Damaged Item,2
user_73b1e8a7@gmail.com,TKT-002882,Damaged Item,3
user_88658368@gmail.com,TKT-002883,Late Delivery,5
user_d4e123c5@gmail.com,TKT-002884,Damaged Item,1
user_dfb7a296@gmail.com,TKT-002885,Late Delivery,2
user_6647d444@gmail.com,TKT-002886,Late Delivery,3
user_d0d94455@gmail.com,TKT-002887,Damaged Item,4
user_37d0b647@gmail.com,TKT-002888,Late Delivery,1
user_05779697@gmail.com,TKT-002889,Damaged Item,5
user_2511a658@gmail.com,TKT-002890,Late Delivery,5
user_68fffb8a@gmail.com,TKT-002891,Damaged Item,1
user_c8c66a09@gmail.com,TKT-002892,Damaged Item,3
user_d64729c1@gmail.com,TKT-002893,Late Delivery,4
user_47962902@gmail.com,TKT-002894,Late Delivery,1
user_d06c02b1@gmail.com,TKT-002895,Late Delivery,5
user_71a92fd3@gmail.com,TKT-002896,Late Delivery,2
user_5df98760@gmail.com,TKT-002897,Late Delivery,3
user_14bb46fd@gmail.com,TKT-002898,Late Delivery,2
user_e3b7fece@gmail.com,TKT-002899,Damaged Item,1
user_48131290@gmail.com,TKT-002900,Damaged Item,2
user_25d558c3@gmail.com,TKT-002901,Late Delivery,2
user_ba00776d@gmail.com,TKT-002902,Damaged Item,4
user_a2a2a810@gmail.com,TKT-002903,Late Delivery,3
user_47ec2515@gmail.com,TKT-002904,Damaged Item,5
user_9dd1f133@gmail.com,TKT-002905,Late Delivery,5
user_0385ae58@gmail.com,TKT-002906,Late Delivery,4
user_bcd84da7@gmail.com,TKT-002907,Damaged Item,2
user_4609bd1e@gmail.com,TKT-002908,Late Delivery,3
user_5a7d9eb6@gmail.com,TKT-002909,Damaged Item,4
user_bbd45d36@gmail.com,TKT-002910,Late Delivery,1
user_555bd6ec@gmail.com,TKT-002911,Late Delivery,2
user_37de5714@gmail.com,TKT-002912,Damaged Item,4
user_ce0c3f9c@gmail.com,TKT-002913,Damaged Item,4
user_c79346a0@gmail.com,TKT-002914,Late Delivery,4
user_6acd9179@gmail.com,TKT-002915,Damaged Item,3
user_da47eee6@gmail.com,TKT-002916,Damaged Item,4
user_a4aa5dca@gmail.com,TKT-002917,Damaged Item,3
user_47772178@gmail.com,TKT-002918,Damaged Item,3
user_289676ac@gmail.com,TKT-002919,Late Delivery,5
user_4279e2fb@gmail.com,TKT-002920,Damaged Item,5
user_9e7e0e52@gmail.com,TKT-002921,Late Delivery,2
user_0fa1bfd1@gmail.com,TKT-002922,Late Delivery,3
user_97d2d110@gmail.com,TKT-002923,Late Delivery,1
user_a4f3f98f@gmail.com,TKT-002924,Damaged Item,2
user_91102899@gmail.com,TKT-002925,Late Delivery,3
user_1bc28b08@gmail.com,TKT-002926,Damaged Item,1
user_4ac3f009@gmail.com,TKT-002927,Damaged Item,2
user_a23525d5@gmail.com,TKT-002928,Damaged Item,1
user_022949b0@gmail.com,TKT-002929,Late Delivery,5
user_d8079e13@gmail.com,TKT-002930,Late Delivery,1
user_dd9e24aa@gmail.com,TKT-002931,Damaged Item,4
user_4736edc3@gmail.com,TKT-002932,Late Delivery,3
user_a47fd97d@gmail.com,TKT-002933,Damaged Item,4
user_222ca222@gmail.com,TKT-002934,Damaged Item,5
user_a33f2660@gmail.com,TKT-002935,Late Delivery,5
user_07ca2384@gmail.com,TKT-002936,Damaged Item,4
user_954374e9@gmail.com,TKT-002937,Damaged Item,1
user_9a187759@gmail.com,TKT-002938,Late Delivery,2
user_b9d27ec8@gmail.com,TKT-002939,Late Delivery,5
user_0d17faf7@gmail.com,TKT-002940,Late Delivery,5
user_9a5639a8@gmail.com,TKT-002941,Damaged Item,5
user_aa819d39@gmail.com,TKT-002942,Damaged Item,3
user_377860a7@gmail.com,TKT-002943,Damaged Item,4
user_2f4ff922@gmail.com,TKT-002944,Late Delivery,2
user_0fef599e@gmail.com,TKT-002945,Late Delivery,2
user_714ffea1@gmail.com,TKT-002946,Damaged Item,3
user_241febf6@gmail.com,TKT-002947,Damaged Item,4
user_60126d91@gmail.com,TKT-002948,Late Delivery,1
user_20f645e9@gmail.com,TKT-002949,Late Delivery,3
user_50c7adf7@gmail.com,TKT-002950,Damaged Item,5
user_5debd536@gmail.com,TKT-002951,Damaged Item,2
user_77b5c062@gmail.com,TKT-002952,Late Delivery,3
user_17ca979a@gmail.com,TKT-002953,Late Delivery,2
user_7ba686b4@gmail.com,TKT-002954,Damaged Item,4
user_26642f25@gmail.com,TKT-002955,Damaged Item,1
user_c1afacf6@gmail.com,TKT-002956,Damaged Item,3
user_45202087@gmail.com,TKT-002957,Late Delivery,1
user_7c01ccb4@gmail.com,TKT-002958,Late Delivery,3
user_fe87efb2@gmail.com,TKT-002959,Damaged Item,5
user_66641d84@gmail.com,TKT-002960,Late Delivery,3
user_24c9ed99@gmail.com,TKT-002961,Late Delivery,4
user_eb74a8dc@gmail.com,TKT-002962,Late Delivery,1
user_d5a5133e@gmail.com,TKT-002963,Late Delivery,4
user_1680c593@gmail.com,TKT-002964,Damaged Item,4
user_72190b69@gmail.com,TKT-002965,Late Delivery,5
user_d3b23e52@gmail.com,TKT-002966,Damaged Item,5
user_32f69fc8@gmail.com,TKT-002967,Damaged Item,4
user_447cbda0@gmail.com,TKT-002968,Damaged Item,1
user_29d45657@gmail.com,TKT-002969,Damaged Item,2
user_08956f78@gmail.com,TKT-002970,Damaged Item,2
user_4628eb5d@gmail.com,TKT-002971,Damaged Item,4
user_3a11e3ca@gmail.com,TKT-002972,Damaged Item,5
user_38c95ee1@gmail.com,TKT-002973,Damaged Item,2
user_be034473@gmail.com,TKT-002974,Late Delivery,3
user_5f4dbdb0@gmail.com,TKT-002975,Damaged Item,2
user_46d13667@gmail.com,TKT-002976,Late Delivery,3
user_136ddb20@gmail.com,TKT-002977,Damaged Item,3
user_742496f1@gmail.com,TKT-002978,Damaged Item,5
user_b4a36545@gmail.com,TKT-002979,Damaged Item,2
user_8da9991a@gmail.com,TKT-002980,Late Delivery,5
user_1471f06f@gmail.com,TKT-002981,Late Delivery,5
user_3baa1dfe@gmail.com,TKT-002982,Damaged Item,5
user_f5de43d4@gmail.com,TKT-002983,Damaged Item,5
user_e04de08e@gmail.com,TKT-002984,Late Delivery,5
user_a0f619ac@gmail.com,TKT-002985,Damaged Item,1
user_64b8cc7a@gmail.com,TKT-002986,Late Delivery,4
user_10c04a93@gmail.com,TKT-002987,Late Delivery,5
user_1f6e3a4d@gmail.com,TKT-002988,Late Delivery,3
user_2b9d6bc6@gmail.com,TKT-002989,Damaged Item,1
user_0c25f212@gmail.com,TKT-002990,Late Delivery,5
user_159e6bf9@gmail.com,TKT-002991,Late Delivery,5
user_cd3cab11@gmail.com,TKT-002992,Damaged Item,3
user_70d84d13@gmail.com,TKT-002993,Damaged Item,5
user_d61e034e@gmail.com,TKT-002994,Late Delivery,2
user_283fa782@gmail.com,TKT-002995,Late Delivery,1
user_b9061c4a@gmail.com,TKT-002996,Damaged Item,1
user_0e51f94c@gmail.com,TKT-002997,Late Delivery,3
user_f8db7d98@gmail.com,TKT-002998,Damaged Item,5
user_f1a3e8c7@gmail.com,TKT-002999,Late Delivery,1
user_62896c5b@gmail.com,TKT-003000,Late Delivery,2
user_d889324b@gmail.com,TKT-003001,Damaged Item,3
user_fe4f3ede@gmail.com,TKT-003002,Damaged Item,4
user_b8376d9f@gmail.com,TKT-003003,Damaged Item,3
user_d35a55ce@gmail.com,TKT-003004,Damaged Item,5
user_4cac39a1@gmail.com,TKT-003005,Damaged Item,2
user_bf10b540@gmail.com,TKT-003006,Damaged Item,3
user_5e240776@gmail.com,TKT-003007,Damaged Item,3
user_e303facb@gmail.com,TKT-003008,Damaged Item,4
user_2e242461@gmail.com,TKT-003009,Damaged Item,2
user_9bc9a5e1@gmail.com,TKT-003010,Late Delivery,1
user_e954aa03@gmail.com,TKT-003011,Damaged Item,1
user_c3db10f1@gmail.com,TKT-003012,Damaged Item,2
user_7aebb923@gmail.com,TKT-003013,Late Delivery,4
user_3a432040@gmail.com,TKT-003014,Late Delivery,4
user_71cf1855@gmail.com,TKT-003015,Late Delivery,3
user_286cb34c@gmail.com,TKT-003016,Damaged Item,5
user_dcacf967@gmail.com,TKT-003017,Damaged Item,2
user_20b828a2@gmail.com,TKT-003018,Damaged Item,4
user_29099703@gmail.com,TKT-003019,Late Delivery,4
user_e028094e@gmail.com,TKT-003020,Late Delivery,2
user_9f269af9@gmail.com,TKT-003021,Damaged Item,4
user_40932da1@gmail.com,TKT-003022,Damaged Item,2
user_f86401d5@gmail.com,TKT-003023,Late Delivery,5
user_5b1820b3@gmail.com,TKT-003024,Late Delivery,3
user_baacaa93@gmail.com,TKT-003025,Damaged Item,2
user_bb789016@gmail.com,TKT-003026,Late Delivery,5
user_92d0b88e@gmail.com,TKT-003027,Damaged Item,3
user_820083de@gmail.com,TKT-003028,Damaged Item,5
user_40d028e5@gmail.com,TKT-003029,Damaged Item,4
user_3d3162c2@gmail.com,TKT-003030,Damaged Item,2
user_bba38923@gmail.com,TKT-003031,Damaged Item,4
user_3f38b31f@gmail.com,TKT-003032,Damaged Item,1
user_39bb6dd9@gmail.com,TKT-003033,Late Delivery,5
user_d0a5395d@gmail.com,TKT-003034,Damaged Item,4
user_24f534b7@gmail.com,TKT-003035,Late Delivery,3
user_0c2361f8@gmail.com,TKT-003036,Late Delivery,1
user_e0beede6@gmail.com,TKT-003037,Damaged Item,2
user_d1c8bf61@gmail.com,TKT-003038,Late Delivery,1
user_3548f6fa@gmail.com,TKT-003039,Damaged Item,4
user_bfcb2b73@gmail.com,TKT-003040,Late Delivery,5
user_35813dcc@gmail.com,TKT-003041,Damaged Item,4
user_8fb4dede@gmail.com,TKT-003042,Damaged Item,4
user_23c033f6@gmail.com,TKT-003043,Late Delivery,1
user_41c7ed89@gmail.com,TKT-003044,Damaged Item,4
user_d0b7a41f@gmail.com,TKT-003045,Damaged Item,1
user_15fef933@gmail.com,TKT-003046,Late Delivery,3
user_0b93d560@gmail.com,TKT-003047,Damaged Item,3
user_9133fd47@gmail.com,TKT-003048,Late Delivery,1
user_6cdb0af6@gmail.com,TKT-003049,Late Delivery,2
user_8191d3f0@gmail.com,TKT-003050,Late Delivery,4
user_ae93a147@gmail.com,TKT-003051,Damaged Item,5
user_6a527828@gmail.com,TKT-003052,Late Delivery,4
user_e1aa2973@gmail.com,TKT-003053,Damaged Item,5
user_f14f1332@gmail.com,TKT-003054,Late Delivery,2
user_81d40912@gmail.com,TKT-003055,Damaged Item,3
user_1991e2a2@gmail.com,TKT-003056,Late Delivery,2
user_dd5b4ebd@gmail.com,TKT-003057,Late Delivery,5
user_f00a8a03@gmail.com,TKT-003058,Late Delivery,5
user_c4555c88@gmail.com,TKT-003059,Damaged Item,3
user_e6ce9e5d@gmail.com,TKT-003060,Damaged Item,3
user_e43c19aa@gmail.com,TKT-003061,Late Delivery,2
user_fab027a1@gmail.com,TKT-003062,Damaged Item,1
user_9f0fd7e0@gmail.com,TKT-003063,Late Delivery,4
user_3bb10208@gmail.com,TKT-003064,Late Delivery,4
user_c7fa4b8d@gmail.com,TKT-003065,Damaged Item,5
user_6e9e3c89@gmail.com,TKT-003066,Damaged Item,4
user_5f85aa60@gmail.com,TKT-003067,Damaged Item,4
user_cdc4e2f5@gmail.com,TKT-003068,Late Delivery,4
user_81f15c3d@gmail.com,TKT-003069,Late Delivery,4
user_d8a479c3@gmail.com,TKT-003070,Late Delivery,5
user_017c477c@gmail.com,TKT-003071,Late Delivery,4
user_25c00b3b@gmail.com,TKT-003072,Damaged Item,2
user_c9d0b6cc@gmail.com,TKT-003073,Late Delivery,4
user_37299efb@gmail.com,TKT-003074,Damaged Item,5
user_498d4398@gmail.com,TKT-003075,Late Delivery,1
user_96b9683f@gmail.com,TKT-003076,Damaged Item,3
user_fa30145b@gmail.com,TKT-003077,Late Delivery,1
user_5c3a3f24@gmail.com,TKT-003078,Damaged Item,2
user_250ff4b5@gmail.com,TKT-003079,Late Delivery,2
user_9604d310@gmail.com,TKT-003080,Damaged Item,3
user_6a0f1df8@gmail.com,TKT-003081,Damaged Item,5
user_1fc08d25@gmail.com,TKT-003082,Late Delivery,2
user_a1aad178@gmail.com,TKT-003083,Damaged Item,2
user_3ee546e4@gmail.com,TKT-003084,Late Delivery,3
user_58abf3a2@gmail.com,TKT-003085,Damaged Item,5
user_cd2e300f@gmail.com,TKT-003086,Damaged Item,5
user_b08cf190@gmail.com,TKT-003087,Late Delivery,3
user_89b7bfd5@gmail.com,TKT-003088,Late Delivery,4
user_b778c913@gmail.com,TKT-003089,Late Delivery,3
user_b028293b@gmail.com,TKT-003090,Damaged Item,4
user_c2c9cc43@gmail.com,TKT-003091,Late Delivery,2
user_58c7ab6f@gmail.com,TKT-003092,Damaged Item,5
user_bd3c54cf@gmail.com,TKT-003093,Late Delivery,3
user_29611352@gmail.com,TKT-003094,Late Delivery,3
user_1e0ee679@gmail.com,TKT-003095,Late Delivery,5
user_ce44e2bc@gmail.com,TKT-003096,Damaged Item,3
user_67265226@gmail.com,TKT-003097,Damaged Item,5
user_64965ee4@gmail.com,TKT-003098,Late Delivery,4
user_71532174@gmail.com,TKT-003099,Damaged Item,3
user_cc4a6180@gmail.com,TKT-003100,Late Delivery,5
user_9566861c@gmail.com,TKT-003101,Late Delivery,4
user_76316620@gmail.com,TKT-003102,Damaged Item,2
user_cf7ff39c@gmail.com,TKT-003103,Late Delivery,2
user_63dba940@gmail.com,TKT-003104,Late Delivery,2
user_df88646c@gmail.com,TKT-003105,Late Delivery,5
user_74560133@gmail.com,TKT-003106,Late Delivery,4
user_a80fd8e2@gmail.com,TKT-003107,Late Delivery,3
user_94c41896@gmail.com,TKT-003108,Late Delivery,5
user_8a68b098@gmail.com,TKT-003109,Late Delivery,1
user_1dde89b5@gmail.com,TKT-003110,Late Delivery,3
user_54c03135@gmail.com,TKT-003111,Damaged Item,1
user_da15d63a@gmail.com,TKT-003112,Damaged Item,5
user_e871afa4@gmail.com,TKT-003113,Late Delivery,2
user_9c261170@gmail.com,TKT-003114,Late Delivery,3
user_2fa6a781@gmail.com,TKT-003115,Damaged Item,4
user_09810f7d@gmail.com,TKT-003116,Late Delivery,5
user_caefc77a@gmail.com,TKT-003117,Damaged Item,1
user_a63a275f@gmail.com,TKT-003118,Late Delivery,3
user_90388457@gmail.com,TKT-003119,Damaged Item,3
user_c94817cb@gmail.com,TKT-003120,Damaged Item,5
user_694f0959@gmail.com,TKT-003121,Late Delivery,4
user_e56d844c@gmail.com,TKT-003122,Late Delivery,4
user_52c228da@gmail.com,TKT-003123,Damaged Item,1
user_a3245cae@gmail.com,TKT-003124,Late Delivery,2
user_36cb06fe@gmail.com,TKT-003125,Damaged Item,2
user_734700e1@gmail.com,TKT-003126,Late Delivery,1
user_44986593@gmail.com,TKT-003127,Late Delivery,4
user_bb423eb9@gmail.com,TKT-003128,Damaged Item,4
user_2a676b89@gmail.com,TKT-003129,Damaged Item,4
user_a73eb7f3@gmail.com,TKT-003130,Damaged Item,5
user_787e5ef7@gmail.com,TKT-003131,Damaged Item,2
user_e56faf66@gmail.com,TKT-003132,Damaged Item,3
user_254f01c0@gmail.com,TKT-003133,Damaged Item,5
user_cc7549ad@gmail.com,TKT-003134,Damaged Item,4
user_134381ba@gmail.com,TKT-003135,Late Delivery,3
user_87cfa19b@gmail.com,TKT-003136,Late Delivery,2
user_f90464a5@gmail.com,TKT-003137,Late Delivery,3
user_76658394@gmail.com,TKT-003138,Damaged Item,4
user_af26054d@gmail.com,TKT-003139,Damaged Item,2
user_c38c7a58@gmail.com,TKT-003140,Damaged Item,4
user_177ef67d@gmail.com,TKT-003141,Damaged Item,4
user_0daffbe5@gmail.com,TKT-003142,Damaged Item,5
user_37a84786@gmail.com,TKT-003143,Late Delivery,2
user_74df77fa@gmail.com,TKT-003144,Late Delivery,1
user_4aaa810c@gmail.com,TKT-003145,Late Delivery,2
user_c162adcf@gmail.com,TKT-003146,Damaged Item,5
user_5ae030cc@gmail.com,TKT-003147,Damaged Item,3
user_6d00968d@gmail.com,TKT-003148,Late Delivery,2
user_70170384@gmail.com,TKT-003149,Late Delivery,4
user_a9f230e1@gmail.com,TKT-003150,Damaged Item,3
user_e07a8bc8@gmail.com,TKT-003151,Late Delivery,4
user_f0fe4ee6@gmail.com,TKT-003152,Damaged Item,2
user_5370d7dd@gmail.com,TKT-003153,Damaged Item,1
user_547ef152@gmail.com,TKT-003154,Late Delivery,5
user_148a7291@gmail.com,TKT-003155,Damaged Item,1
user_cd65b7d6@gmail.com,TKT-003156,Late Delivery,1
user_1c487745@gmail.com,TKT-003157,Late Delivery,3
user_b9e73386@gmail.com,TKT-003158,Late Delivery,5
user_09b574d9@gmail.com,TKT-003159,Damaged Item,1
user_d1685e60@gmail.com,TKT-003160,Late Delivery,4
user_38c70940@gmail.com,TKT-003161,Damaged Item,2
user_e0d57fcc@gmail.com,TKT-003162,Damaged Item,1
user_15832969@gmail.com,TKT-003163,Damaged Item,3
user_312ca503@gmail.com,TKT-003164,Damaged Item,2
user_9c7bc34f@gmail.com,TKT-003165,Damaged Item,4
user_50d47134@gmail.com,TKT-003166,Late Delivery,4
user_12bf35ae@gmail.com,TKT-003167,Damaged Item,1
user_ed4c785e@gmail.com,TKT-003168,Late Delivery,3
user_b162b6f5@gmail.com,TKT-003169,Late Delivery,2
user_103f55ed@gmail.com,TKT-003170,Damaged Item,1
user_3a3ace69@gmail.com,TKT-003171,Late Delivery,5
user_37bc3d46@gmail.com,TKT-003172,Late Delivery,3
user_f3baec24@gmail.com,TKT-003173,Late Delivery,2
user_eded75e5@gmail.com,TKT-003174,Late Delivery,2
user_efa1d060@gmail.com,TKT-003175,Late Delivery,3
user_b2366855@gmail.com,TKT-003176,Late Delivery,2
user_047448cc@gmail.com,TKT-003177,Damaged Item,5
user_9a856bb6@gmail.com,TKT-003178,Late Delivery,1
user_6b38599d@gmail.com,TKT-003179,Late Delivery,1
user_52e0931b@gmail.com,TKT-003180,Late Delivery,4
user_49bd54e3@gmail.com,TKT-003181,Damaged Item,1
user_f25de78f@gmail.com,TKT-003182,Damaged Item,2
user_d1825c7a@gmail.com,TKT-003183,Late Delivery,1
user_f0d2de7e@gmail.com,TKT-003184,Late Delivery,4
user_3b113221@gmail.com,TKT-003185,Damaged Item,4
user_34043e95@gmail.com,TKT-003186,Late Delivery,4
user_959d8109@gmail.com,TKT-003187,Late Delivery,2
user_5f0e0a97@gmail.com,TKT-003188,Damaged Item,4
user_fbfc2aca@gmail.com,TKT-003189,Late Delivery,3
user_b671ab29@gmail.com,TKT-003190,Late Delivery,3
user_e02fbead@gmail.com,TKT-003191,Late Delivery,5
user_8882c52c@gmail.com,TKT-003192,Late Delivery,4
user_84e9ba76@gmail.com,TKT-003193,Late Delivery,1
user_f3cc15d4@gmail.com,TKT-003194,Damaged Item,5
user_e25ecad4@gmail.com,TKT-003195,Late Delivery,1
user_caca57a3@gmail.com,TKT-003196,Damaged Item,2
user_c1a46e86@gmail.com,TKT-003197,Damaged Item,5
user_3679353f@gmail.com,TKT-003198,Late Delivery,5
user_39b8ac76@gmail.com,TKT-003199,Damaged Item,5
user_fbddeabb@gmail.com,TKT-003200,Damaged Item,2
user_681f292e@gmail.com,TKT-003201,Late Delivery,4
user_a0f22408@gmail.com,TKT-003202,Damaged Item,5
user_4bfd9e0d@gmail.com,TKT-003203,Damaged Item,5
user_bcd7f550@gmail.com,TKT-003204,Damaged Item,4
user_7a28ec2e@gmail.com,TKT-003205,Late Delivery,1
user_e6d2b4f6@gmail.com,TKT-003206,Late Delivery,4
user_bf7e07e4@gmail.com,TKT-003207,Damaged Item,4
user_0ecb7751@gmail.com,TKT-003208,Damaged Item,1
user_fc1dfd68@gmail.com,TKT-003209,Damaged Item,4
user_abd0b383@gmail.com,TKT-003210,Damaged Item,5
user_fc1d8413@gmail.com,TKT-003211,Late Delivery,3
user_fcbe905c@gmail.com,TKT-003212,Damaged Item,2
user_5ee8fe95@gmail.com,TKT-003213,Late Delivery,3
user_7345d442@gmail.com,TKT-003214,Late Delivery,4
user_87c193ec@gmail.com,TKT-003215,Damaged Item,3
user_4105515e@gmail.com,TKT-003216,Late Delivery,1
user_db290f78@gmail.com,TKT-003217,Late Delivery,5
user_cd0c3f3f@gmail.com,TKT-003218,Damaged Item,3
user_536833e1@gmail.com,TKT-003219,Damaged Item,4
user_afc3f49c@gmail.com,TKT-003220,Late Delivery,4
user_20f77de1@gmail.com,TKT-003221,Late Delivery,5
user_623c76bb@gmail.com,TKT-003222,Late Delivery,1
user_6c613174@gmail.com,TKT-003223,Damaged Item,4
user_7453e768@gmail.com,TKT-003224,Damaged Item,1
user_3895f60f@gmail.com,TKT-003225,Damaged Item,2
user_b0015e09@gmail.com,TKT-003226,Late Delivery,5
user_77ba314c@gmail.com,TKT-003227,Late Delivery,4
user_fe2d8862@gmail.com,TKT-003228,Late Delivery,4
user_8aee0dda@gmail.com,TKT-003229,Damaged Item,4
user_ac3e0bfc@gmail.com,TKT-003230,Late Delivery,5
user_c802549d@gmail.com,TKT-003231,Late Delivery,5
user_85dcde3d@gmail.com,TKT-003232,Damaged Item,5
user_e07cddb9@gmail.com,TKT-003233,Late Delivery,5
user_d6bd608a@gmail.com,TKT-003234,Late Delivery,4
user_033423f2@gmail.com,TKT-003235,Damaged Item,2
user_5d5ac1c0@gmail.com,TKT-003236,Late Delivery,3
user_8eda9387@gmail.com,TKT-003237,Late Delivery,5
user_b9ce93ae@gmail.com,TKT-003238,Late Delivery,3
user_a3b654f4@gmail.com,TKT-003239,Late Delivery,1
user_c829f507@gmail.com,TKT-003240,Late Delivery,1
user_26fc7461@gmail.com,TKT-003241,Late Delivery,5
user_18ea277f@gmail.com,TKT-003242,Damaged Item,4
user_af3b088c@gmail.com,TKT-003243,Damaged Item,3
user_6f0bde33@gmail.com,TKT-003244,Damaged Item,5
user_0889e9a7@gmail.com,TKT-003245,Late Delivery,4
user_33a76918@gmail.com,TKT-003246,Late Delivery,3
user_84bce7ce@gmail.com,TKT-003247,Late Delivery,1
user_e24fdc72@gmail.com,TKT-003248,Late Delivery,4
user_ea7c9f64@gmail.com,TKT-003249,Damaged Item,2
user_4512070e@gmail.com,TKT-003250,Damaged Item,3
user_138b6021@gmail.com,TKT-003251,Late Delivery,3
user_83d8ec86@gmail.com,TKT-003252,Late Delivery,4
user_67420a8a@gmail.com,TKT-003253,Late Delivery,3
user_bce1e450@gmail.com,TKT-003254,Late Delivery,3
user_5aaf262a@gmail.com,TKT-003255,Damaged Item,4
user_c717b0e2@gmail.com,TKT-003256,Damaged Item,5
user_5e8a37a9@gmail.com,TKT-003257,Late Delivery,3
user_5defeaf9@gmail.com,TKT-003258,Damaged Item,2
user_1ba882e7@gmail.com,TKT-003259,Late Delivery,3
user_cbf8fe7a@gmail.com,TKT-003260,Damaged Item,2
user_ba7732cb@gmail.com,TKT-003261,Late Delivery,5
user_8e12d069@gmail.com,TKT-003262,Late Delivery,2
user_78f80ec9@gmail.com,TKT-003263,Late Delivery,2
user_67d825e1@gmail.com,TKT-003264,Late Delivery,3
user_5124f43d@gmail.com,TKT-003265,Late Delivery,2
user_9f159182@gmail.com,TKT-003266,Damaged Item,1
user_5ff173ac@gmail.com,TKT-003267,Late Delivery,2
user_247e0dcd@gmail.com,TKT-003268,Late Delivery,2
user_49b66a58@gmail.com,TKT-003269,Damaged Item,5
user_713eb762@gmail.com,TKT-003270,Damaged Item,3
user_dd6b9136@gmail.com,TKT-003271,Late Delivery,5
user_24a58752@gmail.com,TKT-003272,Late Delivery,3
user_535dd030@gmail.com,TKT-003273,Damaged Item,2
user_4cdcedea@gmail.com,TKT-003274,Late Delivery,1
user_4df4fdcd@gmail.com,TKT-003275,Damaged Item,3
user_f3a24fa0@gmail.com,TKT-003276,Late Delivery,2
user_7747ee78@gmail.com,TKT-003277,Late Delivery,1
user_d24b39ce@gmail.com,TKT-003278,Late Delivery,2
user_7d59b5ab@gmail.com,TKT-003279,Late Delivery,1
user_f9ba9d12@gmail.com,TKT-003280,Late Delivery,3
user_d1e40668@gmail.com,TKT-003281,Late Delivery,1
user_d1600027@gmail.com,TKT-003282,Damaged Item,5
user_9b1d4ea0@gmail.com,TKT-003283,Damaged Item,1
user_1e29568f@gmail.com,TKT-003284,Late Delivery,1
user_1dea0b23@gmail.com,TKT-003285,Late Delivery,3
user_e3299196@gmail.com,TKT-003286,Late Delivery,2
user_efbe0ca2@gmail.com,TKT-003287,Damaged Item,5
user_96cb02f6@gmail.com,TKT-003288,Damaged Item,1
user_471d4914@gmail.com,TKT-003289,Late Delivery,3
user_aa47b5f0@gmail.com,TKT-003290,Damaged Item,1
user_bcecc0da@gmail.com,TKT-003291,Damaged Item,3
user_9cd14738@gmail.com,TKT-003292,Damaged Item,4
user_f6dc4789@gmail.com,TKT-003293,Late Delivery,5
user_44ba890a@gmail.com,TKT-003294,Late Delivery,2
user_b897a4a1@gmail.com,TKT-003295,Damaged Item,2
user_1a6cbc34@gmail.com,TKT-003296,Damaged Item,1
user_b7bb1999@gmail.com,TKT-003297,Damaged Item,2
user_3edc782f@gmail.com,TKT-003298,Late Delivery,5
user_19985726@gmail.com,TKT-003299,Late Delivery,1
user_ad0ad7c7@gmail.com,TKT-003300,Damaged Item,4
user_ee93308f@gmail.com,TKT-003301,Damaged Item,1
user_88588dae@gmail.com,TKT-003302,Late Delivery,3
user_3a4bb693@gmail.com,TKT-003303,Late Delivery,4
user_756812eb@gmail.com,TKT-003304,Late Delivery,1
user_3378cb40@gmail.com,TKT-003305,Damaged Item,1
user_fd058656@gmail.com,TKT-003306,Late Delivery,5
user_9a8b090e@gmail.com,TKT-003307,Damaged Item,3
user_08e5e7c8@gmail.com,TKT-003308,Damaged Item,2
user_c4c750e5@gmail.com,TKT-003309,Late Delivery,2
user_890e2f88@gmail.com,TKT-003310,Late Delivery,5
user_67fcfe49@gmail.com,TKT-003311,Late Delivery,5
user_eeb83f65@gmail.com,TKT-003312,Damaged Item,1
user_9f598f12@gmail.com,TKT-003313,Damaged Item,1
user_2d8ee44f@gmail.com,TKT-003314,Damaged Item,4
user_b40da3a9@gmail.com,TKT-003315,Late Delivery,5
user_0c3582be@gmail.com,TKT-003316,Late Delivery,2
user_02a2a0a9@gmail.com,TKT-003317,Damaged Item,4
user_7ddf6d4f@gmail.com,TKT-003318,Late Delivery,4
user_031cbf8e@gmail.com,TKT-003319,Late Delivery,1
user_3fcc7f68@gmail.com,TKT-003320,Damaged Item,4
user_43561555@gmail.com,TKT-003321,Damaged Item,4
user_384cf16e@gmail.com,TKT-003322,Late Delivery,3
user_55e06703@gmail.com,TKT-003323,Damaged Item,5
user_7afecfba@gmail.com,TKT-003324,Late Delivery,1
user_1174fb78@gmail.com,TKT-003325,Damaged Item,4
user_7a350426@gmail.com,TKT-003326,Damaged Item,5
user_f96342be@gmail.com,TKT-003327,Late Delivery,4
user_02c10a54@gmail.com,TKT-003328,Late Delivery,5
user_ab25221e@gmail.com,TKT-003329,Damaged Item,5
user_dd953fa1@gmail.com,TKT-003330,Damaged Item,3
user_6e9bf221@gmail.com,TKT-003331,Late Delivery,5
user_cdd0d75e@gmail.com,TKT-003332,Damaged Item,5
user_fded88a1@gmail.com,TKT-003333,Late Delivery,4
user_9634506e@gmail.com,TKT-003334,Damaged Item,1
user_f2c1e126@gmail.com,TKT-003335,Damaged Item,2
user_78901a5f@gmail.com,TKT-003336,Damaged Item,5
user_7f9ba6b3@gmail.com,TKT-003337,Late Delivery,4
user_b0779d7d@gmail.com,TKT-003338,Damaged Item,2
user_9443ba32@gmail.com,TKT-003339,Late Delivery,4
user_d087fe26@gmail.com,TKT-003340,Damaged Item,5
user_5a217b57@gmail.com,TKT-003341,Damaged Item,4
user_d372a040@gmail.com,TKT-003342,Late Delivery,3
user_adc5f9c9@gmail.com,TKT-003343,Late Delivery,1
user_cc230a0a@gmail.com,TKT-003344,Late Delivery,4
user_02d11346@gmail.com,TKT-003345,Late Delivery,1
user_0151bcc1@gmail.com,TKT-003346,Late Delivery,1
user_1bffb251@gmail.com,TKT-003347,Late Delivery,2
user_29caf1c1@gmail.com,TKT-003348,Late Delivery,2
user_72164f83@gmail.com,TKT-003349,Late Delivery,5
user_d5aa348e@gmail.com,TKT-003350,Damaged Item,1
user_807842f7@gmail.com,TKT-003351,Damaged Item,5
user_4249a172@gmail.com,TKT-003352,Damaged Item,2
user_46d9d8ad@gmail.com,TKT-003353,Damaged Item,5
user_9ee5b1ab@gmail.com,TKT-003354,Damaged Item,4
user_b6543b5c@gmail.com,TKT-003355,Late Delivery,2
user_a534aaed@gmail.com,TKT-003356,Late Delivery,4
user_2896f174@gmail.com,TKT-003357,Damaged Item,5
user_0fb2563c@gmail.com,TKT-003358,Late Delivery,2
user_798b4acd@gmail.com,TKT-003359,Late Delivery,2
user_87f036a1@gmail.com,TKT-003360,Late Delivery,5
user_30fdc278@gmail.com,TKT-003361,Damaged Item,4
user_20de74ea@gmail.com,TKT-003362,Late Delivery,4
user_73cef625@gmail.com,TKT-003363,Damaged Item,2
user_1abb99e0@gmail.com,TKT-003364,Damaged Item,1
user_314259ec@gmail.com,TKT-003365,Late Delivery,4
user_35d9dfb0@gmail.com,TKT-003366,Late Delivery,2
user_c8357179@gmail.com,TKT-003367,Damaged Item,2
user_40774d86@gmail.com,TKT-003368,Late Delivery,5
user_8eec3ba3@gmail.com,TKT-003369,Damaged Item,5
user_90c2607a@gmail.com,TKT-003370,Late Delivery,1
user_d1841b98@gmail.com,TKT-003371,Late Delivery,5
user_62697622@gmail.com,TKT-003372,Damaged Item,4
user_606a5bf5@gmail.com,TKT-003373,Late Delivery,1
user_a63810ae@gmail.com,TKT-003374,Damaged Item,1
user_8e38a36e@gmail.com,TKT-003375,Damaged Item,5
user_1d7f4a78@gmail.com,TKT-003376,Damaged Item,2
user_8f514357@gmail.com,TKT-003377,Damaged Item,4
user_622ef055@gmail.com,TKT-003378,Damaged Item,3
user_53ad3e82@gmail.com,TKT-003379,Late Delivery,5
user_ae8c6a7c@gmail.com,TKT-003380,Late Delivery,1
user_16746cee@gmail.com,TKT-003381,Damaged Item,1
user_f5ac526a@gmail.com,TKT-003382,Late Delivery,1
user_e71a17dd@gmail.com,TKT-003383,Late Delivery,2
user_d7f3b71a@gmail.com,TKT-003384,Late Delivery,3
user_80e342d5@gmail.com,TKT-003385,Damaged Item,4
user_6c40ee49@gmail.com,TKT-003386,Late Delivery,3
user_b9a3e762@gmail.com,TKT-003387,Damaged Item,1
user_ddfc5680@gmail.com,TKT-003388,Damaged Item,1
user_d8f3c4f4@gmail.com,TKT-003389,Damaged Item,5
user_1e89d084@gmail.com,TKT-003390,Damaged Item,4
user_e779db0c@gmail.com,TKT-003391,Damaged Item,5
user_350e8b23@gmail.com,TKT-003392,Damaged Item,3
user_09942914@gmail.com,TKT-003393,Damaged Item,3
user_17d8f44e@gmail.com,TKT-003394,Late Delivery,5
user_7b7083ce@gmail.com,TKT-003395,Damaged Item,4
user_e62f4619@gmail.com,TKT-003396,Damaged Item,2
user_cd8da100@gmail.com,TKT-003397,Damaged Item,3
user_58590b9d@gmail.com,TKT-003398,Late Delivery,2
user_7cbf8986@gmail.com,TKT-003399,Damaged Item,3
user_31dcb1b9@gmail.com,TKT-003400,Late Delivery,2
user_aeb650b8@gmail.com,TKT-003401,Damaged Item,5
user_f470726b@gmail.com,TKT-003402,Late Delivery,3
user_51285b47@gmail.com,TKT-003403,Late Delivery,4
user_4da5e451@gmail.com,TKT-003404,Damaged Item,1
user_7aa4cc10@gmail.com,TKT-003405,Damaged Item,5
user_10610699@gmail.com,TKT-003406,Late Delivery,3
user_91e2a2ca@gmail.com,TKT-003407,Late Delivery,1
user_cfef5d9c@gmail.com,TKT-003408,Late Delivery,1
user_6b1ea048@gmail.com,TKT-003409,Late Delivery,2
user_8fc53b7d@gmail.com,TKT-003410,Damaged Item,2
user_11e77fd0@gmail.com,TKT-003411,Late Delivery,1
user_71a13bcc@gmail.com,TKT-003412,Damaged Item,4
user_af76030b@gmail.com,TKT-003413,Late Delivery,5
user_ff0a5e43@gmail.com,TKT-003414,Late Delivery,1
user_03366d72@gmail.com,TKT-003415,Late Delivery,2
user_df6d8332@gmail.com,TKT-003416,Late Delivery,1
user_cac0a24e@gmail.com,TKT-003417,Damaged Item,2
user_9cb6efa9@gmail.com,TKT-003418,Late Delivery,3
user_e35d19c6@gmail.com,TKT-003419,Damaged Item,2
user_a35a4aab@gmail.com,TKT-003420,Damaged Item,3
user_0dee900a@gmail.com,TKT-003421,Late Delivery,3
user_f3ecaafa@gmail.com,TKT-003422,Damaged Item,5
user_97d37af0@gmail.com,TKT-003423,Damaged Item,5
user_4f523ca0@gmail.com,TKT-003424,Late Delivery,1
user_60773a7b@gmail.com,TKT-003425,Late Delivery,5
user_9aa566e6@gmail.com,TKT-003426,Late Delivery,4
user_e302d90b@gmail.com,TKT-003427,Late Delivery,2
user_dd7e72cc@gmail.com,TKT-003428,Late Delivery,3
user_6d0ed1ac@gmail.com,TKT-003429,Late Delivery,5
user_6b030726@gmail.com,TKT-003430,Damaged Item,5
user_61723188@gmail.com,TKT-003431,Late Delivery,1
user_6ff8b0d7@gmail.com,TKT-003432,Damaged Item,2
user_0ee19d79@gmail.com,TKT-003433,Late Delivery,4
user_ea5c5a05@gmail.com,TKT-003434,Late Delivery,1
user_55bb89d4@gmail.com,TKT-003435,Damaged Item,1
user_7dddd924@gmail.com,TKT-003436,Damaged Item,2
user_2e1bf660@gmail.com,TKT-003437,Damaged Item,1
user_fc92ffd9@gmail.com,TKT-003438,Damaged Item,1
user_cd9ee439@gmail.com,TKT-003439,Damaged Item,4
user_84b0bf77@gmail.com,TKT-003440,Damaged Item,2
user_8cec3ca2@gmail.com,TKT-003441,Damaged Item,1
user_c679ed73@gmail.com,TKT-003442,Late Delivery,5
user_ea6000c5@gmail.com,TKT-003443,Late Delivery,1
user_3941d548@gmail.com,TKT-003444,Damaged Item,3
user_ee175b01@gmail.com,TKT-003445,Late Delivery,3
user_93bf7b89@gmail.com,TKT-003446,Damaged Item,3
user_d117fdd7@gmail.com,TKT-003447,Damaged Item,4
user_53ecde79@gmail.com,TKT-003448,Damaged Item,5
user_06e6706c@gmail.com,TKT-003449,Late Delivery,1
user_3154c6d7@gmail.com,TKT-003450,Damaged Item,3
user_7530369a@gmail.com,TKT-003451,Damaged Item,3
user_ca26c28c@gmail.com,TKT-003452,Late Delivery,4
user_ab3283bc@gmail.com,TKT-003453,Late Delivery,3
user_d9c29be3@gmail.com,TKT-003454,Late Delivery,5
user_c0b7acc5@gmail.com,TKT-003455,Damaged Item,4
user_e8a5bf81@gmail.com,TKT-003456,Late Delivery,3
user_4a64ae85@gmail.com,TKT-003457,Damaged Item,2
user_5469283b@gmail.com,TKT-003458,Damaged Item,4
user_4d0063e1@gmail.com,TKT-003459,Late Delivery,5
user_3efb473c@gmail.com,TKT-003460,Damaged Item,2
user_4c4b5dc9@gmail.com,TKT-003461,Late Delivery,2
user_271a5347@gmail.com,TKT-003462,Damaged Item,1
user_27e41bb4@gmail.com,TKT-003463,Damaged Item,3
user_ff9e11d2@gmail.com,TKT-003464,Late Delivery,2
user_4428fe63@gmail.com,TKT-003465,Damaged Item,1
user_ba7805ef@gmail.com,TKT-003466,Late Delivery,1
user_09ec70d1@gmail.com,TKT-003467,Damaged Item,1
user_b0214eb6@gmail.com,TKT-003468,Damaged Item,5
user_1fc7b850@gmail.com,TKT-003469,Late Delivery,1
user_78d1762e@gmail.com,TKT-003470,Damaged Item,1
user_e85c4716@gmail.com,TKT-003471,Late Delivery,1
user_67b04a22@gmail.com,TKT-003472,Late Delivery,4
user_cbc1a437@gmail.com,TKT-003473,Late Delivery,3
user_5fb693e6@gmail.com,TKT-003474,Damaged Item,5
user_1ce5b476@gmail.com,TKT-003475,Damaged Item,3
user_d1c19268@gmail.com,TKT-003476,Late Delivery,4
user_3f44ba2f@gmail.com,TKT-003477,Damaged Item,3
user_b87a274e@gmail.com,TKT-003478,Damaged Item,4
user_d94c392c@gmail.com,TKT-003479,Damaged Item,5
user_9064c853@gmail.com,TKT-003480,Late Delivery,2
user_538cf24f@gmail.com,TKT-003481,Damaged Item,4
user_a845495d@gmail.com,TKT-003482,Late Delivery,5
user_cda54774@gmail.com,TKT-003483,Damaged Item,4
user_88e0eef7@gmail.com,TKT-003484,Late Delivery,4
user_5d4de0f5@gmail.com,TKT-003485,Damaged Item,4
user_b8fdcf42@gmail.com,TKT-003486,Damaged Item,3
user_d2773cf4@gmail.com,TKT-003487,Damaged Item,2
user_4ed0ca74@gmail.com,TKT-003488,Late Delivery,2
user_db6dba0a@gmail.com,TKT-003489,Damaged Item,3
user_d3e09f23@gmail.com,TKT-003490,Damaged Item,2
user_d6498e84@gmail.com,TKT-003491,Late Delivery,3
user_5eccddab@gmail.com,TKT-003492,Late Delivery,3
user_fd450c33@gmail.com,TKT-003493,Late Delivery,2
user_74f58210@gmail.com,TKT-003494,Damaged Item,2
user_de347ebb@gmail.com,TKT-003495,Damaged Item,1
user_6ebecf97@gmail.com,TKT-003496,Damaged Item,1
user_ea17179e@gmail.com,TKT-003497,Damaged Item,5
user_5ebc16fa@gmail.com,TKT-003498,Late Delivery,5
user_65067316@gmail.com,TKT-003499,Late Delivery,4
user_38b4bde2@gmail.com,TKT-003500,Damaged Item,5
user_f0229246@gmail.com,TKT-003501,Late Delivery,5
user_8dab20f4@gmail.com,TKT-003502,Late Delivery,3
user_f7d86e04@gmail.com,TKT-003503,Late Delivery,3
user_633649e1@gmail.com,TKT-003504,Late Delivery,4
user_f494b124@gmail.com,TKT-003505,Late Delivery,3
user_e9975df1@gmail.com,TKT-003506,Late Delivery,3
user_6b0c568e@gmail.com,TKT-003507,Late Delivery,3
user_c216ddf0@gmail.com,TKT-003508,Late Delivery,5
user_6919ba53@gmail.com,TKT-003509,Damaged Item,2
user_38178544@gmail.com,TKT-003510,Late Delivery,2
user_e98bc5f2@gmail.com,TKT-003511,Damaged Item,2
user_38821e4e@gmail.com,TKT-003512,Late Delivery,5
user_f8acee13@gmail.com,TKT-003513,Damaged Item,3
user_2dc1f032@gmail.com,TKT-003514,Late Delivery,2
user_047ade39@gmail.com,TKT-003515,Late Delivery,1
user_b3ccfe96@gmail.com,TKT-003516,Late Delivery,5
user_6372300f@gmail.com,TKT-003517,Damaged Item,2
user_e9e50de5@gmail.com,TKT-003518,Late Delivery,2
user_16fb5129@gmail.com,TKT-003519,Late Delivery,1
user_4cc42f1a@gmail.com,TKT-003520,Late Delivery,4
user_c6beb7c8@gmail.com,TKT-003521,Damaged Item,5
user_c4c35b9d@gmail.com,TKT-003522,Late Delivery,1
user_99d9b97b@gmail.com,TKT-003523,Late Delivery,5
user_71cc49dc@gmail.com,TKT-003524,Late Delivery,2
user_5fba5bfb@gmail.com,TKT-003525,Late Delivery,4
user_90f59279@gmail.com,TKT-003526,Damaged Item,2
user_e9ea974c@gmail.com,TKT-003527,Late Delivery,5
user_db8d487c@gmail.com,TKT-003528,Damaged Item,1
user_a464a204@gmail.com,TKT-003529,Late Delivery,2
user_d15940ef@gmail.com,TKT-003530,Late Delivery,3
user_859e3cbf@gmail.com,TKT-003531,Late Delivery,4
user_33d352ee@gmail.com,TKT-003532,Damaged Item,2
user_6f5b8bc0@gmail.com,TKT-003533,Damaged Item,3
user_4cc40468@gmail.com,TKT-003534,Damaged Item,1
user_7ab70dec@gmail.com,TKT-003535,Damaged Item,3
user_508b6b77@gmail.com,TKT-003536,Damaged Item,4
user_0c543525@gmail.com,TKT-003537,Damaged Item,2
user_f808e921@gmail.com,TKT-003538,Late Delivery,1
user_01290b61@gmail.com,TKT-003539,Damaged Item,3
user_beb15732@gmail.com,TKT-003540,Damaged Item,4
user_45d9410b@gmail.com,TKT-003541,Damaged Item,5
user_9a812900@gmail.com,TKT-003542,Late Delivery,1
user_4d72bfdc@gmail.com,TKT-003543,Late Delivery,2
user_6bd4bdc6@gmail.com,TKT-003544,Damaged Item,5
user_66ad2382@gmail.com,TKT-003545,Damaged Item,3
user_616a2ad9@gmail.com,TKT-003546,Damaged Item,5
user_4bd837a4@gmail.com,TKT-003547,Late Delivery,1
user_ccbb17c9@gmail.com,TKT-003548,Late Delivery,4
user_3a563753@gmail.com,TKT-003549,Late Delivery,2
user_144c6342@gmail.com,TKT-003550,Damaged Item,1
user_b9a6bd45@gmail.com,TKT-003551,Damaged Item,4
user_b385b625@gmail.com,TKT-003552,Damaged Item,2
user_264bf07e@gmail.com,TKT-003553,Late Delivery,5
user_07319cb9@gmail.com,TKT-003554,Late Delivery,5
user_d7cfefa9@gmail.com,TKT-003555,Damaged Item,1
user_ddfbd2ab@gmail.com,TKT-003556,Late Delivery,3
user_22977d88@gmail.com,TKT-003557,Damaged Item,1
user_fc3eb71a@gmail.com,TKT-003558,Damaged Item,3
user_b1201852@gmail.com,TKT-003559,Damaged Item,2
user_53f83d95@gmail.com,TKT-003560,Damaged Item,4
user_b6024dd3@gmail.com,TKT-003561,Damaged Item,5
user_3ff01695@gmail.com,TKT-003562,Damaged Item,1
user_b9f0263e@gmail.com,TKT-003563,Damaged Item,3
user_7273020f@gmail.com,TKT-003564,Damaged Item,2
user_296e31d6@gmail.com,TKT-003565,Late Delivery,4
user_ae1e75b5@gmail.com,TKT-003566,Damaged Item,2
user_3b6f5d22@gmail.com,TKT-003567,Damaged Item,5
user_edc7ff91@gmail.com,TKT-003568,Late Delivery,5
user_b4699ec1@gmail.com,TKT-003569,Damaged Item,3
user_91730c99@gmail.com,TKT-003570,Late Delivery,3
user_0138dff4@gmail.com,TKT-003571,Late Delivery,5
user_ec236f04@gmail.com,TKT-003572,Late Delivery,5
user_88be8bcb@gmail.com,TKT-003573,Damaged Item,5
user_c15721a1@gmail.com,TKT-003574,Late Delivery,4
user_56251490@gmail.com,TKT-003575,Late Delivery,5
user_1d4da7e8@gmail.com,TKT-003576,Late Delivery,4
user_d0b3390e@gmail.com,TKT-003577,Late Delivery,5
user_39b7630b@gmail.com,TKT-003578,Damaged Item,2
user_b73d9357@gmail.com,TKT-003579,Late Delivery,1
user_1e8d3825@gmail.com,TKT-003580,Late Delivery,3
user_462dc9ca@gmail.com,TKT-003581,Late Delivery,1
user_750ebfed@gmail.com,TKT-003582,Late Delivery,4
user_3810359e@gmail.com,TKT-003583,Damaged Item,3
user_36092248@gmail.com,TKT-003584,Damaged Item,5
user_0a7cf55a@gmail.com,TKT-003585,Damaged Item,1
user_60285cdf@gmail.com,TKT-003586,Damaged Item,3
user_1dbbe60f@gmail.com,TKT-003587,Damaged Item,3
user_ec97f627@gmail.com,TKT-003588,Damaged Item,4
user_be09bc14@gmail.com,TKT-003589,Damaged Item,1
user_22622fc5@gmail.com,TKT-003590,Late Delivery,2
user_ff53fbc3@gmail.com,TKT-003591,Damaged Item,3
user_8cd56cf8@gmail.com,TKT-003592,Damaged Item,5
user_545f52e1@gmail.com,TKT-003593,Late Delivery,1
user_7cc3f519@gmail.com,TKT-003594,Late Delivery,4
user_b1b56f74@gmail.com,TKT-003595,Late Delivery,4
user_9d86765b@gmail.com,TKT-003596,Late Delivery,1
user_d5adfc2b@gmail.com,TKT-003597,Late Delivery,4
user_ad7b617a@gmail.com,TKT-003598,Damaged Item,1
user_92e77de8@gmail.com,TKT-003599,Damaged Item,4
user_32bd15f6@gmail.com,TKT-003600,Damaged Item,5
user_11d8cc7d@gmail.com,TKT-003601,Late Delivery,5
user_b3b438a8@gmail.com,TKT-003602,Late Delivery,1
user_74775b18@gmail.com,TKT-003603,Late Delivery,1
user_c05c21c7@gmail.com,TKT-003604,Damaged Item,4
user_3495282b@gmail.com,TKT-003605,Damaged Item,4
user_7806ddf4@gmail.com,TKT-003606,Late Delivery,4
user_af89700c@gmail.com,TKT-003607,Late Delivery,1
user_3af0afdf@gmail.com,TKT-003608,Late Delivery,4
user_12e7408e@gmail.com,TKT-003609,Late Delivery,1
user_94061aba@gmail.com,TKT-003610,Late Delivery,3
user_f71e54b7@gmail.com,TKT-003611,Late Delivery,4
user_39e4c9fa@gmail.com,TKT-003612,Damaged Item,1
user_ff913fbe@gmail.com,TKT-003613,Late Delivery,2
user_48f2f728@gmail.com,TKT-003614,Late Delivery,2
user_b57e6091@gmail.com,TKT-003615,Damaged Item,3
user_5287bb98@gmail.com,TKT-003616,Damaged Item,5
user_5c3914b9@gmail.com,TKT-003617,Damaged Item,2
user_3c7fbfe2@gmail.com,TKT-003618,Late Delivery,2
user_c34f2ca2@gmail.com,TKT-003619,Damaged Item,3
user_5268e11e@gmail.com,TKT-003620,Damaged Item,5
user_a6884c14@gmail.com,TKT-003621,Damaged Item,5
user_090a8157@gmail.com,TKT-003622,Late Delivery,5
user_7ef3aebb@gmail.com,TKT-003623,Damaged Item,3
user_1a716867@gmail.com,TKT-003624,Late Delivery,2
user_6a583f4c@gmail.com,TKT-003625,Damaged Item,3
user_8c93f951@gmail.com,TKT-003626,Damaged Item,1
user_d6726021@gmail.com,TKT-003627,Late Delivery,1
user_2410195f@gmail.com,TKT-003628,Late Delivery,4
user_47fc77bc@gmail.com,TKT-003629,Damaged Item,2
user_12d476f5@gmail.com,TKT-003630,Damaged Item,3
user_a590fdd6@gmail.com,TKT-003631,Damaged Item,1
user_d57aa7c8@gmail.com,TKT-003632,Late Delivery,4
user_7ded76b9@gmail.com,TKT-003633,Damaged Item,2
user_333bf43d@gmail.com,TKT-003634,Damaged Item,2
user_eb2b29a6@gmail.com,TKT-003635,Late Delivery,3
user_ca8fdaed@gmail.com,TKT-003636,Damaged Item,5
user_cc51f2b7@gmail.com,TKT-003637,Late Delivery,4
user_0e33296a@gmail.com,TKT-003638,Damaged Item,5
user_935e6664@gmail.com,TKT-003639,Damaged Item,3
user_29ca2039@gmail.com,TKT-003640,Late Delivery,3
user_a6a9bcd5@gmail.com,TKT-003641,Late Delivery,3
user_f3c2730b@gmail.com,TKT-003642,Damaged Item,3
user_cdb1c37a@gmail.com,TKT-003643,Late Delivery,3
user_69e6cc87@gmail.com,TKT-003644,Late Delivery,2
user_a55bb467@gmail.com,TKT-003645,Damaged Item,4
user_ef6d7973@gmail.com,TKT-003646,Damaged Item,5
user_a28a526b@gmail.com,TKT-003647,Late Delivery,1
user_c1aa9860@gmail.com,TKT-003648,Late Delivery,4
user_ff6447d0@gmail.com,TKT-003649,Late Delivery,4
user_455f4c1b@gmail.com,TKT-003650,Late Delivery,2
user_1382666e@gmail.com,TKT-003651,Damaged Item,2
user_553416bc@gmail.com,TKT-003652,Damaged Item,1
user_c2b67a0c@gmail.com,TKT-003653,Damaged Item,3
user_a1864cdd@gmail.com,TKT-003654,Late Delivery,1
user_65f4479c@gmail.com,TKT-003655,Late Delivery,4
user_31110c0a@gmail.com,TKT-003656,Damaged Item,3
user_8d0f0b97@gmail.com,TKT-003657,Damaged Item,3
user_6f90f040@gmail.com,TKT-003658,Late Delivery,1
user_88529634@gmail.com,TKT-003659,Late Delivery,3
user_c27c0dc7@gmail.com,TKT-003660,Damaged Item,4
user_aef176d5@gmail.com,TKT-003661,Late Delivery,1
user_64fbdfb5@gmail.com,TKT-003662,Damaged Item,5
user_5aaf7688@gmail.com,TKT-003663,Late Delivery,3
user_9ba29e89@gmail.com,TKT-003664,Damaged Item,2
user_e21c5913@gmail.com,TKT-003665,Late Delivery,2
user_a6fefcd9@gmail.com,TKT-003666,Damaged Item,5
user_b8fbd518@gmail.com,TKT-003667,Late Delivery,5
user_36f973f0@gmail.com,TKT-003668,Late Delivery,1
user_dd7c170e@gmail.com,TKT-003669,Damaged Item,2
user_30f21e5e@gmail.com,TKT-003670,Damaged Item,1
user_94cc5a9b@gmail.com,TKT-003671,Damaged Item,4
user_83d69e79@gmail.com,TKT-003672,Late Delivery,2
user_b338b43d@gmail.com,TKT-003673,Damaged Item,1
user_9764e05b@gmail.com,TKT-003674,Damaged Item,2
user_bf247569@gmail.com,TKT-003675,Late Delivery,5
user_d616660f@gmail.com,TKT-003676,Damaged Item,3
user_0f75924c@gmail.com,TKT-003677,Late Delivery,2
user_cb7b3d5a@gmail.com,TKT-003678,Damaged Item,1
user_52c325f1@gmail.com,TKT-003679,Late Delivery,5
user_a7431325@gmail.com,TKT-003680,Damaged Item,2
user_f6b5803c@gmail.com,TKT-003681,Late Delivery,5
user_4b9cb72f@gmail.com,TKT-003682,Damaged Item,1
user_b1704f34@gmail.com,TKT-003683,Late Delivery,1
user_330a0bc8@gmail.com,TKT-003684,Late Delivery,4
user_4b4b3932@gmail.com,TKT-003685,Damaged Item,1
user_2e875ea5@gmail.com,TKT-003686,Damaged Item,4
user_6b4317e3@gmail.com,TKT-003687,Late Delivery,3
user_bb6b4ecb@gmail.com,TKT-003688,Damaged Item,4
user_cddb840d@gmail.com,TKT-003689,Damaged Item,3
user_c944b218@gmail.com,TKT-003690,Late Delivery,3
user_552e5e9a@gmail.com,TKT-003691,Late Delivery,3
user_845242d0@gmail.com,TKT-003692,Damaged Item,2
user_58ea7e17@gmail.com,TKT-003693,Late Delivery,3
user_ddd6924b@gmail.com,TKT-003694,Late Delivery,2
user_531707a5@gmail.com,TKT-003695,Late Delivery,5
user_40388ab8@gmail.com,TKT-003696,Late Delivery,2
user_8a0fa67d@gmail.com,TKT-003697,Damaged Item,3
user_bc2387c4@gmail.com,TKT-003698,Late Delivery,4
user_31d1ec8f@gmail.com,TKT-003699,Late Delivery,1
user_2c9b981c@gmail.com,TKT-003700,Damaged Item,2
user_d9eb68c5@gmail.com,TKT-003701,Late Delivery,1
user_93365b38@gmail.com,TKT-003702,Late Delivery,4
user_1272ebf6@gmail.com,TKT-003703,Late Delivery,2
user_ac1d29a2@gmail.com,TKT-003704,Late Delivery,1
user_e6b5460e@gmail.com,TKT-003705,Late Delivery,1
user_6f8dc3bb@gmail.com,TKT-003706,Damaged Item,5
user_354004e1@gmail.com,TKT-003707,Damaged Item,2
user_9eac6998@gmail.com,TKT-003708,Late Delivery,3
user_9ccca5ef@gmail.com,TKT-003709,Late Delivery,5
user_5a34ee0b@gmail.com,TKT-003710,Damaged Item,2
user_a215d8c1@gmail.com,TKT-003711,Damaged Item,1
user_483db1ab@gmail.com,TKT-003712,Late Delivery,2
user_3b97119a@gmail.com,TKT-003713,Late Delivery,5
user_5d282ff0@gmail.com,TKT-003714,Late Delivery,2
user_d02acc45@gmail.com,TKT-003715,Damaged Item,1
user_791a2677@gmail.com,TKT-003716,Late Delivery,5
user_bafb028d@gmail.com,TKT-003717,Late Delivery,5
user_9b7b9944@gmail.com,TKT-003718,Late Delivery,5
user_297264b2@gmail.com,TKT-003719,Late Delivery,1
user_bcea2913@gmail.com,TKT-003720,Damaged Item,4
user_23ad53b2@gmail.com,TKT-003721,Late Delivery,3
user_cd0c3124@gmail.com,TKT-003722,Damaged Item,2
user_176d62f6@gmail.com,TKT-003723,Damaged Item,5
user_9c53b386@gmail.com,TKT-003724,Late Delivery,1
user_6d4a883e@gmail.com,TKT-003725,Late Delivery,1
user_ac2aa6dd@gmail.com,TKT-003726,Late Delivery,3
user_9451854d@gmail.com,TKT-003727,Late Delivery,3
user_a5ec68e2@gmail.com,TKT-003728,Late Delivery,3
user_bb58562b@gmail.com,TKT-003729,Damaged Item,1
user_e2dd3f43@gmail.com,TKT-003730,Damaged Item,4
user_bf1faddd@gmail.com,TKT-003731,Late Delivery,1
user_36d68644@gmail.com,TKT-003732,Damaged Item,4
user_c00a6790@gmail.com,TKT-003733,Damaged Item,4
user_d9b8359f@gmail.com,TKT-003734,Late Delivery,2
user_4657c247@gmail.com,TKT-003735,Damaged Item,2
user_15ee0740@gmail.com,TKT-003736,Damaged Item,5
user_0802a1a2@gmail.com,TKT-003737,Damaged Item,5
user_5d874574@gmail.com,TKT-003738,Late Delivery,2
user_b4e821d1@gmail.com,TKT-003739,Damaged Item,2
user_c00b72e6@gmail.com,TKT-003740,Late Delivery,4
user_f5c0ae7b@gmail.com,TKT-003741,Damaged Item,2
user_7a64d174@gmail.com,TKT-003742,Damaged Item,2
user_f9b3be78@gmail.com,TKT-003743,Damaged Item,5
user_2a1a0f4c@gmail.com,TKT-003744,Damaged Item,1
user_1c2bfaf8@gmail.com,TKT-003745,Damaged Item,1
user_9b5a53aa@gmail.com,TKT-003746,Late Delivery,4
user_5529aea7@gmail.com,TKT-003747,Late Delivery,1
user_907c5425@gmail.com,TKT-003748,Damaged Item,3
user_aaedf122@gmail.com,TKT-003749,Late Delivery,5
user_e8f730c9@gmail.com,TKT-003750,Late Delivery,5
user_50bf45ce@gmail.com,TKT-003751,Damaged Item,2
user_207fe5bb@gmail.com,TKT-003752,Late Delivery,2
user_d549c8ce@gmail.com,TKT-003753,Late Delivery,1
user_8265ba08@gmail.com,TKT-003754,Late Delivery,3
user_f5cdbeaf@gmail.com,TKT-003755,Damaged Item,4
user_f4371018@gmail.com,TKT-003756,Damaged Item,3
user_32d981bb@gmail.com,TKT-003757,Damaged Item,3
user_4a7d0c3d@gmail.com,TKT-003758,Damaged Item,3
user_27fc99c1@gmail.com,TKT-003759,Late Delivery,4
user_371467d2@gmail.com,TKT-003760,Damaged Item,2
user_9c05287b@gmail.com,TKT-003761,Damaged Item,3
user_cd52ca09@gmail.com,TKT-003762,Late Delivery,5
user_b856a09d@gmail.com,TKT-003763,Damaged Item,2
user_70f441b6@gmail.com,TKT-003764,Late Delivery,1
user_b731d463@gmail.com,TKT-003765,Damaged Item,4
user_bfcc6bd0@gmail.com,TKT-003766,Late Delivery,4
user_4ba7b2cf@gmail.com,TKT-003767,Late Delivery,2
user_f5c218fd@gmail.com,TKT-003768,Damaged Item,1
user_db63d193@gmail.com,TKT-003769,Damaged Item,3
user_97a04385@gmail.com,TKT-003770,Late Delivery,4
user_5836ca31@gmail.com,TKT-003771,Damaged Item,1
user_881a55a8@gmail.com,TKT-003772,Damaged Item,4
user_4e156724@gmail.com,TKT-003773,Late Delivery,4
user_5bd72a5b@gmail.com,TKT-003774,Damaged Item,4
user_5f85be15@gmail.com,TKT-003775,Late Delivery,5
user_660e4e07@gmail.com,TKT-003776,Damaged Item,5
user_cb4ee72e@gmail.com,TKT-003777,Late Delivery,5
user_fc27ae83@gmail.com,TKT-003778,Damaged Item,2
user_9172c2f5@gmail.com,TKT-003779,Late Delivery,5
user_286ae84f@gmail.com,TKT-003780,Late Delivery,2
user_da2e6aff@gmail.com,TKT-003781,Late Delivery,4
user_d9aa2192@gmail.com,TKT-003782,Late Delivery,4
user_c263033b@gmail.com,TKT-003783,Damaged Item,5
user_fa95d3be@gmail.com,TKT-003784,Late Delivery,5
user_15094c09@gmail.com,TKT-003785,Damaged Item,2
user_30e81601@gmail.com,TKT-003786,Late Delivery,4
user_179b7afa@gmail.com,TKT-003787,Damaged Item,3
user_9e5fb44b@gmail.com,TKT-003788,Damaged Item,1
user_2a9c0f0e@gmail.com,TKT-003789,Damaged Item,2
user_de292216@gmail.com,TKT-003790,Late Delivery,5
user_09d92659@gmail.com,TKT-003791,Late Delivery,5
user_d2af3198@gmail.com,TKT-003792,Late Delivery,2
user_ce0c4fe9@gmail.com,TKT-003793,Late Delivery,5
user_c112276e@gmail.com,TKT-003794,Damaged Item,1
user_3b87f48e@gmail.com,TKT-003795,Damaged Item,1
user_f8fa17da@gmail.com,TKT-003796,Late Delivery,3
user_a0d8e948@gmail.com,TKT-003797,Damaged Item,5
user_2fc83bfc@gmail.com,TKT-003798,Late Delivery,1
user_3df70907@gmail.com,TKT-003799,Damaged Item,3
user_dcb9aa0a@gmail.com,TKT-003800,Damaged Item,3
user_64819f4e@gmail.com,TKT-003801,Late Delivery,1
user_3c5fec19@gmail.com,TKT-003802,Damaged Item,1
user_dace335d@gmail.com,TKT-003803,Late Delivery,4
user_ff22de82@gmail.com,TKT-003804,Late Delivery,5
user_deb5db1c@gmail.com,TKT-003805,Late Delivery,1
user_347993be@gmail.com,TKT-003806,Late Delivery,2
user_709a0275@gmail.com,TKT-003807,Damaged Item,4
user_60247426@gmail.com,TKT-003808,Late Delivery,5
user_b16784e4@gmail.com,TKT-003809,Late Delivery,5
user_5a5dd627@gmail.com,TKT-003810,Late Delivery,5
user_6c9b828f@gmail.com,TKT-003811,Late Delivery,3
user_3a811ceb@gmail.com,TKT-003812,Damaged Item,3
user_293ac991@gmail.com,TKT-003813,Damaged Item,1
user_9412ded3@gmail.com,TKT-003814,Damaged Item,5
user_a4b72a65@gmail.com,TKT-003815,Late Delivery,2
user_fb50cc72@gmail.com,TKT-003816,Late Delivery,1
user_59d6bea9@gmail.com,TKT-003817,Late Delivery,2
user_aca0c299@gmail.com,TKT-003818,Late Delivery,1
user_b2f75bc5@gmail.com,TKT-003819,Damaged Item,4
user_19346aee@gmail.com,TKT-003820,Damaged Item,3
user_faf0eecd@gmail.com,TKT-003821,Damaged Item,5
user_60d5b1e8@gmail.com,TKT-003822,Damaged Item,3
user_a708496b@gmail.com,TKT-003823,Late Delivery,4
user_b7f82a69@gmail.com,TKT-003824,Damaged Item,1
user_82e96a74@gmail.com,TKT-003825,Late Delivery,3
user_4756cdfa@gmail.com,TKT-003826,Damaged Item,4
user_31339f74@gmail.com,TKT-003827,Damaged Item,3
user_11a7d9d3@gmail.com,TKT-003828,Late Delivery,5
user_43a0df0e@gmail.com,TKT-003829,Late Delivery,5
user_22af8b2c@gmail.com,TKT-003830,Damaged Item,5
user_66d0106c@gmail.com,TKT-003831,Late Delivery,3
user_5d622288@gmail.com,TKT-003832,Late Delivery,2
user_f706755d@gmail.com,TKT-003833,Damaged Item,1
user_57b516d9@gmail.com,TKT-003834,Late Delivery,5
user_0aa6ab94@gmail.com,TKT-003835,Damaged Item,3
user_bad8ab2f@gmail.com,TKT-003836,Damaged Item,1
user_f6285dcb@gmail.com,TKT-003837,Late Delivery,2
user_bb251a9d@gmail.com,TKT-003838,Damaged Item,4
user_c81ecdca@gmail.com,TKT-003839,Late Delivery,4
user_abc4333a@gmail.com,TKT-003840,Late Delivery,4
user_490365d9@gmail.com,TKT-003841,Late Delivery,1
user_9d9c3d5d@gmail.com,TKT-003842,Damaged Item,3
user_ee2aaf59@gmail.com,TKT-003843,Late Delivery,4
user_408aee96@gmail.com,TKT-003844,Late Delivery,5
user_29f1f8a8@gmail.com,TKT-003845,Late Delivery,1
user_fbb163a5@gmail.com,TKT-003846,Late Delivery,4
user_2a1ffd99@gmail.com,TKT-003847,Damaged Item,1
user_7cafbc14@gmail.com,TKT-003848,Late Delivery,2
user_487ff42a@gmail.com,TKT-003849,Damaged Item,5
user_0c25efda@gmail.com,TKT-003850,Damaged Item,4
user_4ebfd10a@gmail.com,TKT-003851,Late Delivery,3
user_0c04ee5a@gmail.com,TKT-003852,Damaged Item,5
user_5c56b4bf@gmail.com,TKT-003853,Late Delivery,2
user_45ece41f@gmail.com,TKT-003854,Late Delivery,2
user_9fc14972@gmail.com,TKT-003855,Damaged Item,5
user_324aff19@gmail.com,TKT-003856,Damaged Item,4
user_2cf396c9@gmail.com,TKT-003857,Damaged Item,5
user_1b77b55b@gmail.com,TKT-003858,Damaged Item,3
user_f4675c84@gmail.com,TKT-003859,Late Delivery,1
user_9bdcce46@gmail.com,TKT-003860,Late Delivery,3
user_70748955@gmail.com,TKT-003861,Late Delivery,1
user_3eb75839@gmail.com,TKT-003862,Damaged Item,1
user_8c3dd97f@gmail.com,TKT-003863,Damaged Item,4
user_c01564f6@gmail.com,TKT-003864,Damaged Item,3
user_77f283b8@gmail.com,TKT-003865,Damaged Item,1
user_c09214ba@gmail.com,TKT-003866,Damaged Item,3
user_82d138ae@gmail.com,TKT-003867,Damaged Item,2
user_a2be6cce@gmail.com,TKT-003868,Damaged Item,4
user_bf72646f@gmail.com,TKT-003869,Damaged Item,5
user_00324c9f@gmail.com,TKT-003870,Damaged Item,5
user_2adf8d32@gmail.com,TKT-003871,Damaged Item,5
user_398fbb88@gmail.com,TKT-003872,Late Delivery,3
user_7fbb7b04@gmail.com,TKT-003873,Late Delivery,1
user_78d79858@gmail.com,TKT-003874,Late Delivery,1
user_8b5d5ec6@gmail.com,TKT-003875,Damaged Item,1
user_927c1b4b@gmail.com,TKT-003876,Late Delivery,3
user_1ec6e5f5@gmail.com,TKT-003877,Damaged Item,1
user_6a67264b@gmail.com,TKT-003878,Damaged Item,4
user_d531c1ae@gmail.com,TKT-003879,Damaged Item,2
user_024c9fd1@gmail.com,TKT-003880,Late Delivery,3
user_d1fd38dd@gmail.com,TKT-003881,Damaged Item,1
user_25d53d0e@gmail.com,TKT-003882,Damaged Item,2
user_94742cd1@gmail.com,TKT-003883,Damaged Item,2
user_d5f97097@gmail.com,TKT-003884,Damaged Item,3
user_e6eb6cfd@gmail.com,TKT-003885,Damaged Item,4
user_f5ae5956@gmail.com,TKT-003886,Late Delivery,1
user_0943dace@gmail.com,TKT-003887,Late Delivery,3
user_20c0d1b2@gmail.com,TKT-003888,Late Delivery,4
user_dc9108cd@gmail.com,TKT-003889,Damaged Item,1
user_20268c28@gmail.com,TKT-003890,Late Delivery,1
user_6b2a5ca1@gmail.com,TKT-003891,Late Delivery,3
user_d2ae52b9@gmail.com,TKT-003892,Damaged Item,4
user_057f5477@gmail.com,TKT-003893,Damaged Item,4
user_f235dc27@gmail.com,TKT-003894,Late Delivery,3
user_5acbcf8c@gmail.com,TKT-003895,Late Delivery,5
user_663c126e@gmail.com,TKT-003896,Late Delivery,1
user_88fffd3d@gmail.com,TKT-003897,Late Delivery,3
user_30a8328a@gmail.com,TKT-003898,Late Delivery,3
user_c5c1490c@gmail.com,TKT-003899,Damaged Item,4
user_11f0bc85@gmail.com,TKT-003900,Damaged Item,3
user_9bc06d52@gmail.com,TKT-003901,Late Delivery,5
user_2ae56faa@gmail.com,TKT-003902,Late Delivery,5
user_8d527b70@gmail.com,TKT-003903,Damaged Item,4
user_f53d235c@gmail.com,TKT-003904,Late Delivery,1
user_3000789c@gmail.com,TKT-003905,Late Delivery,5
user_fb14459f@gmail.com,TKT-003906,Damaged Item,2
user_e6b16f1c@gmail.com,TKT-003907,Late Delivery,4
user_c374c0ae@gmail.com,TKT-003908,Damaged Item,5
user_0d519cfe@gmail.com,TKT-003909,Late Delivery,4
user_6ae26a85@gmail.com,TKT-003910,Late Delivery,2
user_b9c72338@gmail.com,TKT-003911,Late Delivery,1
user_8a1b2d56@gmail.com,TKT-003912,Late Delivery,2
user_ab26152e@gmail.com,TKT-003913,Late Delivery,1
user_619e926d@gmail.com,TKT-003914,Damaged Item,3
user_d78c12d2@gmail.com,TKT-003915,Late Delivery,1
user_bc3a1632@gmail.com,TKT-003916,Late Delivery,2
user_e33d0850@gmail.com,TKT-003917,Late Delivery,2
user_0a8482d3@gmail.com,TKT-003918,Damaged Item,4
user_d7052835@gmail.com,TKT-003919,Late Delivery,2
user_25e5d2de@gmail.com,TKT-003920,Late Delivery,3
user_c89bf34f@gmail.com,TKT-003921,Damaged Item,1
user_43b1465a@gmail.com,TKT-003922,Damaged Item,2
user_2cfe3996@gmail.com,TKT-003923,Late Delivery,5
user_1307d6e6@gmail.com,TKT-003924,Late Delivery,3
user_6b8b48f7@gmail.com,TKT-003925,Damaged Item,2
user_574d82ac@gmail.com,TKT-003926,Damaged Item,4
user_013f4353@gmail.com,TKT-003927,Late Delivery,3
user_db0beb87@gmail.com,TKT-003928,Damaged Item,3
user_08fd7787@gmail.com,TKT-003929,Late Delivery,5
user_d581949d@gmail.com,TKT-003930,Late Delivery,5
user_55310366@gmail.com,TKT-003931,Damaged Item,1
user_8066741f@gmail.com,TKT-003932,Damaged Item,1
user_1ad33781@gmail.com,TKT-003933,Damaged Item,3
user_10f31bf1@gmail.com,TKT-003934,Late Delivery,3
user_682dd9d8@gmail.com,TKT-003935,Late Delivery,5
user_afabe3fb@gmail.com,TKT-003936,Damaged Item,3
user_60cf7bed@gmail.com,TKT-003937,Late Delivery,3
user_6d1c1af0@gmail.com,TKT-003938,Damaged Item,5
user_df29f478@gmail.com,TKT-003939,Late Delivery,1
user_0af81771@gmail.com,TKT-003940,Damaged Item,3
user_c660e7ba@gmail.com,TKT-003941,Late Delivery,2
user_c9062f49@gmail.com,TKT-003942,Late Delivery,1
user_0e7c4a93@gmail.com,TKT-003943,Damaged Item,5
user_ff3e1486@gmail.com,TKT-003944,Damaged Item,5
user_86110f7b@gmail.com,TKT-003945,Damaged Item,2
user_195cf297@gmail.com,TKT-003946,Late Delivery,3
user_bca189e8@gmail.com,TKT-003947,Late Delivery,1
user_6fcc1fbc@gmail.com,TKT-003948,Damaged Item,1
user_8042fad7@gmail.com,TKT-003949,Late Delivery,2
user_95f270e7@gmail.com,TKT-003950,Late Delivery,4
user_6a173492@gmail.com,TKT-003951,Damaged Item,1
user_176aa9e3@gmail.com,TKT-003952,Damaged Item,1
user_c6f724cd@gmail.com,TKT-003953,Late Delivery,2
user_f183cbe7@gmail.com,TKT-003954,Damaged Item,3
user_5992a502@gmail.com,TKT-003955,Late Delivery,1
user_9d1ae2a1@gmail.com,TKT-003956,Late Delivery,2
user_d7d9e835@gmail.com,TKT-003957,Late Delivery,1
user_e9d59edc@gmail.com,TKT-003958,Damaged Item,4
user_c525d141@gmail.com,TKT-003959,Damaged Item,3
user_6e4e399e@gmail.com,TKT-003960,Late Delivery,1
user_3ef8c151@gmail.com,TKT-003961,Damaged Item,3
user_a8df3674@gmail.com,TKT-003962,Late Delivery,3
user_ba1cd0c6@gmail.com,TKT-003963,Late Delivery,3
user_a1de09e1@gmail.com,TKT-003964,Damaged Item,1
user_f9055b48@gmail.com,TKT-003965,Damaged Item,3
user_5f05150e@gmail.com,TKT-003966,Late Delivery,1
user_ea06f64f@gmail.com,TKT-003967,Damaged Item,4
user_8cf77c34@gmail.com,TKT-003968,Late Delivery,3
user_01531f72@gmail.com,TKT-003969,Damaged Item,4
user_b5dc8dea@gmail.com,TKT-003970,Late Delivery,3
user_1a52b3c5@gmail.com,TKT-003971,Damaged Item,5
user_a0e250c2@gmail.com,TKT-003972,Late Delivery,5
user_d945f8b5@gmail.com,TKT-003973,Damaged Item,2
user_108f924d@gmail.com,TKT-003974,Late Delivery,5
user_deeb111b@gmail.com,TKT-003975,Late Delivery,1
user_ca43ef60@gmail.com,TKT-003976,Late Delivery,4
user_975c6669@gmail.com,TKT-003977,Damaged Item,2
user_1e83e3a6@gmail.com,TKT-003978,Late Delivery,2
user_eae1c616@gmail.com,TKT-003979,Damaged Item,1
user_abdcabbe@gmail.com,TKT-003980,Damaged Item,1
user_f9a7da36@gmail.com,TKT-003981,Late Delivery,4
user_37ff2591@gmail.com,TKT-003982,Damaged Item,1
user_4608a483@gmail.com,TKT-003983,Late Delivery,2
user_d91efbd2@gmail.com,TKT-003984,Late Delivery,5
user_7480359f@gmail.com,TKT-003985,Late Delivery,3
user_d25a4f55@gmail.com,TKT-003986,Damaged Item,3
user_012a218d@gmail.com,TKT-003987,Late Delivery,2
user_ac95cdab@gmail.com,TKT-003988,Damaged Item,2
user_953d67f3@gmail.com,TKT-003989,Damaged Item,1
user_fef6fb97@gmail.com,TKT-003990,Late Delivery,3
user_66d7c05d@gmail.com,TKT-003991,Late Delivery,3
user_78bd92f7@gmail.com,TKT-003992,Damaged Item,3
user_922c4924@gmail.com,TKT-003993,Late Delivery,1
user_ffe3e199@gmail.com,TKT-003994,Late Delivery,1
user_b1039a56@gmail.com,TKT-003995,Damaged Item,2
user_a75f7dc2@gmail.com,TKT-003996,Damaged Item,1
user_baf20863@gmail.com,TKT-003997,Late Delivery,3
user_dc6efb6e@gmail.com,TKT-003998,Damaged Item,3
user_1624d1ba@gmail.com,TKT-003999,Late Delivery,5
user_810ba763@gmail.com,TKT-004000,Late Delivery,5
user_ced2f2a9@gmail.com,TKT-004001,Late Delivery,5
user_9d20fcca@gmail.com,TKT-004002,Damaged Item,1
user_6e530251@gmail.com,TKT-004003,Late Delivery,5
user_8cd1b902@gmail.com,TKT-004004,Late Delivery,1
user_f012d042@gmail.com,TKT-004005,Late Delivery,2
user_0e13c1c2@gmail.com,TKT-004006,Late Delivery,2
user_46e39026@gmail.com,TKT-004007,Damaged Item,3
user_11dfafdb@gmail.com,TKT-004008,Late Delivery,1
user_995dfac5@gmail.com,TKT-004009,Late Delivery,4
user_793172fb@gmail.com,TKT-004010,Late Delivery,2
user_e98a3515@gmail.com,TKT-004011,Damaged Item,5
user_48588e83@gmail.com,TKT-004012,Damaged Item,5
user_a5f26705@gmail.com,TKT-004013,Late Delivery,5
user_7fb58ee2@gmail.com,TKT-004014,Late Delivery,3
user_8840e050@gmail.com,TKT-004015,Late Delivery,2
user_7ac70e85@gmail.com,TKT-004016,Damaged Item,4
user_ad374671@gmail.com,TKT-004017,Damaged Item,2
user_350cf235@gmail.com,TKT-004018,Damaged Item,2
user_72626056@gmail.com,TKT-004019,Late Delivery,2
user_b3d6341f@gmail.com,TKT-004020,Damaged Item,4
user_a10be7ed@gmail.com,TKT-004021,Late Delivery,1
user_5703c481@gmail.com,TKT-004022,Damaged Item,3
user_165c5f5f@gmail.com,TKT-004023,Late Delivery,3
user_d752778a@gmail.com,TKT-004024,Damaged Item,2
user_234a5e05@gmail.com,TKT-004025,Damaged Item,3
user_e09cb1f5@gmail.com,TKT-004026,Late Delivery,4
user_99766e1d@gmail.com,TKT-004027,Damaged Item,3
user_249edbea@gmail.com,TKT-004028,Damaged Item,2
user_f17b1ad7@gmail.com,TKT-004029,Late Delivery,1
user_991661da@gmail.com,TKT-004030,Damaged Item,5
user_32c5259b@gmail.com,TKT-004031,Late Delivery,5
user_7879fe9c@gmail.com,TKT-004032,Late Delivery,3
user_3672d762@gmail.com,TKT-004033,Damaged Item,2
user_1ba017d3@gmail.com,TKT-004034,Late Delivery,5
user_2f00c59f@gmail.com,TKT-004035,Late Delivery,4
user_f4766598@gmail.com,TKT-004036,Damaged Item,2
user_bd82ed91@gmail.com,TKT-004037,Late Delivery,3
user_5dd2800b@gmail.com,TKT-004038,Damaged Item,5
user_f022aeda@gmail.com,TKT-004039,Late Delivery,4
user_b000a936@gmail.com,TKT-004040,Late Delivery,3
user_8db4c0ab@gmail.com,TKT-004041,Late Delivery,5
user_bd6e919e@gmail.com,TKT-004042,Damaged Item,1
user_c854b68b@gmail.com,TKT-004043,Late Delivery,5
user_34285cdb@gmail.com,TKT-004044,Late Delivery,4
user_810def6b@gmail.com,TKT-004045,Late Delivery,5
user_53dad0f8@gmail.com,TKT-004046,Damaged Item,3
user_86603117@gmail.com,TKT-004047,Late Delivery,1
user_6e879984@gmail.com,TKT-004048,Late Delivery,1
user_4bdb9fd4@gmail.com,TKT-004049,Damaged Item,2
user_68921758@gmail.com,TKT-004050,Late Delivery,1
user_dd404d81@gmail.com,TKT-004051,Late Delivery,1
user_9c1a2671@gmail.com,TKT-004052,Damaged Item,2
user_563bf685@gmail.com,TKT-004053,Late Delivery,1
user_ea72e7fc@gmail.com,TKT-004054,Late Delivery,3
user_2d251992@gmail.com,TKT-004055,Late Delivery,3
user_c0d20a34@gmail.com,TKT-004056,Late Delivery,3
user_495b0abc@gmail.com,TKT-004057,Late Delivery,4
user_a8c2964c@gmail.com,TKT-004058,Late Delivery,2
user_293d83a1@gmail.com,TKT-004059,Damaged Item,5
user_68f412bb@gmail.com,TKT-004060,Late Delivery,2
user_480951a2@gmail.com,TKT-004061,Late Delivery,1
user_66266bfe@gmail.com,TKT-004062,Late Delivery,2
user_41754bce@gmail.com,TKT-004063,Late Delivery,3
user_7d4dfc0b@gmail.com,TKT-004064,Damaged Item,4
user_6b3e1d9f@gmail.com,TKT-004065,Damaged Item,4
user_45e5e171@gmail.com,TKT-004066,Damaged Item,1
user_6ab1d0fe@gmail.com,TKT-004067,Late Delivery,4
user_b2830cda@gmail.com,TKT-004068,Damaged Item,1
user_abc9e5b3@gmail.com,TKT-004069,Damaged Item,3
user_6c942da6@gmail.com,TKT-004070,Late Delivery,1
user_a43e7f33@gmail.com,TKT-004071,Damaged Item,2
user_d8ad2c0c@gmail.com,TKT-004072,Damaged Item,3
user_d1aa8224@gmail.com,TKT-004073,Late Delivery,2
user_422616cb@gmail.com,TKT-004074,Late Delivery,2
user_df25efee@gmail.com,TKT-004075,Damaged Item,3
user_1165862b@gmail.com,TKT-004076,Damaged Item,3
user_b280cb12@gmail.com,TKT-004077,Late Delivery,1
user_46fa2563@gmail.com,TKT-004078,Damaged Item,2
user_b7c89720@gmail.com,TKT-004079,Damaged Item,5
user_05128663@gmail.com,TKT-004080,Late Delivery,3
user_6d27e708@gmail.com,TKT-004081,Damaged Item,3
user_a48616b0@gmail.com,TKT-004082,Damaged Item,4
user_18371062@gmail.com,TKT-004083,Late Delivery,1
user_31269dc7@gmail.com,TKT-004084,Damaged Item,1
user_e4e0b47e@gmail.com,TKT-004085,Damaged Item,3
user_d57b2449@gmail.com,TKT-004086,Late Delivery,2
user_a5071229@gmail.com,TKT-004087,Late Delivery,1
user_a4551f07@gmail.com,TKT-004088,Late Delivery,3
user_ec9a30a9@gmail.com,TKT-004089,Late Delivery,3
user_967df579@gmail.com,TKT-004090,Damaged Item,3
user_670a3140@gmail.com,TKT-004091,Damaged Item,3
user_49e2ede5@gmail.com,TKT-004092,Damaged Item,3
user_2364ef5b@gmail.com,TKT-004093,Late Delivery,2
user_8228b01c@gmail.com,TKT-004094,Damaged Item,3
user_f88942ff@gmail.com,TKT-004095,Damaged Item,1
user_2b5163db@gmail.com,TKT-004096,Late Delivery,1
user_e85aa5ea@gmail.com,TKT-004097,Damaged Item,2
user_5e80a55b@gmail.com,TKT-004098,Late Delivery,5
user_1308600a@gmail.com,TKT-004099,Late Delivery,1
user_4fd4fefa@gmail.com,TKT-004100,Damaged Item,3
user_e650a740@gmail.com,TKT-004101,Late Delivery,2
user_b8f1c329@gmail.com,TKT-004102,Late Delivery,2
user_a464ae86@gmail.com,TKT-004103,Damaged Item,1
user_da41c75a@gmail.com,TKT-004104,Damaged Item,2
user_21de770a@gmail.com,TKT-004105,Late Delivery,3
user_04701c6d@gmail.com,TKT-004106,Late Delivery,4
user_e81eebf0@gmail.com,TKT-004107,Damaged Item,1
user_2f17c5b3@gmail.com,TKT-004108,Late Delivery,4
user_9a3198e1@gmail.com,TKT-004109,Late Delivery,5
user_007d9f71@gmail.com,TKT-004110,Damaged Item,4
user_698dfdff@gmail.com,TKT-004111,Late Delivery,1
user_0bcdf709@gmail.com,TKT-004112,Late Delivery,4
user_862a1a27@gmail.com,TKT-004113,Late Delivery,4
user_63299f45@gmail.com,TKT-004114,Damaged Item,4
user_9eaca38b@gmail.com,TKT-004115,Late Delivery,3
user_f9b12cbf@gmail.com,TKT-004116,Damaged Item,5
user_b688e646@gmail.com,TKT-004117,Damaged Item,1
user_82ddb85c@gmail.com,TKT-004118,Damaged Item,4
user_3c7fe453@gmail.com,TKT-004119,Late Delivery,5
user_84aa21c4@gmail.com,TKT-004120,Late Delivery,3
user_79d29011@gmail.com,TKT-004121,Late Delivery,1
user_66289a9a@gmail.com,TKT-004122,Damaged Item,1
user_828a8eb2@gmail.com,TKT-004123,Late Delivery,5
user_e0dc2867@gmail.com,TKT-004124,Late Delivery,3
user_850ee00f@gmail.com,TKT-004125,Damaged Item,1
user_daed0f43@gmail.com,TKT-004126,Late Delivery,5
user_4993ac62@gmail.com,TKT-004127,Damaged Item,4
user_ff4a9da5@gmail.com,TKT-004128,Damaged Item,5
user_1dbacfbc@gmail.com,TKT-004129,Damaged Item,3
user_75b2ce02@gmail.com,TKT-004130,Late Delivery,1
user_06d90fc3@gmail.com,TKT-004131,Late Delivery,4
user_fa230a26@gmail.com,TKT-004132,Damaged Item,4
user_fd60f452@gmail.com,TKT-004133,Late Delivery,1
user_c71a6522@gmail.com,TKT-004134,Late Delivery,3
user_6fb1f95d@gmail.com,TKT-004135,Damaged Item,5
user_282b891f@gmail.com,TKT-004136,Damaged Item,1
user_95160caf@gmail.com,TKT-004137,Damaged Item,5
user_ac09d865@gmail.com,TKT-004138,Damaged Item,1
user_1cb46551@gmail.com,TKT-004139,Late Delivery,2
user_edd353af@gmail.com,TKT-004140,Damaged Item,5
user_5ae08af8@gmail.com,TKT-004141,Late Delivery,4
user_c6a19309@gmail.com,TKT-004142,Damaged Item,3
user_a8b09ecd@gmail.com,TKT-004143,Damaged Item,2
user_aca17922@gmail.com,TKT-004144,Damaged Item,3
user_9282a1ee@gmail.com,TKT-004145,Late Delivery,4
user_4477ea41@gmail.com,TKT-004146,Damaged Item,1
user_eb30f021@gmail.com,TKT-004147,Damaged Item,5
user_a345376a@gmail.com,TKT-004148,Damaged Item,4
user_8a952080@gmail.com,TKT-004149,Late Delivery,3
user_4bfa4d7a@gmail.com,TKT-004150,Damaged Item,3
user_853454b9@gmail.com,TKT-004151,Late Delivery,2
user_12827475@gmail.com,TKT-004152,Damaged Item,4
user_0f9780cb@gmail.com,TKT-004153,Late Delivery,4
user_83df90c0@gmail.com,TKT-004154,Damaged Item,2
user_638a579e@gmail.com,TKT-004155,Damaged Item,1
user_6b326d13@gmail.com,TKT-004156,Damaged Item,1
user_428554f8@gmail.com,TKT-004157,Damaged Item,3
user_d01c8b5a@gmail.com,TKT-004158,Damaged Item,3
user_ea14c81e@gmail.com,TKT-004159,Damaged Item,2
user_96492ffd@gmail.com,TKT-004160,Late Delivery,3
user_b172a5d2@gmail.com,TKT-004161,Damaged Item,1
user_f7d22abe@gmail.com,TKT-004162,Late Delivery,4
user_5e11d92b@gmail.com,TKT-004163,Damaged Item,4
user_f78fce8e@gmail.com,TKT-004164,Late Delivery,3
user_eab761cc@gmail.com,TKT-004165,Late Delivery,1
user_e38d5a8b@gmail.com,TKT-004166,Late Delivery,3
user_6b0ad7af@gmail.com,TKT-004167,Late Delivery,2
user_ed91e29a@gmail.com,TKT-004168,Damaged Item,1
user_6105d622@gmail.com,TKT-004169,Damaged Item,1
user_c02b329d@gmail.com,TKT-004170,Late Delivery,2
user_e5912280@gmail.com,TKT-004171,Damaged Item,2
user_d2e80e3a@gmail.com,TKT-004172,Late Delivery,2
user_ecc693b5@gmail.com,TKT-004173,Damaged Item,1
user_1ec10ef3@gmail.com,TKT-004174,Damaged Item,4
user_c4fe6661@gmail.com,TKT-004175,Damaged Item,5
user_7b8bcdfa@gmail.com,TKT-004176,Late Delivery,4
user_535c917d@gmail.com,TKT-004177,Late Delivery,2
user_81049fb7@gmail.com,TKT-004178,Damaged Item,1
user_ceac2416@gmail.com,TKT-004179,Damaged Item,3
user_80956442@gmail.com,TKT-004180,Damaged Item,5
user_43b94280@gmail.com,TKT-004181,Late Delivery,1
user_767c4bbe@gmail.com,TKT-004182,Late Delivery,4
user_3447db49@gmail.com,TKT-004183,Late Delivery,1
user_690a7748@gmail.com,TKT-004184,Late Delivery,4
user_0987d790@gmail.com,TKT-004185,Damaged Item,4
user_ee4fdf2f@gmail.com,TKT-004186,Late Delivery,2
user_920b96ee@gmail.com,TKT-004187,Damaged Item,3
user_839cf99e@gmail.com,TKT-004188,Damaged Item,4
user_0aab68ed@gmail.com,TKT-004189,Damaged Item,1
user_3d851653@gmail.com,TKT-004190,Damaged Item,3
user_1e7383de@gmail.com,TKT-004191,Late Delivery,1
user_1bf3e00d@gmail.com,TKT-004192,Damaged Item,2
user_9b852dc7@gmail.com,TKT-004193,Late Delivery,1
user_802048ee@gmail.com,TKT-004194,Damaged Item,2
user_5691b0e6@gmail.com,TKT-004195,Damaged Item,3
user_7249013c@gmail.com,TKT-004196,Damaged Item,2
user_21c07398@gmail.com,TKT-004197,Damaged Item,1
user_be0254db@gmail.com,TKT-004198,Late Delivery,4
user_2fed10c7@gmail.com,TKT-004199,Late Delivery,3
user_5b84c727@gmail.com,TKT-004200,Damaged Item,4
user_066c700f@gmail.com,TKT-004201,Damaged Item,2
user_c84c8ac4@gmail.com,TKT-004202,Damaged Item,4
user_742c3057@gmail.com,TKT-004203,Damaged Item,3
user_54b86047@gmail.com,TKT-004204,Late Delivery,4
user_c08b8ed7@gmail.com,TKT-004205,Late Delivery,3
user_c19fd67b@gmail.com,TKT-004206,Late Delivery,1
user_479452fc@gmail.com,TKT-004207,Late Delivery,2
user_845029c4@gmail.com,TKT-004208,Damaged Item,2
user_cb54c59d@gmail.com,TKT-004209,Late Delivery,5
user_df78e526@gmail.com,TKT-004210,Late Delivery,1
user_1a4ce905@gmail.com,TKT-004211,Damaged Item,4
user_1f4a3983@gmail.com,TKT-004212,Late Delivery,2
user_8026ec94@gmail.com,TKT-004213,Late Delivery,2
user_7ac64387@gmail.com,TKT-004214,Damaged Item,2
user_ec9c7ebb@gmail.com,TKT-004215,Late Delivery,4
user_4efe868b@gmail.com,TKT-004216,Damaged Item,5
user_be1e99a0@gmail.com,TKT-004217,Late Delivery,5
user_e9c484d9@gmail.com,TKT-004218,Late Delivery,5
user_f7acdf29@gmail.com,TKT-004219,Late Delivery,4
user_ff53fe20@gmail.com,TKT-004220,Late Delivery,1
user_8d5d92f6@gmail.com,TKT-004221,Late Delivery,5
user_1097546f@gmail.com,TKT-004222,Damaged Item,1
user_5e5a1198@gmail.com,TKT-004223,Damaged Item,4
user_8fd816ef@gmail.com,TKT-004224,Damaged Item,4
user_b29b2db0@gmail.com,TKT-004225,Damaged Item,4
user_0a3ce7e0@gmail.com,TKT-004226,Late Delivery,1
user_760a6522@gmail.com,TKT-004227,Damaged Item,2
user_702a9e06@gmail.com,TKT-004228,Damaged Item,5
user_846cc820@gmail.com,TKT-004229,Late Delivery,2
user_cfe76cf8@gmail.com,TKT-004230,Late Delivery,2
user_72b4d2fb@gmail.com,TKT-004231,Late Delivery,5
user_e0c77112@gmail.com,TKT-004232,Damaged Item,1
user_0a1e4a19@gmail.com,TKT-004233,Damaged Item,2
user_1640e6be@gmail.com,TKT-004234,Damaged Item,5
user_bf8853bc@gmail.com,TKT-004235,Late Delivery,1
user_1e93f912@gmail.com,TKT-004236,Damaged Item,1
user_5a04b8d0@gmail.com,TKT-004237,Late Delivery,1
user_8373cc59@gmail.com,TKT-004238,Late Delivery,4
user_df55f802@gmail.com,TKT-004239,Late Delivery,4
user_f607f92d@gmail.com,TKT-004240,Late Delivery,3
user_88d47775@gmail.com,TKT-004241,Late Delivery,5
user_9271d838@gmail.com,TKT-004242,Late Delivery,3
user_7d19ebd0@gmail.com,TKT-004243,Late Delivery,1
user_739f7b40@gmail.com,TKT-004244,Damaged Item,5
user_61d01e39@gmail.com,TKT-004245,Late Delivery,5
user_84056c11@gmail.com,TKT-004246,Damaged Item,2
user_23514d21@gmail.com,TKT-004247,Late Delivery,4
user_d5dea319@gmail.com,TKT-004248,Damaged Item,5
user_73250298@gmail.com,TKT-004249,Damaged Item,2
user_6afb8e9e@gmail.com,TKT-004250,Late Delivery,5
user_fa600932@gmail.com,TKT-004251,Damaged Item,3
user_6590476e@gmail.com,TKT-004252,Late Delivery,4
user_4d7abcaa@gmail.com,TKT-004253,Late Delivery,3
user_745e1490@gmail.com,TKT-004254,Damaged Item,5
user_c92a13dc@gmail.com,TKT-004255,Late Delivery,3
user_1c03d4ff@gmail.com,TKT-004256,Damaged Item,5
user_95c0710e@gmail.com,TKT-004257,Damaged Item,5
user_661bb026@gmail.com,TKT-004258,Damaged Item,5
user_0ed705d5@gmail.com,TKT-004259,Late Delivery,5
user_c9fdc070@gmail.com,TKT-004260,Late Delivery,1
user_10350b41@gmail.com,TKT-004261,Late Delivery,2
user_4e9f32f4@gmail.com,TKT-004262,Late Delivery,1
user_ba251814@gmail.com,TKT-004263,Late Delivery,1
user_ec3a72da@gmail.com,TKT-004264,Late Delivery,1
user_d1d16513@gmail.com,TKT-004265,Late Delivery,4
user_2347396f@gmail.com,TKT-004266,Damaged Item,3
user_c506a1a7@gmail.com,TKT-004267,Late Delivery,1
user_723f64c8@gmail.com,TKT-004268,Damaged Item,4
user_ddc8637a@gmail.com,TKT-004269,Late Delivery,3
user_6c0b91fe@gmail.com,TKT-004270,Damaged Item,2
user_0e36bd42@gmail.com,TKT-004271,Late Delivery,2
user_affff75a@gmail.com,TKT-004272,Late Delivery,2
user_c5dc29ce@gmail.com,TKT-004273,Late Delivery,1
user_0ba1ea79@gmail.com,TKT-004274,Late Delivery,1
user_b0c780ea@gmail.com,TKT-004275,Late Delivery,3
user_390254e1@gmail.com,TKT-004276,Late Delivery,4
user_97e5501f@gmail.com,TKT-004277,Late Delivery,5
user_8fd6d963@gmail.com,TKT-004278,Late Delivery,3
user_e80dc5c7@gmail.com,TKT-004279,Late Delivery,4
user_503f73bf@gmail.com,TKT-004280,Damaged Item,1
user_989fdb2e@gmail.com,TKT-004281,Late Delivery,4
user_99736d56@gmail.com,TKT-004282,Late Delivery,3
user_7c4a668e@gmail.com,TKT-004283,Damaged Item,2
user_d2524b4b@gmail.com,TKT-004284,Late Delivery,2
user_a99a3ef1@gmail.com,TKT-004285,Late Delivery,5
user_aa0d0a98@gmail.com,TKT-004286,Late Delivery,2
user_47b10d3a@gmail.com,TKT-004287,Damaged Item,3
user_a50b1120@gmail.com,TKT-004288,Late Delivery,4
user_bf878410@gmail.com,TKT-004289,Damaged Item,2
user_6d0d4fc6@gmail.com,TKT-004290,Late Delivery,5
user_537568b4@gmail.com,TKT-004291,Late Delivery,1
user_a1f5ab76@gmail.com,TKT-004292,Late Delivery,2
user_e31ec4ee@gmail.com,TKT-004293,Late Delivery,2
user_8d25bdc6@gmail.com,TKT-004294,Late Delivery,2
user_86f640c7@gmail.com,TKT-004295,Damaged Item,4
user_a7670e23@gmail.com,TKT-004296,Damaged Item,5
user_5313df9e@gmail.com,TKT-004297,Late Delivery,2
user_791196cf@gmail.com,TKT-004298,Damaged Item,1
user_b32fe1b7@gmail.com,TKT-004299,Late Delivery,3
user_07894921@gmail.com,TKT-004300,Late Delivery,4
user_751eb00e@gmail.com,TKT-004301,Damaged Item,1
user_28731afd@gmail.com,TKT-004302,Damaged Item,1
user_99e41e69@gmail.com,TKT-004303,Damaged Item,1
user_925742dd@gmail.com,TKT-004304,Damaged Item,5
user_5d7bccd6@gmail.com,TKT-004305,Damaged Item,5
user_25dbd63e@gmail.com,TKT-004306,Late Delivery,4
user_b7236912@gmail.com,TKT-004307,Late Delivery,3
user_972a8235@gmail.com,TKT-004308,Damaged Item,4
user_c30b3a12@gmail.com,TKT-004309,Damaged Item,3
user_5e5d67a0@gmail.com,TKT-004310,Damaged Item,4
user_9595c4a0@gmail.com,TKT-004311,Damaged Item,1
user_e5cf9da7@gmail.com,TKT-004312,Damaged Item,5
user_fccbcc55@gmail.com,TKT-004313,Damaged Item,1
user_4ef4111e@gmail.com,TKT-004314,Damaged Item,5
user_2f4ba5a2@gmail.com,TKT-004315,Damaged Item,3
user_9f2b967d@gmail.com,TKT-004316,Late Delivery,4
user_59a6c111@gmail.com,TKT-004317,Damaged Item,3
user_0fd87d5e@gmail.com,TKT-004318,Damaged Item,5
user_47d1c441@gmail.com,TKT-004319,Late Delivery,5
user_da66bafa@gmail.com,TKT-004320,Late Delivery,1
user_75734e57@gmail.com,TKT-004321,Damaged Item,5
user_83b202cf@gmail.com,TKT-004322,Late Delivery,2
user_ae509b21@gmail.com,TKT-004323,Late Delivery,3
user_383a372b@gmail.com,TKT-004324,Late Delivery,5
user_e50569b6@gmail.com,TKT-004325,Late Delivery,4
user_ba0702c6@gmail.com,TKT-004326,Late Delivery,3
user_3c464d18@gmail.com,TKT-004327,Damaged Item,1
user_ea5e4a62@gmail.com,TKT-004328,Damaged Item,1
user_467beaec@gmail.com,TKT-004329,Damaged Item,1
user_e0bcc3b0@gmail.com,TKT-004330,Damaged Item,3
user_c4d9ec8c@gmail.com,TKT-004331,Late Delivery,1
user_c7503490@gmail.com,TKT-004332,Damaged Item,1
user_a16b0531@gmail.com,TKT-004333,Late Delivery,1
user_668df67c@gmail.com,TKT-004334,Damaged Item,4
user_3d0c8c99@gmail.com,TKT-004335,Late Delivery,3
user_48109d2c@gmail.com,TKT-004336,Late Delivery,4
user_bf4c66eb@gmail.com,TKT-004337,Damaged Item,2
user_436951ee@gmail.com,TKT-004338,Damaged Item,4
user_3206043e@gmail.com,TKT-004339,Damaged Item,3
user_d9753ee7@gmail.com,TKT-004340,Damaged Item,4
user_f2fe7157@gmail.com,TKT-004341,Damaged Item,3
user_344fecfc@gmail.com,TKT-004342,Late Delivery,3
user_e302c322@gmail.com,TKT-004343,Late Delivery,4
user_08f39bc6@gmail.com,TKT-004344,Late Delivery,2
user_64afbdef@gmail.com,TKT-004345,Late Delivery,1
user_bc683920@gmail.com,TKT-004346,Late Delivery,5
user_e7d3b177@gmail.com,TKT-004347,Late Delivery,5
user_072eaaf4@gmail.com,TKT-004348,Late Delivery,1
user_5cfeedd1@gmail.com,TKT-004349,Late Delivery,1
user_3402cf3b@gmail.com,TKT-004350,Late Delivery,2
user_679aed9a@gmail.com,TKT-004351,Damaged Item,3
user_4fe5bcec@gmail.com,TKT-004352,Damaged Item,1
user_586487a9@gmail.com,TKT-004353,Late Delivery,4
user_e9877f9f@gmail.com,TKT-004354,Late Delivery,1
user_77061c74@gmail.com,TKT-004355,Damaged Item,4
user_d672a4c6@gmail.com,TKT-004356,Late Delivery,3
user_38941a0a@gmail.com,TKT-004357,Damaged Item,1
user_2c194fe4@gmail.com,TKT-004358,Damaged Item,4
user_d88025e3@gmail.com,TKT-004359,Late Delivery,1
user_c81383e4@gmail.com,TKT-004360,Late Delivery,5
user_ef695418@gmail.com,TKT-004361,Late Delivery,1
user_99813791@gmail.com,TKT-004362,Late Delivery,3
user_60844967@gmail.com,TKT-004363,Late Delivery,3
user_783ac10a@gmail.com,TKT-004364,Damaged Item,1
user_64dae554@gmail.com,TKT-004365,Late Delivery,2
user_be3af724@gmail.com,TKT-004366,Late Delivery,3
user_1ad90be6@gmail.com,TKT-004367,Late Delivery,5
user_7a3c2c00@gmail.com,TKT-004368,Late Delivery,2
user_52835c43@gmail.com,TKT-004369,Late Delivery,3
user_9dc5c5fc@gmail.com,TKT-004370,Late Delivery,1
user_4f74ef46@gmail.com,TKT-004371,Late Delivery,5
user_33ae340b@gmail.com,TKT-004372,Late Delivery,4
user_294ca425@gmail.com,TKT-004373,Late Delivery,3
user_33169d9d@gmail.com,TKT-004374,Late Delivery,2
user_872778fc@gmail.com,TKT-004375,Late Delivery,5
user_8d35dc64@gmail.com,TKT-004376,Damaged Item,5
user_0933b4e8@gmail.com,TKT-004377,Late Delivery,4
user_d3dc0074@gmail.com,TKT-004378,Late Delivery,2
user_04f1fd1b@gmail.com,TKT-004379,Late Delivery,4
user_818e7815@gmail.com,TKT-004380,Late Delivery,5
user_c2d0d46b@gmail.com,TKT-004381,Damaged Item,4
user_3f5f5871@gmail.com,TKT-004382,Late Delivery,5
user_2df1d02e@gmail.com,TKT-004383,Damaged Item,5
user_507d34ab@gmail.com,TKT-004384,Late Delivery,4
user_9eb6958d@gmail.com,TKT-004385,Late Delivery,2
user_a95b58f9@gmail.com,TKT-004386,Damaged Item,3
user_068bcff7@gmail.com,TKT-004387,Damaged Item,3
user_cc178a5d@gmail.com,TKT-004388,Damaged Item,2
user_4fe67915@gmail.com,TKT-004389,Damaged Item,3
user_c141e4aa@gmail.com,TKT-004390,Late Delivery,1
user_7bc561a5@gmail.com,TKT-004391,Damaged Item,4
user_bf70c45c@gmail.com,TKT-004392,Damaged Item,1
user_982f532d@gmail.com,TKT-004393,Late Delivery,2
user_6b3c5551@gmail.com,TKT-004394,Late Delivery,4
user_a25e4309@gmail.com,TKT-004395,Late Delivery,1
user_4e5e69a9@gmail.com,TKT-004396,Late Delivery,3
user_90e71878@gmail.com,TKT-004397,Late Delivery,3
user_a69c78ff@gmail.com,TKT-004398,Damaged Item,1
user_74fe3d2b@gmail.com,TKT-004399,Late Delivery,3
user_3dedfe29@gmail.com,TKT-004400,Damaged Item,5
user_564cb124@gmail.com,TKT-004401,Damaged Item,1
user_f1e56bb9@gmail.com,TKT-004402,Late Delivery,4
user_50115692@gmail.com,TKT-004403,Damaged Item,4
user_56230a25@gmail.com,TKT-004404,Damaged Item,2
user_ece98a5d@gmail.com,TKT-004405,Late Delivery,2
user_15f02626@gmail.com,TKT-004406,Damaged Item,4
user_2f23c8a1@gmail.com,TKT-004407,Late Delivery,2
user_f772434a@gmail.com,TKT-004408,Damaged Item,4
user_bf221083@gmail.com,TKT-004409,Late Delivery,1
user_8941b0fd@gmail.com,TKT-004410,Late Delivery,4
user_df3a7e49@gmail.com,TKT-004411,Damaged Item,4
user_4ab13449@gmail.com,TKT-004412,Late Delivery,2
user_c303b63c@gmail.com,TKT-004413,Late Delivery,2
user_928da7f4@gmail.com,TKT-004414,Late Delivery,5
user_f38bfa3a@gmail.com,TKT-004415,Damaged Item,3
user_728a6d33@gmail.com,TKT-004416,Damaged Item,4
user_25472833@gmail.com,TKT-004417,Damaged Item,4
user_578dd7ef@gmail.com,TKT-004418,Late Delivery,3
user_78d26ae2@gmail.com,TKT-004419,Late Delivery,5
user_1068cc67@gmail.com,TKT-004420,Late Delivery,2
user_8a5f848d@gmail.com,TKT-004421,Damaged Item,1
user_9a1144b6@gmail.com,TKT-004422,Late Delivery,4
user_f29183f2@gmail.com,TKT-004423,Damaged Item,3
user_7cc03c08@gmail.com,TKT-004424,Late Delivery,2
user_b65c0b9f@gmail.com,TKT-004425,Late Delivery,2
user_5abefd60@gmail.com,TKT-004426,Late Delivery,3
user_83d7ce85@gmail.com,TKT-004427,Damaged Item,2
user_677a5c92@gmail.com,TKT-004428,Late Delivery,2
user_f4247aab@gmail.com,TKT-004429,Damaged Item,1
user_8376b553@gmail.com,TKT-004430,Late Delivery,1
user_2902aa11@gmail.com,TKT-004431,Late Delivery,5
user_219e7d00@gmail.com,TKT-004432,Damaged Item,2
user_916ae036@gmail.com,TKT-004433,Late Delivery,3
user_7a8c8f8e@gmail.com,TKT-004434,Late Delivery,5
user_c4864266@gmail.com,TKT-004435,Late Delivery,3
user_f88b7f7c@gmail.com,TKT-004436,Damaged Item,3
user_02a9fc33@gmail.com,TKT-004437,Damaged Item,4
user_51828e7b@gmail.com,TKT-004438,Late Delivery,2
user_b1cf8d49@gmail.com,TKT-004439,Late Delivery,5
user_0f866d38@gmail.com,TKT-004440,Damaged Item,3
user_8dc22023@gmail.com,TKT-004441,Late Delivery,5
user_51cf8056@gmail.com,TKT-004442,Damaged Item,5
user_fe59c62f@gmail.com,TKT-004443,Late Delivery,2
user_2811ad73@gmail.com,TKT-004444,Damaged Item,3
user_c72567dc@gmail.com,TKT-004445,Late Delivery,2
user_239f3f32@gmail.com,TKT-004446,Late Delivery,1
user_7653c3f4@gmail.com,TKT-004447,Damaged Item,4
user_8eff9cf9@gmail.com,TKT-004448,Late Delivery,3
user_091e8f35@gmail.com,TKT-004449,Late Delivery,1
user_4a8c8f75@gmail.com,TKT-004450,Late Delivery,5
user_2872be91@gmail.com,TKT-004451,Late Delivery,1
user_436164d6@gmail.com,TKT-004452,Damaged Item,5
user_e515dfc7@gmail.com,TKT-004453,Late Delivery,2
user_4743572b@gmail.com,TKT-004454,Late Delivery,1
user_711d9571@gmail.com,TKT-004455,Damaged Item,4
user_80d8a69b@gmail.com,TKT-004456,Damaged Item,2
user_22a12045@gmail.com,TKT-004457,Damaged Item,5
user_c01ac580@gmail.com,TKT-004458,Late Delivery,4
user_f9632576@gmail.com,TKT-004459,Late Delivery,3
user_ba88ce96@gmail.com,TKT-004460,Damaged Item,2
user_76f01a48@gmail.com,TKT-004461,Late Delivery,5
user_d53362e8@gmail.com,TKT-004462,Damaged Item,4
user_f5138d94@gmail.com,TKT-004463,Late Delivery,5
user_7cad00a2@gmail.com,TKT-004464,Damaged Item,5
user_a44d8c45@gmail.com,TKT-004465,Damaged Item,4
user_2e0ff4ff@gmail.com,TKT-004466,Damaged Item,1
user_f1a58844@gmail.com,TKT-004467,Damaged Item,3
user_5de55976@gmail.com,TKT-004468,Damaged Item,5
user_ab70705e@gmail.com,TKT-004469,Damaged Item,3
user_d1c1745d@gmail.com,TKT-004470,Damaged Item,5
user_a0c8b353@gmail.com,TKT-004471,Late Delivery,5
user_4929827e@gmail.com,TKT-004472,Late Delivery,2
user_7dd39512@gmail.com,TKT-004473,Late Delivery,2
user_e68365f0@gmail.com,TKT-004474,Late Delivery,4
user_0743b713@gmail.com,TKT-004475,Late Delivery,1
user_d0187608@gmail.com,TKT-004476,Late Delivery,2
user_7166419d@gmail.com,TKT-004477,Late Delivery,5
user_c76b7102@gmail.com,TKT-004478,Damaged Item,3
user_c78ef6b6@gmail.com,TKT-004479,Late Delivery,1
user_4f30bdf1@gmail.com,TKT-004480,Damaged Item,5
user_d780d06a@gmail.com,TKT-004481,Damaged Item,5
user_a50832cd@gmail.com,TKT-004482,Damaged Item,2
user_6e8f2226@gmail.com,TKT-004483,Late Delivery,2
user_4fdc62ec@gmail.com,TKT-004484,Damaged Item,4
user_de4ebdb2@gmail.com,TKT-004485,Late Delivery,5
user_9a481c84@gmail.com,TKT-004486,Late Delivery,3
user_acf40603@gmail.com,TKT-004487,Damaged Item,4
user_69dbe369@gmail.com,TKT-004488,Damaged Item,1
user_4edd24fa@gmail.com,TKT-004489,Damaged Item,5
user_7333996d@gmail.com,TKT-004490,Late Delivery,3
user_8ffed237@gmail.com,TKT-004491,Damaged Item,4
user_a4a05fc5@gmail.com,TKT-004492,Late Delivery,4
user_e9193f1e@gmail.com,TKT-004493,Damaged Item,1
user_685601fc@gmail.com,TKT-004494,Late Delivery,2
user_eca666ae@gmail.com,TKT-004495,Damaged Item,1
user_c7db8eaa@gmail.com,TKT-004496,Late Delivery,5
user_7bd29d20@gmail.com,TKT-004497,Damaged Item,2
user_15946698@gmail.com,TKT-004498,Late Delivery,5
user_e5e19e97@gmail.com,TKT-004499,Damaged Item,2
user_7a96cd5e@gmail.com,TKT-004500,Late Delivery,3
user_6813a839@gmail.com,TKT-004501,Damaged Item,2
user_c864a132@gmail.com,TKT-004502,Late Delivery,3
user_529488e6@gmail.com,TKT-004503,Damaged Item,3
user_249e7e4b@gmail.com,TKT-004504,Damaged Item,4
user_2c7ba5e7@gmail.com,TKT-004505,Damaged Item,5
user_0306523e@gmail.com,TKT-004506,Damaged Item,2
user_dfa771f8@gmail.com,TKT-004507,Late Delivery,5
user_59d399e0@gmail.com,TKT-004508,Late Delivery,3
user_24d379aa@gmail.com,TKT-004509,Damaged Item,3
user_29c059c8@gmail.com,TKT-004510,Damaged Item,2
user_42533049@gmail.com,TKT-004511,Late Delivery,2
user_e6ecf8f8@gmail.com,TKT-004512,Damaged Item,5
user_73467099@gmail.com,TKT-004513,Damaged Item,1
user_c1fd58a4@gmail.com,TKT-004514,Damaged Item,4
user_e006cec3@gmail.com,TKT-004515,Late Delivery,2
user_c5cd3f9f@gmail.com,TKT-004516,Late Delivery,1
user_d5f79f61@gmail.com,TKT-004517,Damaged Item,5
user_1b2de0a0@gmail.com,TKT-004518,Damaged Item,2
user_f72e8cad@gmail.com,TKT-004519,Late Delivery,3
user_4c694c3b@gmail.com,TKT-004520,Damaged Item,2
user_43ea9838@gmail.com,TKT-004521,Damaged Item,5
user_8eb7aa21@gmail.com,TKT-004522,Late Delivery,3
user_bbe90a45@gmail.com,TKT-004523,Damaged Item,3
user_dd9d55e4@gmail.com,TKT-004524,Damaged Item,4
user_ca912e24@gmail.com,TKT-004525,Damaged Item,3
user_1307b5c4@gmail.com,TKT-004526,Damaged Item,5
user_384d030c@gmail.com,TKT-004527,Damaged Item,3
user_070d21d6@gmail.com,TKT-004528,Damaged Item,1
user_1c641842@gmail.com,TKT-004529,Damaged Item,1
user_8ce926bd@gmail.com,TKT-004530,Late Delivery,1
user_7fe33c78@gmail.com,TKT-004531,Damaged Item,4
user_04b3b974@gmail.com,TKT-004532,Damaged Item,1
user_1d15f7e1@gmail.com,TKT-004533,Damaged Item,4
user_7bf6a12a@gmail.com,TKT-004534,Damaged Item,5
user_37d3dfcb@gmail.com,TKT-004535,Damaged Item,1
user_40b600b6@gmail.com,TKT-004536,Damaged Item,4
user_1b94082e@gmail.com,TKT-004537,Damaged Item,2
user_9fc1f034@gmail.com,TKT-004538,Late Delivery,3
user_6c9588c0@gmail.com,TKT-004539,Late Delivery,3
user_52d40ed5@gmail.com,TKT-004540,Damaged Item,5
user_05d3991a@gmail.com,TKT-004541,Late Delivery,5
user_07dd74ef@gmail.com,TKT-004542,Damaged Item,1
user_cdaa770a@gmail.com,TKT-004543,Damaged Item,2
user_7e295fa8@gmail.com,TKT-004544,Late Delivery,2
user_b2edbb3c@gmail.com,TKT-004545,Late Delivery,2
user_d5578bbd@gmail.com,TKT-004546,Late Delivery,3
user_c8198557@gmail.com,TKT-004547,Late Delivery,5
user_d2a21549@gmail.com,TKT-004548,Damaged Item,2
user_6b6e284d@gmail.com,TKT-004549,Late Delivery,5
user_0e1aa2e5@gmail.com,TKT-004550,Late Delivery,1
user_1c0786e4@gmail.com,TKT-004551,Damaged Item,2
user_4c13d21a@gmail.com,TKT-004552,Damaged Item,3
user_d498d61f@gmail.com,TKT-004553,Damaged Item,5
user_9bd34173@gmail.com,TKT-004554,Late Delivery,1
user_f7418da0@gmail.com,TKT-004555,Late Delivery,4
user_9eaccda1@gmail.com,TKT-004556,Damaged Item,5
user_b4286571@gmail.com,TKT-004557,Late Delivery,4
user_3e8516f7@gmail.com,TKT-004558,Damaged Item,3
user_2825b7f4@gmail.com,TKT-004559,Damaged Item,1
user_cffca7ea@gmail.com,TKT-004560,Damaged Item,3
user_28441d18@gmail.com,TKT-004561,Damaged Item,1
user_7d27012b@gmail.com,TKT-004562,Damaged Item,1
user_36808694@gmail.com,TKT-004563,Late Delivery,3
user_95a42937@gmail.com,TKT-004564,Late Delivery,2
user_0195b599@gmail.com,TKT-004565,Damaged Item,3
user_a3c776e9@gmail.com,TKT-004566,Late Delivery,2
user_1da52648@gmail.com,TKT-004567,Late Delivery,4
user_d95f9cf8@gmail.com,TKT-004568,Damaged Item,4
user_c0bc4a1f@gmail.com,TKT-004569,Damaged Item,4
user_b5f9dc2d@gmail.com,TKT-004570,Damaged Item,1
user_2c99c467@gmail.com,TKT-004571,Late Delivery,1
user_cbadd040@gmail.com,TKT-004572,Late Delivery,3
user_ea4269ec@gmail.com,TKT-004573,Late Delivery,4
user_b3d058d0@gmail.com,TKT-004574,Late Delivery,5
user_3220a93b@gmail.com,TKT-004575,Damaged Item,3
user_a796da63@gmail.com,TKT-004576,Late Delivery,4
user_e2ad8e06@gmail.com,TKT-004577,Damaged Item,5
user_27b4a774@gmail.com,TKT-004578,Damaged Item,1
user_bd0c5444@gmail.com,TKT-004579,Late Delivery,2
user_2eac18b4@gmail.com,TKT-004580,Damaged Item,5
user_156e627a@gmail.com,TKT-004581,Late Delivery,1
user_8c865dea@gmail.com,TKT-004582,Damaged Item,4
user_6351fc41@gmail.com,TKT-004583,Damaged Item,2
user_f70e7417@gmail.com,TKT-004584,Late Delivery,2
user_8eca66d1@gmail.com,TKT-004585,Late Delivery,5
user_adafff62@gmail.com,TKT-004586,Late Delivery,5
user_46111f39@gmail.com,TKT-004587,Late Delivery,1
user_e3e00c42@gmail.com,TKT-004588,Late Delivery,4
user_7d8edfd1@gmail.com,TKT-004589,Damaged Item,5
user_25e77733@gmail.com,TKT-004590,Damaged Item,4
user_28b0b445@gmail.com,TKT-004591,Late Delivery,1
user_ed6b39b5@gmail.com,TKT-004592,Late Delivery,4
user_c5799e94@gmail.com,TKT-004593,Damaged Item,1
user_8a8cb10e@gmail.com,TKT-004594,Late Delivery,1
user_0e5e8926@gmail.com,TKT-004595,Damaged Item,1
user_52ba1355@gmail.com,TKT-004596,Damaged Item,5
user_0ed8c759@gmail.com,TKT-004597,Damaged Item,1
user_d471f73a@gmail.com,TKT-004598,Damaged Item,3
user_5081e3d1@gmail.com,TKT-004599,Late Delivery,2
user_3b862fac@gmail.com,TKT-004600,Late Delivery,4
user_930ec447@gmail.com,TKT-004601,Damaged Item,4
user_dac4c0ef@gmail.com,TKT-004602,Late Delivery,1
user_d9e5fb51@gmail.com,TKT-004603,Damaged Item,5
user_85fb37ca@gmail.com,TKT-004604,Damaged Item,5
user_5fdf0405@gmail.com,TKT-004605,Damaged Item,2
user_6dc4cf42@gmail.com,TKT-004606,Late Delivery,2
user_e6757d8e@gmail.com,TKT-004607,Late Delivery,2
user_0f55cb62@gmail.com,TKT-004608,Damaged Item,5
user_ea7021a5@gmail.com,TKT-004609,Damaged Item,1
user_43b71233@gmail.com,TKT-004610,Damaged Item,2
user_c9db4671@gmail.com,TKT-004611,Late Delivery,5
user_177367d5@gmail.com,TKT-004612,Damaged Item,5
user_16bef435@gmail.com,TKT-004613,Damaged Item,5
user_42618546@gmail.com,TKT-004614,Late Delivery,1
user_1a35f28e@gmail.com,TKT-004615,Late Delivery,5
user_2defff2e@gmail.com,TKT-004616,Late Delivery,2
user_27c43523@gmail.com,TKT-004617,Damaged Item,2
user_8c23c0f5@gmail.com,TKT-004618,Damaged Item,3
user_3de30eee@gmail.com,TKT-004619,Late Delivery,1
user_781f80ac@gmail.com,TKT-004620,Late Delivery,2
user_906ffaf7@gmail.com,TKT-004621,Late Delivery,3
user_824f99a9@gmail.com,TKT-004622,Damaged Item,4
user_8f205095@gmail.com,TKT-004623,Damaged Item,4
user_e89bf89e@gmail.com,TKT-004624,Late Delivery,4
user_0aea71ab@gmail.com,TKT-004625,Late Delivery,1
user_e6b7b4ad@gmail.com,TKT-004626,Damaged Item,1
user_ebeaa56f@gmail.com,TKT-004627,Damaged Item,5
user_58f49927@gmail.com,TKT-004628,Damaged Item,2
user_518fe6f6@gmail.com,TKT-004629,Late Delivery,1
user_c88d886c@gmail.com,TKT-004630,Damaged Item,1
user_60761aa1@gmail.com,TKT-004631,Damaged Item,3
user_79ff5d9b@gmail.com,TKT-004632,Damaged Item,3
user_33459171@gmail.com,TKT-004633,Damaged Item,1
user_096a73be@gmail.com,TKT-004634,Damaged Item,1
user_6491f665@gmail.com,TKT-004635,Damaged Item,2
user_e2c59e02@gmail.com,TKT-004636,Damaged Item,1
user_89efe7e4@gmail.com,TKT-004637,Damaged Item,5
user_983a11ab@gmail.com,TKT-004638,Damaged Item,3
user_ec9a6d0a@gmail.com,TKT-004639,Late Delivery,3
user_ad44b3c1@gmail.com,TKT-004640,Late Delivery,1
user_484b8e4e@gmail.com,TKT-004641,Late Delivery,5
user_1f3616d9@gmail.com,TKT-004642,Late Delivery,2
user_58ac40e7@gmail.com,TKT-004643,Late Delivery,5
user_08c64a66@gmail.com,TKT-004644,Damaged Item,1
user_0c8ac932@gmail.com,TKT-004645,Late Delivery,4
user_523fcd1a@gmail.com,TKT-004646,Late Delivery,1
user_26c62200@gmail.com,TKT-004647,Damaged Item,3
user_dc2077d3@gmail.com,TKT-004648,Late Delivery,5
user_b93ccf80@gmail.com,TKT-004649,Damaged Item,3
user_27429a8e@gmail.com,TKT-004650,Damaged Item,4
user_2e2ac9b4@gmail.com,TKT-004651,Late Delivery,3
user_5042843e@gmail.com,TKT-004652,Damaged Item,5
user_a4e18981@gmail.com,TKT-004653,Damaged Item,4
user_20134a16@gmail.com,TKT-004654,Late Delivery,1
user_4e708abd@gmail.com,TKT-004655,Damaged Item,1
user_da189371@gmail.com,TKT-004656,Damaged Item,2
user_c544d0dd@gmail.com,TKT-004657,Late Delivery,4
user_83aba978@gmail.com,TKT-004658,Damaged Item,2
user_024f4526@gmail.com,TKT-004659,Late Delivery,1
user_e86907b2@gmail.com,TKT-004660,Late Delivery,3
user_84a970f5@gmail.com,TKT-004661,Late Delivery,1
user_43ac3bde@gmail.com,TKT-004662,Damaged Item,1
user_e2124b32@gmail.com,TKT-004663,Late Delivery,2
user_adf2f3c1@gmail.com,TKT-004664,Damaged Item,1
user_ac58587e@gmail.com,TKT-004665,Late Delivery,5
user_1cdafb9c@gmail.com,TKT-004666,Damaged Item,5
user_adda0d6f@gmail.com,TKT-004667,Late Delivery,4
user_8a924244@gmail.com,TKT-004668,Late Delivery,3
user_65713aa7@gmail.com,TKT-004669,Damaged Item,3
user_11c345f9@gmail.com,TKT-004670,Late Delivery,2
user_22d2877b@gmail.com,TKT-004671,Late Delivery,2
user_b6658698@gmail.com,TKT-004672,Late Delivery,1
user_afcc0fd3@gmail.com,TKT-004673,Late Delivery,2
user_7e798fc7@gmail.com,TKT-004674,Damaged Item,1
user_859be3e2@gmail.com,TKT-004675,Late Delivery,2
user_64b9eaea@gmail.com,TKT-004676,Late Delivery,1
user_a541305a@gmail.com,TKT-004677,Late Delivery,5
user_f99976d1@gmail.com,TKT-004678,Damaged Item,1
user_8ea95e0f@gmail.com,TKT-004679,Damaged Item,2
user_68e4ba2b@gmail.com,TKT-004680,Late Delivery,5
user_5406d6a5@gmail.com,TKT-004681,Damaged Item,1
user_68624d7c@gmail.com,TKT-004682,Late Delivery,2
user_cd92e347@gmail.com,TKT-004683,Late Delivery,3
user_a4026f69@gmail.com,TKT-004684,Late Delivery,4
user_e520d01b@gmail.com,TKT-004685,Late Delivery,1
user_53b2aa3a@gmail.com,TKT-004686,Damaged Item,2
user_ba9c53d7@gmail.com,TKT-004687,Damaged Item,5
user_f224610e@gmail.com,TKT-004688,Late Delivery,4
user_44f8def4@gmail.com,TKT-004689,Late Delivery,2
user_d38ef481@gmail.com,TKT-004690,Damaged Item,3
user_6c20a0d0@gmail.com,TKT-004691,Damaged Item,3
user_7d066555@gmail.com,TKT-004692,Late Delivery,4
user_0042dcca@gmail.com,TKT-004693,Damaged Item,2
user_73ddc612@gmail.com,TKT-004694,Damaged Item,3
user_9db8efc3@gmail.com,TKT-004695,Damaged Item,1
user_361def0d@gmail.com,TKT-004696,Damaged Item,3
user_da8f764b@gmail.com,TKT-004697,Damaged Item,3
user_f7b9ba66@gmail.com,TKT-004698,Late Delivery,2
user_f2ae5ee1@gmail.com,TKT-004699,Damaged Item,2
user_dc19c505@gmail.com,TKT-004700,Late Delivery,5
user_26923884@gmail.com,TKT-004701,Late Delivery,3
user_bf921bf5@gmail.com,TKT-004702,Late Delivery,3
user_2c90fdbc@gmail.com,TKT-004703,Late Delivery,4
user_b0df7ead@gmail.com,TKT-004704,Late Delivery,3
user_a9065f9f@gmail.com,TKT-004705,Late Delivery,3
user_69c6f8c4@gmail.com,TKT-004706,Damaged Item,1
user_def6d043@gmail.com,TKT-004707,Damaged Item,3
user_58c62292@gmail.com,TKT-004708,Damaged Item,4
user_d5fcc930@gmail.com,TKT-004709,Late Delivery,2
user_f860f289@gmail.com,TKT-004710,Late Delivery,5
user_28d2f55b@gmail.com,TKT-004711,Damaged Item,2
user_22b08499@gmail.com,TKT-004712,Damaged Item,3
user_6dd51515@gmail.com,TKT-004713,Late Delivery,4
user_5400394e@gmail.com,TKT-004714,Late Delivery,3
user_c965cd21@gmail.com,TKT-004715,Damaged Item,2
user_9266c116@gmail.com,TKT-004716,Late Delivery,4
user_2fa63db1@gmail.com,TKT-004717,Late Delivery,2
user_82e974b1@gmail.com,TKT-004718,Late Delivery,3
user_0522386d@gmail.com,TKT-004719,Late Delivery,5
user_46201bcc@gmail.com,TKT-004720,Late Delivery,4
user_ccd78f91@gmail.com,TKT-004721,Damaged Item,5
user_4df46622@gmail.com,TKT-004722,Late Delivery,4
user_490b1bdf@gmail.com,TKT-004723,Late Delivery,4
user_33f09d9a@gmail.com,TKT-004724,Damaged Item,2
user_dd91ca21@gmail.com,TKT-004725,Damaged Item,2
user_f10bbd7b@gmail.com,TKT-004726,Damaged Item,1
user_9b9c296f@gmail.com,TKT-004727,Late Delivery,4
user_4224676a@gmail.com,TKT-004728,Late Delivery,2
user_9fef2dbc@gmail.com,TKT-004729,Damaged Item,5
user_9b1c978c@gmail.com,TKT-004730,Late Delivery,4
user_0cc3c709@gmail.com,TKT-004731,Damaged Item,3
user_b48f2d40@gmail.com,TKT-004732,Damaged Item,3
user_78a17a8d@gmail.com,TKT-004733,Damaged Item,4
user_65593b2d@gmail.com,TKT-004734,Damaged Item,4
user_28474464@gmail.com,TKT-004735,Late Delivery,2
user_2630ea4e@gmail.com,TKT-004736,Damaged Item,3
user_9deb1526@gmail.com,TKT-004737,Late Delivery,5
user_da496aa4@gmail.com,TKT-004738,Damaged Item,4
user_f14a9e9c@gmail.com,TKT-004739,Late Delivery,5
user_8f6628a8@gmail.com,TKT-004740,Late Delivery,5
user_d3c533eb@gmail.com,TKT-004741,Damaged Item,1
user_b209eaff@gmail.com,TKT-004742,Late Delivery,4
user_b45fea9f@gmail.com,TKT-004743,Damaged Item,1
user_c78c4f7a@gmail.com,TKT-004744,Late Delivery,4
user_13a94b1d@gmail.com,TKT-004745,Late Delivery,5
user_606f2f56@gmail.com,TKT-004746,Late Delivery,1
user_820a3c21@gmail.com,TKT-004747,Damaged Item,3
user_7d8327f6@gmail.com,TKT-004748,Damaged Item,3
user_32267850@gmail.com,TKT-004749,Damaged Item,4
user_48a9594c@gmail.com,TKT-004750,Late Delivery,2
user_5990ff5b@gmail.com,TKT-004751,Damaged Item,2
user_d5392715@gmail.com,TKT-004752,Late Delivery,5
user_4c7ba37a@gmail.com,TKT-004753,Late Delivery,2
user_e6c6259c@gmail.com,TKT-004754,Late Delivery,2
user_f0f8ceea@gmail.com,TKT-004755,Late Delivery,3
user_8416fd03@gmail.com,TKT-004756,Late Delivery,4
user_27a0a706@gmail.com,TKT-004757,Damaged Item,3
user_17937682@gmail.com,TKT-004758,Damaged Item,5
user_c6765c64@gmail.com,TKT-004759,Damaged Item,3
user_61ab48f8@gmail.com,TKT-004760,Late Delivery,1
user_a3446c44@gmail.com,TKT-004761,Damaged Item,4
user_79443a5e@gmail.com,TKT-004762,Late Delivery,5
user_12aa04b4@gmail.com,TKT-004763,Late Delivery,3
user_137cd9c5@gmail.com,TKT-004764,Late Delivery,4
user_55b488a2@gmail.com,TKT-004765,Damaged Item,3
user_01bbbfc5@gmail.com,TKT-004766,Damaged Item,1
user_87e647e4@gmail.com,TKT-004767,Late Delivery,5
user_40b9180b@gmail.com,TKT-004768,Late Delivery,3
user_e9af3346@gmail.com,TKT-004769,Late Delivery,1
user_ebea2638@gmail.com,TKT-004770,Damaged Item,1
user_5467eed8@gmail.com,TKT-004771,Damaged Item,3
user_34a8d85d@gmail.com,TKT-004772,Damaged Item,4
user_f2eba8e7@gmail.com,TKT-004773,Late Delivery,2
user_30ee451b@gmail.com,TKT-004774,Damaged Item,1
user_ae7eebb9@gmail.com,TKT-004775,Damaged Item,4
user_7bf84501@gmail.com,TKT-004776,Late Delivery,5
user_dfaeedb5@gmail.com,TKT-004777,Late Delivery,2
user_620f32b6@gmail.com,TKT-004778,Damaged Item,1
user_888d3b72@gmail.com,TKT-004779,Late Delivery,3
user_2f3c23d1@gmail.com,TKT-004780,Late Delivery,2
user_729f6ebb@gmail.com,TKT-004781,Damaged Item,2
user_6e08bba0@gmail.com,TKT-004782,Late Delivery,5
user_ff51a896@gmail.com,TKT-004783,Late Delivery,5
user_887f919e@gmail.com,TKT-004784,Damaged Item,1
user_c69be125@gmail.com,TKT-004785,Late Delivery,2
user_80c75765@gmail.com,TKT-004786,Late Delivery,2
user_1f561423@gmail.com,TKT-004787,Damaged Item,5
user_019ac558@gmail.com,TKT-004788,Damaged Item,4
user_bfa1570b@gmail.com,TKT-004789,Late Delivery,2
user_6e834219@gmail.com,TKT-004790,Damaged Item,3
user_d13abf1f@gmail.com,TKT-004791,Late Delivery,3
user_58042c9e@gmail.com,TKT-004792,Late Delivery,4
user_0b48151c@gmail.com,TKT-004793,Damaged Item,3
user_c250c6d5@gmail.com,TKT-004794,Late Delivery,2
user_39797478@gmail.com,TKT-004795,Late Delivery,4
user_508700b6@gmail.com,TKT-004796,Late Delivery,2
user_87aecbf5@gmail.com,TKT-004797,Late Delivery,4
user_000de601@gmail.com,TKT-004798,Damaged Item,4
user_959957b0@gmail.com,TKT-004799,Late Delivery,1
user_27690888@gmail.com,TKT-004800,Damaged Item,2
user_ae551e28@gmail.com,TKT-004801,Damaged Item,5
user_26a6e3e0@gmail.com,TKT-004802,Late Delivery,4
user_0e7f8d40@gmail.com,TKT-004803,Damaged Item,3
user_3b54ec3e@gmail.com,TKT-004804,Damaged Item,1
user_3eb7932f@gmail.com,TKT-004805,Damaged Item,5
user_bdaa2493@gmail.com,TKT-004806,Damaged Item,3
user_3ae748b0@gmail.com,TKT-004807,Damaged Item,3
user_b770cc23@gmail.com,TKT-004808,Late Delivery,4
user_8b66ed3b@gmail.com,TKT-004809,Damaged Item,1
user_39ae2ab7@gmail.com,TKT-004810,Late Delivery,1
user_c4e4a1fe@gmail.com,TKT-004811,Late Delivery,2
user_8d0615e6@gmail.com,TKT-004812,Damaged Item,3
user_3611e83b@gmail.com,TKT-004813,Damaged Item,1
user_98b089bb@gmail.com,TKT-004814,Damaged Item,5
user_c85693be@gmail.com,TKT-004815,Damaged Item,5
user_4fd74205@gmail.com,TKT-004816,Late Delivery,1
user_a2816010@gmail.com,TKT-004817,Late Delivery,5
user_2d49eaf7@gmail.com,TKT-004818,Late Delivery,2
user_a9ebb669@gmail.com,TKT-004819,Late Delivery,1
user_a14cb347@gmail.com,TKT-004820,Late Delivery,1
user_c3c06a0f@gmail.com,TKT-004821,Late Delivery,4
user_5f6ba4ab@gmail.com,TKT-004822,Damaged Item,5
user_b907a2c2@gmail.com,TKT-004823,Damaged Item,4
user_0cee82b0@gmail.com,TKT-004824,Damaged Item,2
user_db25a9f5@gmail.com,TKT-004825,Damaged Item,3
user_525cdb64@gmail.com,TKT-004826,Damaged Item,2
user_b93f84b2@gmail.com,TKT-004827,Damaged Item,3
user_cd01cdac@gmail.com,TKT-004828,Late Delivery,3
user_7264d781@gmail.com,TKT-004829,Damaged Item,1
user_6d67308f@gmail.com,TKT-004830,Damaged Item,5
user_6c06cf54@gmail.com,TKT-004831,Late Delivery,2
user_7a499f06@gmail.com,TKT-004832,Damaged Item,2
user_5f9bc5ea@gmail.com,TKT-004833,Damaged Item,4
user_2d48cce6@gmail.com,TKT-004834,Late Delivery,5
user_cf090c66@gmail.com,TKT-004835,Damaged Item,2
user_b580ec11@gmail.com,TKT-004836,Late Delivery,4
user_1236499c@gmail.com,TKT-004837,Late Delivery,4
user_9763b0a7@gmail.com,TKT-004838,Late Delivery,2
user_1cc24255@gmail.com,TKT-004839,Late Delivery,5
user_6ee3895d@gmail.com,TKT-004840,Damaged Item,5
user_0387367d@gmail.com,TKT-004841,Late Delivery,5
user_e9fc9d7d@gmail.com,TKT-004842,Damaged Item,2
user_d9208733@gmail.com,TKT-004843,Late Delivery,5
user_61daa1ec@gmail.com,TKT-004844,Damaged Item,5
user_ce57c0ac@gmail.com,TKT-004845,Late Delivery,5
user_adcdc729@gmail.com,TKT-004846,Damaged Item,1
user_6b74a422@gmail.com,TKT-004847,Damaged Item,5
user_84821d3b@gmail.com,TKT-004848,Late Delivery,4
user_2b3db220@gmail.com,TKT-004849,Damaged Item,4
user_4605f3ff@gmail.com,TKT-004850,Late Delivery,5
user_bf344fa7@gmail.com,TKT-004851,Damaged Item,1
user_090e9707@gmail.com,TKT-004852,Damaged Item,1
user_e2542318@gmail.com,TKT-004853,Damaged Item,5
user_1c085622@gmail.com,TKT-004854,Damaged Item,2
user_40e1a93e@gmail.com,TKT-004855,Damaged Item,3
user_338bb287@gmail.com,TKT-004856,Late Delivery,3
user_87695ed0@gmail.com,TKT-004857,Damaged Item,4
user_5ea1d130@gmail.com,TKT-004858,Damaged Item,5
user_ff81e8b0@gmail.com,TKT-004859,Damaged Item,5
user_089bc915@gmail.com,TKT-004860,Late Delivery,2
user_70a8db6a@gmail.com,TKT-004861,Damaged Item,4
user_7db22f1b@gmail.com,TKT-004862,Damaged Item,4
user_f6315000@gmail.com,TKT-004863,Late Delivery,1
user_d5a41bba@gmail.com,TKT-004864,Damaged Item,2
user_2453dc63@gmail.com,TKT-004865,Damaged Item,3
user_84b46630@gmail.com,TKT-004866,Late Delivery,1
user_2b9eaef1@gmail.com,TKT-004867,Late Delivery,1
user_2f2e4ae6@gmail.com,TKT-004868,Late Delivery,3
user_1871aa27@gmail.com,TKT-004869,Late Delivery,2
user_7f335cc9@gmail.com,TKT-004870,Late Delivery,5
user_356298a1@gmail.com,TKT-004871,Damaged Item,3
user_4b809648@gmail.com,TKT-004872,Damaged Item,5
user_b431e4fa@gmail.com,TKT-004873,Damaged Item,1
user_f999abea@gmail.com,TKT-004874,Late Delivery,1
user_0c4580b2@gmail.com,TKT-004875,Late Delivery,3
user_6078405d@gmail.com,TKT-004876,Late Delivery,5
user_1eba2c02@gmail.com,TKT-004877,Damaged Item,2
user_b5912b61@gmail.com,TKT-004878,Late Delivery,4
user_76332fdd@gmail.com,TKT-004879,Damaged Item,3
user_9d73089e@gmail.com,TKT-004880,Late Delivery,3
user_60d7d38f@gmail.com,TKT-004881,Late Delivery,1
user_88a550e8@gmail.com,TKT-004882,Damaged Item,4
user_d38ad26f@gmail.com,TKT-004883,Damaged Item,4
user_7b89d601@gmail.com,TKT-004884,Late Delivery,4
user_e72ca4ec@gmail.com,TKT-004885,Late Delivery,3
user_4dff377f@gmail.com,TKT-004886,Damaged Item,1
user_64d6097a@gmail.com,TKT-004887,Damaged Item,3
user_aebfaa38@gmail.com,TKT-004888,Damaged Item,1
user_ace70853@gmail.com,TKT-004889,Damaged Item,4
user_9bbb6d6f@gmail.com,TKT-004890,Damaged Item,4
user_b5888ddd@gmail.com,TKT-004891,Damaged Item,1
user_f64fecaa@gmail.com,TKT-004892,Late Delivery,3
user_f30af10a@gmail.com,TKT-004893,Damaged Item,5
user_72126e67@gmail.com,TKT-004894,Damaged Item,1
user_730e4b7e@gmail.com,TKT-004895,Late Delivery,5
user_018e2017@gmail.com,TKT-004896,Damaged Item,5
user_edb7c343@gmail.com,TKT-004897,Damaged Item,5
user_b714d073@gmail.com,TKT-004898,Late Delivery,4
user_fec36733@gmail.com,TKT-004899,Late Delivery,3
user_7a95ee0e@gmail.com,TKT-004900,Damaged Item,3
user_87b7b12b@gmail.com,TKT-004901,Late Delivery,1
user_e7f7c997@gmail.com,TKT-004902,Damaged Item,3
user_8c164db0@gmail.com,TKT-004903,Damaged Item,1
user_c0802c5a@gmail.com,TKT-004904,Damaged Item,1
user_696a957f@gmail.com,TKT-004905,Late Delivery,5
user_3d8f63e5@gmail.com,TKT-004906,Damaged Item,1
user_a2fde379@gmail.com,TKT-004907,Late Delivery,5
user_e5e7fc98@gmail.com,TKT-004908,Damaged Item,2
user_e98fe870@gmail.com,TKT-004909,Late Delivery,4
user_399aaa08@gmail.com,TKT-004910,Damaged Item,2
user_07c33c12@gmail.com,TKT-004911,Late Delivery,2
user_a2d7165b@gmail.com,TKT-004912,Damaged Item,4
user_344cf133@gmail.com,TKT-004913,Damaged Item,2
user_ff0c3ce5@gmail.com,TKT-004914,Late Delivery,2
user_b9a3be66@gmail.com,TKT-004915,Late Delivery,1
user_7267d592@gmail.com,TKT-004916,Damaged Item,5
user_7a36678c@gmail.com,TKT-004917,Damaged Item,5
user_ac0c9a8b@gmail.com,TKT-004918,Damaged Item,3
user_b94d6856@gmail.com,TKT-004919,Late Delivery,5
user_64200c9f@gmail.com,TKT-004920,Late Delivery,4
user_d165e9c4@gmail.com,TKT-004921,Late Delivery,2
user_547f5f9a@gmail.com,TKT-004922,Damaged Item,3
user_107add80@gmail.com,TKT-004923,Late Delivery,1
user_60356e77@gmail.com,TKT-004924,Damaged Item,4
user_0e148809@gmail.com,TKT-004925,Late Delivery,4
user_d941a608@gmail.com,TKT-004926,Damaged Item,3
user_8964628f@gmail.com,TKT-004927,Damaged Item,1
user_adb17973@gmail.com,TKT-004928,Damaged Item,5
user_8af0ae9a@gmail.com,TKT-004929,Late Delivery,5
user_be7a2a38@gmail.com,TKT-004930,Damaged Item,4
user_2b397611@gmail.com,TKT-004931,Late Delivery,2
user_2558bbba@gmail.com,TKT-004932,Damaged Item,4
user_d296c3ef@gmail.com,TKT-004933,Damaged Item,3
user_54a0adda@gmail.com,TKT-004934,Late Delivery,4
user_773f7afc@gmail.com,TKT-004935,Damaged Item,1
user_62912fcd@gmail.com,TKT-004936,Damaged Item,2
user_640a8b0b@gmail.com,TKT-004937,Damaged Item,5
user_35063949@gmail.com,TKT-004938,Damaged Item,5
user_cb85e26b@gmail.com,TKT-004939,Damaged Item,4
user_08078920@gmail.com,TKT-004940,Damaged Item,4
user_1364b4c4@gmail.com,TKT-004941,Late Delivery,4
user_1b6e96ed@gmail.com,TKT-004942,Late Delivery,5
user_f7f8503e@gmail.com,TKT-004943,Late Delivery,5
user_4bf5e216@gmail.com,TKT-004944,Damaged Item,4
user_f5c2abae@gmail.com,TKT-004945,Late Delivery,2
user_012ba82b@gmail.com,TKT-004946,Damaged Item,2
user_3806043c@gmail.com,TKT-004947,Damaged Item,2
user_06fabfc0@gmail.com,TKT-004948,Damaged Item,4
user_88a8f123@gmail.com,TKT-004949,Damaged Item,2
user_e3f8c5fe@gmail.com,TKT-004950,Late Delivery,1
user_ffebb642@gmail.com,TKT-004951,Damaged Item,3
user_1c30bdec@gmail.com,TKT-004952,Late Delivery,1
user_714730d7@gmail.com,TKT-004953,Late Delivery,5
user_46fae5e7@gmail.com,TKT-004954,Damaged Item,5
user_6b4e3bc4@gmail.com,TKT-004955,Late Delivery,3
user_f2c08b92@gmail.com,TKT-004956,Late Delivery,4
user_80a9ebff@gmail.com,TKT-004957,Damaged Item,3
user_1315e12c@gmail.com,TKT-004958,Late Delivery,3
user_4993527f@gmail.com,TKT-004959,Damaged Item,4
user_293e2355@gmail.com,TKT-004960,Late Delivery,5
user_5f095bae@gmail.com,TKT-004961,Late Delivery,4
user_b326ede7@gmail.com,TKT-004962,Late Delivery,3
user_28ee5763@gmail.com,TKT-004963,Late Delivery,1
user_a286380e@gmail.com,TKT-004964,Late Delivery,4
user_ca6a4a07@gmail.com,TKT-004965,Damaged Item,2
user_6a369713@gmail.com,TKT-004966,Damaged Item,3
user_be08ef2e@gmail.com,TKT-004967,Damaged Item,4
user_05e07c4a@gmail.com,TKT-004968,Damaged Item,2
user_cb215bde@gmail.com,TKT-004969,Damaged Item,5
user_2a7728b8@gmail.com,TKT-004970,Damaged Item,4
user_9660f502@gmail.com,TKT-004971,Damaged Item,3
user_be5b8357@gmail.com,TKT-004972,Damaged Item,4
user_60fdab69@gmail.com,TKT-004973,Late Delivery,1
user_52364d6a@gmail.com,TKT-004974,Late Delivery,4
user_1818cf65@gmail.com,TKT-004975,Late Delivery,2
user_7d1896f1@gmail.com,TKT-004976,Late Delivery,5
user_afa4aa82@gmail.com,TKT-004977,Damaged Item,4
user_fb2c5015@gmail.com,TKT-004978,Late Delivery,1
user_13097c35@gmail.com,TKT-004979,Damaged Item,3
user_8070844b@gmail.com,TKT-004980,Damaged Item,2
user_782d0211@gmail.com,TKT-004981,Damaged Item,5
user_e6a842f2@gmail.com,TKT-004982,Damaged Item,5
user_9ab6e9ce@gmail.com,TKT-004983,Damaged Item,1
user_fb1b89a7@gmail.com,TKT-004984,Late Delivery,1
user_9ff7c7ec@gmail.com,TKT-004985,Late Delivery,5
user_3fee181a@gmail.com,TKT-004986,Late Delivery,4
user_51ee0156@gmail.com,TKT-004987,Damaged Item,1
user_7721f7f3@gmail.com,TKT-004988,Damaged Item,4
user_eabaccde@gmail.com,TKT-004989,Late Delivery,4
user_1391fd4a@gmail.com,TKT-004990,Damaged Item,3
user_35fd5765@gmail.com,TKT-004991,Late Delivery,4
user_81186688@gmail.com,TKT-004992,Damaged Item,2
user_03cca342@gmail.com,TKT-004993,Damaged Item,2
user_896127e8@gmail.com,TKT-004994,Damaged Item,5
user_b9f8839c@gmail.com,TKT-004995,Damaged Item,4
user_561ccc48@gmail.com,TKT-004996,Damaged Item,5
user_e858e003@gmail.com,TKT-004997,Damaged Item,3
user_44783d39@gmail.com,TKT-004998,Late Delivery,4
user_fef884ae@gmail.com,TKT-004999,Late Delivery,5
user_2111a9c3@gmail.com,TKT-005000,Damaged Item,4
user_1a25b58a@gmail.com,TKT-005001,Late Delivery,3
user_2905d331@gmail.com,TKT-005002,Damaged Item,5
user_089b7f0b@gmail.com,TKT-005003,Late Delivery,3
user_5650c85b@gmail.com,TKT-005004,Late Delivery,4
user_95208b07@gmail.com,TKT-005005,Late Delivery,2
user_1d120d57@gmail.com,TKT-005006,Late Delivery,4
user_2744066a@gmail.com,TKT-005007,Damaged Item,2
user_f9cb0740@gmail.com,TKT-005008,Late Delivery,3
user_7bbb7260@gmail.com,TKT-005009,Damaged Item,1
user_a3ed0175@gmail.com,TKT-005010,Damaged Item,1
user_0e1d41bf@gmail.com,TKT-005011,Late Delivery,2
user_08f78b3f@gmail.com,TKT-005012,Late Delivery,3
user_b03e447d@gmail.com,TKT-005013,Late Delivery,2
user_f686a192@gmail.com,TKT-005014,Damaged Item,1
user_6df4dbb9@gmail.com,TKT-005015,Damaged Item,5
user_23590c2e@gmail.com,TKT-005016,Late Delivery,3
user_c5140e21@gmail.com,TKT-005017,Damaged Item,5
user_33fac23a@gmail.com,TKT-005018,Late Delivery,5
user_86203c9a@gmail.com,TKT-005019,Damaged Item,4
user_aaf1073f@gmail.com,TKT-005020,Late Delivery,4
user_963d4190@gmail.com,TKT-005021,Damaged Item,4
user_63c78253@gmail.com,TKT-005022,Damaged Item,5
user_e761878f@gmail.com,TKT-005023,Late Delivery,3
user_29e3eb2c@gmail.com,TKT-005024,Late Delivery,1
user_5c68b714@gmail.com,TKT-005025,Damaged Item,4
user_f5c261c3@gmail.com,TKT-005026,Late Delivery,4
user_4f99c339@gmail.com,TKT-005027,Damaged Item,2
user_621e1158@gmail.com,TKT-005028,Late Delivery,1
user_87b162d0@gmail.com,TKT-005029,Damaged Item,5
user_c0842fc6@gmail.com,TKT-005030,Late Delivery,2
user_98af4f13@gmail.com,TKT-005031,Late Delivery,4
user_1ae6159f@gmail.com,TKT-005032,Damaged Item,3
user_89525cbc@gmail.com,TKT-005033,Late Delivery,5
user_af42c6de@gmail.com,TKT-005034,Damaged Item,2
user_2cf5b573@gmail.com,TKT-005035,Late Delivery,1
user_93b761b9@gmail.com,TKT-005036,Late Delivery,4
user_b2fd1dea@gmail.com,TKT-005037,Damaged Item,4
user_5e652c34@gmail.com,TKT-005038,Late Delivery,5
user_ff49f6b0@gmail.com,TKT-005039,Damaged Item,4
user_bfb33fed@gmail.com,TKT-005040,Late Delivery,3
user_042b64d1@gmail.com,TKT-005041,Late Delivery,1
user_8697eaa3@gmail.com,TKT-005042,Late Delivery,5
user_7e101019@gmail.com,TKT-005043,Late Delivery,2
user_dca9a135@gmail.com,TKT-005044,Late Delivery,2
user_47bd939e@gmail.com,TKT-005045,Late Delivery,4
user_fb045372@gmail.com,TKT-005046,Damaged Item,1
user_c6269bc0@gmail.com,TKT-005047,Damaged Item,4
user_435ca69b@gmail.com,TKT-005048,Damaged Item,4
user_6c3dd33c@gmail.com,TKT-005049,Damaged Item,4
user_0d19ff85@gmail.com,TKT-005050,Damaged Item,1
user_6499157a@gmail.com,TKT-005051,Late Delivery,1
user_d204dcf6@gmail.com,TKT-005052,Late Delivery,5
user_c371ca86@gmail.com,TKT-005053,Late Delivery,1
user_89f3703a@gmail.com,TKT-005054,Late Delivery,5
user_35c75f00@gmail.com,TKT-005055,Late Delivery,1
user_a599645f@gmail.com,TKT-005056,Damaged Item,2
user_7b3a9396@gmail.com,TKT-005057,Late Delivery,2
user_a2859656@gmail.com,TKT-005058,Damaged Item,2
user_708acb99@gmail.com,TKT-005059,Damaged Item,1
user_738d911c@gmail.com,TKT-005060,Damaged Item,5
user_9fd53f72@gmail.com,TKT-005061,Late Delivery,5
user_76ff5f41@gmail.com,TKT-005062,Damaged Item,1
user_d52a67c9@gmail.com,TKT-005063,Late Delivery,4
user_009a0802@gmail.com,TKT-005064,Late Delivery,1
user_7a4411f8@gmail.com,TKT-005065,Late Delivery,3
user_a2596fa6@gmail.com,TKT-005066,Damaged Item,3
user_14f96187@gmail.com,TKT-005067,Late Delivery,3
user_e12d8a61@gmail.com,TKT-005068,Late Delivery,1
user_7a9f8489@gmail.com,TKT-005069,Late Delivery,3
user_e0461508@gmail.com,TKT-005070,Damaged Item,2
user_57a529b6@gmail.com,TKT-005071,Damaged Item,1
user_5ef5f96d@gmail.com,TKT-005072,Late Delivery,5
user_ca08650e@gmail.com,TKT-005073,Late Delivery,2
user_b87b5934@gmail.com,TKT-005074,Late Delivery,1
user_e0046726@gmail.com,TKT-005075,Damaged Item,3
user_50d0a98c@gmail.com,TKT-005076,Damaged Item,2
user_016dc441@gmail.com,TKT-005077,Damaged Item,4
user_1cb2cccc@gmail.com,TKT-005078,Damaged Item,5
user_80c77365@gmail.com,TKT-005079,Late Delivery,2
user_2dc28ee4@gmail.com,TKT-005080,Late Delivery,5
user_c319f407@gmail.com,TKT-005081,Damaged Item,1
user_c64bcc08@gmail.com,TKT-005082,Late Delivery,1
user_d0b4d070@gmail.com,TKT-005083,Late Delivery,5
user_c4ae63b4@gmail.com,TKT-005084,Damaged Item,5
user_7dea06d4@gmail.com,TKT-005085,Damaged Item,2
user_2c60d9ad@gmail.com,TKT-005086,Damaged Item,5
user_f7c9766d@gmail.com,TKT-005087,Late Delivery,1
user_993d9a0e@gmail.com,TKT-005088,Damaged Item,3
user_0efff559@gmail.com,TKT-005089,Damaged Item,5
user_37e3b2eb@gmail.com,TKT-005090,Damaged Item,2
user_bfa8bb87@gmail.com,TKT-005091,Late Delivery,1
user_6a0a549e@gmail.com,TKT-005092,Damaged Item,1
user_5e8fcce8@gmail.com,TKT-005093,Damaged Item,4
user_27e64469@gmail.com,TKT-005094,Late Delivery,4
user_8c5f4c80@gmail.com,TKT-005095,Late Delivery,5
user_3cc308c6@gmail.com,TKT-005096,Late Delivery,3
user_0c2af34b@gmail.com,TKT-005097,Damaged Item,5
user_9a0eefac@gmail.com,TKT-005098,Damaged Item,3
user_65ed7ff9@gmail.com,TKT-005099,Damaged Item,4
user_88607ce3@gmail.com,TKT-005100,Damaged Item,4
user_21989dae@gmail.com,TKT-005101,Damaged Item,3
user_2473904a@gmail.com,TKT-005102,Late Delivery,1
user_2c14869f@gmail.com,TKT-005103,Damaged Item,1
user_2ebb5832@gmail.com,TKT-005104,Late Delivery,1
user_97056265@gmail.com,TKT-005105,Damaged Item,4
user_0d49a66a@gmail.com,TKT-005106,Late Delivery,5
user_18d27d12@gmail.com,TKT-005107,Damaged Item,1
user_ba425b1b@gmail.com,TKT-005108,Late Delivery,1
user_35b45b90@gmail.com,TKT-005109,Late Delivery,4
user_8a10184c@gmail.com,TKT-005110,Damaged Item,3
user_fab0026e@gmail.com,TKT-005111,Damaged Item,4
user_7f2f3175@gmail.com,TKT-005112,Late Delivery,4
user_99d1962d@gmail.com,TKT-005113,Late Delivery,4
user_6e0a3396@gmail.com,TKT-005114,Late Delivery,3
user_0f45ff81@gmail.com,TKT-005115,Late Delivery,2
user_4aab281b@gmail.com,TKT-005116,Late Delivery,5
user_24de1953@gmail.com,TKT-005117,Damaged Item,1
user_f8d5621d@gmail.com,TKT-005118,Damaged Item,2
user_f007cd15@gmail.com,TKT-005119,Damaged Item,2
user_82e3f0d7@gmail.com,TKT-005120,Damaged Item,1
user_2f21c411@gmail.com,TKT-005121,Damaged Item,5
user_64386d23@gmail.com,TKT-005122,Late Delivery,3
user_7bfed641@gmail.com,TKT-005123,Late Delivery,2
user_7c708e40@gmail.com,TKT-005124,Damaged Item,2
user_7fdf91e0@gmail.com,TKT-005125,Damaged Item,3
user_58fa34ab@gmail.com,TKT-005126,Damaged Item,4
user_a52a9f98@gmail.com,TKT-005127,Late Delivery,3
user_5b54e8da@gmail.com,TKT-005128,Damaged Item,3
user_9773ce09@gmail.com,TKT-005129,Damaged Item,3
user_5663c275@gmail.com,TKT-005130,Damaged Item,2
user_407f6b0b@gmail.com,TKT-005131,Damaged Item,5
user_778245e7@gmail.com,TKT-005132,Late Delivery,5
user_78f805ad@gmail.com,TKT-005133,Damaged Item,3
user_69ae6c88@gmail.com,TKT-005134,Late Delivery,1
user_d92e065f@gmail.com,TKT-005135,Damaged Item,2
user_ddf60e20@gmail.com,TKT-005136,Late Delivery,1
user_5db29ae3@gmail.com,TKT-005137,Late Delivery,3
user_39a049ce@gmail.com,TKT-005138,Late Delivery,1
user_7c976c28@gmail.com,TKT-005139,Damaged Item,3
user_896dcfd0@gmail.com,TKT-005140,Late Delivery,5
user_b7a2031a@gmail.com,TKT-005141,Damaged Item,4
user_b75acdce@gmail.com,TKT-005142,Damaged Item,5
user_ac0b1f3c@gmail.com,TKT-005143,Late Delivery,2
user_a26863f4@gmail.com,TKT-005144,Damaged Item,5
user_e60bb7d6@gmail.com,TKT-005145,Late Delivery,3
user_cc91e994@gmail.com,TKT-005146,Damaged Item,2
user_a599545b@gmail.com,TKT-005147,Damaged Item,2
user_1d57f997@gmail.com,TKT-005148,Late Delivery,5
user_0a956a4b@gmail.com,TKT-005149,Late Delivery,3
user_7d1bdf71@gmail.com,TKT-005150,Late Delivery,5
user_e5eff1e5@gmail.com,TKT-005151,Damaged Item,5
user_9fe46939@gmail.com,TKT-005152,Late Delivery,5
user_ea929506@gmail.com,TKT-005153,Late Delivery,5
user_39d5cfa3@gmail.com,TKT-005154,Late Delivery,1
user_11f76b40@gmail.com,TKT-005155,Damaged Item,4
user_4e51fe41@gmail.com,TKT-005156,Late Delivery,5
user_9dad7ff9@gmail.com,TKT-005157,Late Delivery,3
user_40a8a222@gmail.com,TKT-005158,Late Delivery,2
user_9fb86d78@gmail.com,TKT-005159,Late Delivery,4
user_a3b36115@gmail.com,TKT-005160,Late Delivery,2
user_b38b202d@gmail.com,TKT-005161,Damaged Item,3
user_4dc105bd@gmail.com,TKT-005162,Late Delivery,2
user_075564a7@gmail.com,TKT-005163,Damaged Item,1
user_5091672e@gmail.com,TKT-005164,Damaged Item,4
user_0e654cd2@gmail.com,TKT-005165,Damaged Item,1
user_d611f5e3@gmail.com,TKT-005166,Damaged Item,5
user_1be3bf71@gmail.com,TKT-005167,Damaged Item,1
user_4d66c799@gmail.com,TKT-005168,Damaged Item,4
user_85b33fdc@gmail.com,TKT-005169,Damaged Item,5
user_40103192@gmail.com,TKT-005170,Damaged Item,4
user_51b61a36@gmail.com,TKT-005171,Damaged Item,4
user_cc086e13@gmail.com,TKT-005172,Damaged Item,2
user_65a0057b@gmail.com,TKT-005173,Late Delivery,1
user_eac9622d@gmail.com,TKT-005174,Late Delivery,5
user_3d7bc770@gmail.com,TKT-005175,Damaged Item,4
user_919290ec@gmail.com,TKT-005176,Late Delivery,4
user_2f28267a@gmail.com,TKT-005177,Damaged Item,1
user_e34759a7@gmail.com,TKT-005178,Late Delivery,3
user_35ce6fd0@gmail.com,TKT-005179,Damaged Item,1
user_175c218b@gmail.com,TKT-005180,Late Delivery,2
user_ff39c558@gmail.com,TKT-005181,Damaged Item,2
user_beee6288@gmail.com,TKT-005182,Damaged Item,4
user_224cbfce@gmail.com,TKT-005183,Damaged Item,4
user_51a1ead0@gmail.com,TKT-005184,Late Delivery,5
user_fa287e23@gmail.com,TKT-005185,Late Delivery,3
user_6e7bfbc2@gmail.com,TKT-005186,Late Delivery,4
user_80fde6f9@gmail.com,TKT-005187,Late Delivery,5
user_43da534e@gmail.com,TKT-005188,Damaged Item,1
user_c92d5c6c@gmail.com,TKT-005189,Late Delivery,2
user_0581b683@gmail.com,TKT-005190,Late Delivery,2
user_a1dcd10d@gmail.com,TKT-005191,Damaged Item,4
user_151d5f38@gmail.com,TKT-005192,Late Delivery,4
user_fccf8016@gmail.com,TKT-005193,Late Delivery,2
user_c165394e@gmail.com,TKT-005194,Damaged Item,5
user_aea8dbc5@gmail.com,TKT-005195,Damaged Item,5
user_c1d9e6bb@gmail.com,TKT-005196,Late Delivery,1
user_abc42409@gmail.com,TKT-005197,Damaged Item,2
user_d87af416@gmail.com,TKT-005198,Damaged Item,4
user_19f45c52@gmail.com,TKT-005199,Damaged Item,4
user_23339103@gmail.com,TKT-005200,Late Delivery,5
user_f90d8d6b@gmail.com,TKT-005201,Damaged Item,1
user_1fcd939e@gmail.com,TKT-005202,Damaged Item,3
user_3b0e018f@gmail.com,TKT-005203,Late Delivery,3
user_d09cf4f5@gmail.com,TKT-005204,Damaged Item,5
user_bb67a2b9@gmail.com,TKT-005205,Late Delivery,3
user_578e94aa@gmail.com,TKT-005206,Damaged Item,3
user_ebefb707@gmail.com,TKT-005207,Late Delivery,3
user_5b976dd4@gmail.com,TKT-005208,Damaged Item,5
user_36460430@gmail.com,TKT-005209,Late Delivery,3
user_50208f41@gmail.com,TKT-005210,Late Delivery,3
user_93e76599@gmail.com,TKT-005211,Late Delivery,3
user_6ca566e7@gmail.com,TKT-005212,Late Delivery,4
user_a71c9b34@gmail.com,TKT-005213,Late Delivery,5
user_579a0466@gmail.com,TKT-005214,Damaged Item,1
user_6c8e1824@gmail.com,TKT-005215,Late Delivery,4
user_9486697e@gmail.com,TKT-005216,Damaged Item,3
user_6c902b7d@gmail.com,TKT-005217,Damaged Item,3
user_cfc8d9c0@gmail.com,TKT-005218,Late Delivery,3
user_b4be9c88@gmail.com,TKT-005219,Damaged Item,1
user_69bb1c97@gmail.com,TKT-005220,Late Delivery,1
user_02fb446e@gmail.com,TKT-005221,Damaged Item,4
user_0a190025@gmail.com,TKT-005222,Damaged Item,2
user_e299fca4@gmail.com,TKT-005223,Late Delivery,5
user_af1af7ad@gmail.com,TKT-005224,Late Delivery,5
user_a386cfbe@gmail.com,TKT-005225,Damaged Item,5
user_f661ce75@gmail.com,TKT-005226,Late Delivery,5
user_5dad5f94@gmail.com,TKT-005227,Damaged Item,4
user_f12c93ee@gmail.com,TKT-005228,Late Delivery,4
user_a0361c07@gmail.com,TKT-005229,Damaged Item,4
user_eab79174@gmail.com,TKT-005230,Late Delivery,1
user_f2ff5e0c@gmail.com,TKT-005231,Late Delivery,2
user_04ceb0b6@gmail.com,TKT-005232,Late Delivery,3
user_f0fe07b4@gmail.com,TKT-005233,Damaged Item,5
user_b6f2686c@gmail.com,TKT-005234,Damaged Item,5
user_8cd6e198@gmail.com,TKT-005235,Late Delivery,1
user_92fc4892@gmail.com,TKT-005236,Late Delivery,5
user_52149031@gmail.com,TKT-005237,Damaged Item,4
user_f3e261bf@gmail.com,TKT-005238,Late Delivery,1
user_4be7adfe@gmail.com,TKT-005239,Late Delivery,3
user_af982647@gmail.com,TKT-005240,Late Delivery,2
user_de86048a@gmail.com,TKT-005241,Damaged Item,5
user_8092be8b@gmail.com,TKT-005242,Damaged Item,2
user_8636c052@gmail.com,TKT-005243,Damaged Item,4
user_3e3d56f9@gmail.com,TKT-005244,Late Delivery,4
user_16dcc712@gmail.com,TKT-005245,Late Delivery,2
user_9a42f4bc@gmail.com,TKT-005246,Damaged Item,3
user_31769e48@gmail.com,TKT-005247,Late Delivery,4
user_018ca9b2@gmail.com,TKT-005248,Damaged Item,3
user_03f19e53@gmail.com,TKT-005249,Late Delivery,5
user_7bccb8c0@gmail.com,TKT-005250,Damaged Item,5
user_51ac8560@gmail.com,TKT-005251,Damaged Item,2
user_4ef21f52@gmail.com,TKT-005252,Damaged Item,4
user_31d2d262@gmail.com,TKT-005253,Damaged Item,1
user_d99da12d@gmail.com,TKT-005254,Late Delivery,5
user_145e1252@gmail.com,TKT-005255,Damaged Item,3
user_b21420e4@gmail.com,TKT-005256,Damaged Item,3
user_ac65db53@gmail.com,TKT-005257,Damaged Item,3
user_ea857642@gmail.com,TKT-005258,Damaged Item,2
user_53e2cfb1@gmail.com,TKT-005259,Damaged Item,4
user_7ba1117f@gmail.com,TKT-005260,Late Delivery,1
user_ecf310d4@gmail.com,TKT-005261,Damaged Item,2
user_13b0be49@gmail.com,TKT-005262,Late Delivery,5
user_fadd744a@gmail.com,TKT-005263,Late Delivery,4
user_6b6c6539@gmail.com,TKT-005264,Damaged Item,3
user_76fd9cf5@gmail.com,TKT-005265,Damaged Item,5
user_ff95640b@gmail.com,TKT-005266,Damaged Item,2
user_bec46d4f@gmail.com,TKT-005267,Late Delivery,1
user_3c697899@gmail.com,TKT-005268,Damaged Item,2
user_491b812c@gmail.com,TKT-005269,Damaged Item,1
user_6fcf6511@gmail.com,TKT-005270,Damaged Item,2
user_6b153429@gmail.com,TKT-005271,Damaged Item,5
user_acf584f7@gmail.com,TKT-005272,Late Delivery,3
user_488f279d@gmail.com,TKT-005273,Late Delivery,3
user_d9a3c8c4@gmail.com,TKT-005274,Late Delivery,3
user_239b3546@gmail.com,TKT-005275,Damaged Item,4
user_428a6487@gmail.com,TKT-005276,Damaged Item,5
user_3a89a315@gmail.com,TKT-005277,Damaged Item,1
user_13a3742f@gmail.com,TKT-005278,Late Delivery,1
user_79c38419@gmail.com,TKT-005279,Damaged Item,1
user_2570d167@gmail.com,TKT-005280,Damaged Item,1
user_ad054a26@gmail.com,TKT-005281,Late Delivery,3
user_293288aa@gmail.com,TKT-005282,Late Delivery,4
user_7288276c@gmail.com,TKT-005283,Damaged Item,3
user_30b10057@gmail.com,TKT-005284,Late Delivery,5
user_60464630@gmail.com,TKT-005285,Damaged Item,3
user_aa96b6f4@gmail.com,TKT-005286,Damaged Item,5
user_1274848b@gmail.com,TKT-005287,Damaged Item,2
user_8e9ff46f@gmail.com,TKT-005288,Late Delivery,2
user_791e2cd5@gmail.com,TKT-005289,Damaged Item,4
user_2a3db312@gmail.com,TKT-005290,Late Delivery,2
user_de558779@gmail.com,TKT-005291,Late Delivery,2
user_eb4e9594@gmail.com,TKT-005292,Late Delivery,5
user_a0565e3f@gmail.com,TKT-005293,Damaged Item,5
user_61a2ca40@gmail.com,TKT-005294,Damaged Item,2
user_76f2a1da@gmail.com,TKT-005295,Damaged Item,3
user_aae737a8@gmail.com,TKT-005296,Damaged Item,2
user_b951c9bf@gmail.com,TKT-005297,Late Delivery,2
user_d6699b45@gmail.com,TKT-005298,Damaged Item,3
user_c902f3ef@gmail.com,TKT-005299,Damaged Item,2
user_35611054@gmail.com,TKT-005300,Damaged Item,1
user_95a4a22f@gmail.com,TKT-005301,Late Delivery,4
user_9ce860d3@gmail.com,TKT-005302,Late Delivery,4
user_ecd359ab@gmail.com,TKT-005303,Damaged Item,3
user_b1c81e39@gmail.com,TKT-005304,Damaged Item,1
user_08a1c6b4@gmail.com,TKT-005305,Damaged Item,4
user_572a488c@gmail.com,TKT-005306,Damaged Item,5
user_cfdf2eeb@gmail.com,TKT-005307,Late Delivery,5
user_01c19b12@gmail.com,TKT-005308,Late Delivery,4
user_e1778e6f@gmail.com,TKT-005309,Late Delivery,2
user_75d1ce20@gmail.com,TKT-005310,Late Delivery,2
user_ac866b5d@gmail.com,TKT-005311,Late Delivery,5
user_1bc1b2bc@gmail.com,TKT-005312,Damaged Item,4
user_18fc4574@gmail.com,TKT-005313,Damaged Item,1
user_001f3c42@gmail.com,TKT-005314,Late Delivery,5
user_b4c04350@gmail.com,TKT-005315,Damaged Item,1
user_6337e7c3@gmail.com,TKT-005316,Late Delivery,3
user_3428eb49@gmail.com,TKT-005317,Late Delivery,3
user_e2db24ba@gmail.com,TKT-005318,Damaged Item,4
user_45f8153f@gmail.com,TKT-005319,Late Delivery,1
user_283cb910@gmail.com,TKT-005320,Damaged Item,3
user_a26e07ee@gmail.com,TKT-005321,Late Delivery,3
user_b4172928@gmail.com,TKT-005322,Damaged Item,5
user_bd6c0d11@gmail.com,TKT-005323,Late Delivery,3
user_d98a8569@gmail.com,TKT-005324,Late Delivery,1
user_8a673511@gmail.com,TKT-005325,Late Delivery,3
user_fed01fad@gmail.com,TKT-005326,Damaged Item,3
user_5502657b@gmail.com,TKT-005327,Damaged Item,2
user_33235831@gmail.com,TKT-005328,Late Delivery,1
user_e8b6707b@gmail.com,TKT-005329,Late Delivery,4
user_3a26cc5a@gmail.com,TKT-005330,Late Delivery,2
user_5da04694@gmail.com,TKT-005331,Late Delivery,4
user_a66c441e@gmail.com,TKT-005332,Late Delivery,5
user_561bbb81@gmail.com,TKT-005333,Late Delivery,3
user_3655449b@gmail.com,TKT-005334,Late Delivery,3
user_6dba6f8d@gmail.com,TKT-005335,Late Delivery,3
user_e4b2c410@gmail.com,TKT-005336,Damaged Item,1
user_ae92cdf7@gmail.com,TKT-005337,Damaged Item,5
user_8cf487ea@gmail.com,TKT-005338,Late Delivery,2
user_db8dfeae@gmail.com,TKT-005339,Damaged Item,5
user_504df238@gmail.com,TKT-005340,Late Delivery,2
user_8db4ef61@gmail.com,TKT-005341,Late Delivery,4
user_a6b1c8e5@gmail.com,TKT-005342,Damaged Item,5
user_8a02bbd0@gmail.com,TKT-005343,Damaged Item,4
user_eed42da7@gmail.com,TKT-005344,Late Delivery,5
user_2e737bac@gmail.com,TKT-005345,Damaged Item,5
user_8777621c@gmail.com,TKT-005346,Late Delivery,2
user_6beadccd@gmail.com,TKT-005347,Late Delivery,2
user_8a6ba6b4@gmail.com,TKT-005348,Late Delivery,5
user_5caf3a2a@gmail.com,TKT-005349,Late Delivery,3
user_c4dca6b7@gmail.com,TKT-005350,Late Delivery,2
user_3af45fe3@gmail.com,TKT-005351,Damaged Item,4
user_9ca97e91@gmail.com,TKT-005352,Damaged Item,5
user_3c6556e3@gmail.com,TKT-005353,Damaged Item,3
user_f2ed0b55@gmail.com,TKT-005354,Damaged Item,4
user_e19d2823@gmail.com,TKT-005355,Damaged Item,4
user_bb469484@gmail.com,TKT-005356,Late Delivery,2
user_90d34459@gmail.com,TKT-005357,Damaged Item,1
user_ed54b14f@gmail.com,TKT-005358,Late Delivery,2
user_9563467c@gmail.com,TKT-005359,Late Delivery,4
user_256a818e@gmail.com,TKT-005360,Damaged Item,4
user_2e973f38@gmail.com,TKT-005361,Damaged Item,3
user_43105c70@gmail.com,TKT-005362,Damaged Item,3
user_a2fb4a98@gmail.com,TKT-005363,Damaged Item,2
user_ee25697c@gmail.com,TKT-005364,Damaged Item,5
user_8a4d4eae@gmail.com,TKT-005365,Damaged Item,4
user_a9c0a9cd@gmail.com,TKT-005366,Late Delivery,2
user_2d9355ab@gmail.com,TKT-005367,Damaged Item,5
user_e1b65176@gmail.com,TKT-005368,Late Delivery,5
user_bfe88824@gmail.com,TKT-005369,Damaged Item,5
user_e75909e6@gmail.com,TKT-005370,Late Delivery,3
user_310f9f6d@gmail.com,TKT-005371,Damaged Item,3
user_18a2a03f@gmail.com,TKT-005372,Damaged Item,3
user_e63b559d@gmail.com,TKT-005373,Damaged Item,3
user_1de6d307@gmail.com,TKT-005374,Late Delivery,5
user_52c68003@gmail.com,TKT-005375,Damaged Item,5
user_d37aa657@gmail.com,TKT-005376,Late Delivery,3
user_b1a4ace9@gmail.com,TKT-005377,Late Delivery,3
user_2aa6ba20@gmail.com,TKT-005378,Late Delivery,1
user_f9af3bfa@gmail.com,TKT-005379,Damaged Item,1
user_2dcd817b@gmail.com,TKT-005380,Late Delivery,5
user_34b6da13@gmail.com,TKT-005381,Damaged Item,4
user_12a56c68@gmail.com,TKT-005382,Damaged Item,3
user_4cc22981@gmail.com,TKT-005383,Damaged Item,3
user_9a9d8500@gmail.com,TKT-005384,Late Delivery,5
user_47489788@gmail.com,TKT-005385,Damaged Item,5
user_ba262a1d@gmail.com,TKT-005386,Damaged Item,2
user_04bc1ef1@gmail.com,TKT-005387,Late Delivery,3
user_cf83b282@gmail.com,TKT-005388,Damaged Item,3
user_a0eaf25d@gmail.com,TKT-005389,Damaged Item,5
user_a5ff3e18@gmail.com,TKT-005390,Damaged Item,4
user_42bbc97b@gmail.com,TKT-005391,Late Delivery,2
user_e3387b72@gmail.com,TKT-005392,Late Delivery,1
user_ff79fdd5@gmail.com,TKT-005393,Late Delivery,4
user_54b24dac@gmail.com,TKT-005394,Late Delivery,2
user_482b517b@gmail.com,TKT-005395,Damaged Item,2
user_9c448549@gmail.com,TKT-005396,Late Delivery,4
user_23841d4a@gmail.com,TKT-005397,Late Delivery,2
user_7e711d8c@gmail.com,TKT-005398,Late Delivery,4
user_5b542513@gmail.com,TKT-005399,Damaged Item,3
user_705bf0c7@gmail.com,TKT-005400,Damaged Item,5
user_353027c4@gmail.com,TKT-005401,Damaged Item,1
user_f59d12a1@gmail.com,TKT-005402,Damaged Item,4
user_04410a2f@gmail.com,TKT-005403,Late Delivery,2
user_c6f08f11@gmail.com,TKT-005404,Late Delivery,4
user_bbd5a61a@gmail.com,TKT-005405,Damaged Item,4
user_f8d2ce74@gmail.com,TKT-005406,Late Delivery,4
user_6f99591f@gmail.com,TKT-005407,Damaged Item,3
user_ce793105@gmail.com,TKT-005408,Late Delivery,5
user_f063eaa1@gmail.com,TKT-005409,Damaged Item,2
user_1d595351@gmail.com,TKT-005410,Damaged Item,1
user_2fdac272@gmail.com,TKT-005411,Late Delivery,1
user_bb9fc563@gmail.com,TKT-005412,Damaged Item,4
user_f87de6fb@gmail.com,TKT-005413,Damaged Item,2
user_8ca57763@gmail.com,TKT-005414,Damaged Item,1
user_579e881c@gmail.com,TKT-005415,Damaged Item,3
user_5494a117@gmail.com,TKT-005416,Damaged Item,3
user_a1e192fe@gmail.com,TKT-005417,Late Delivery,2
user_1b5720c7@gmail.com,TKT-005418,Damaged Item,1
user_c08ba900@gmail.com,TKT-005419,Late Delivery,1
user_5248fcde@gmail.com,TKT-005420,Late Delivery,1
user_16a853c2@gmail.com,TKT-005421,Late Delivery,1
user_86e62875@gmail.com,TKT-005422,Late Delivery,2
user_fdc66fe3@gmail.com,TKT-005423,Damaged Item,1
user_5a73cc26@gmail.com,TKT-005424,Damaged Item,3
user_b7828728@gmail.com,TKT-005425,Damaged Item,1
user_2d994e84@gmail.com,TKT-005426,Late Delivery,3
user_e1a10bb6@gmail.com,TKT-005427,Damaged Item,4
user_da8a310d@gmail.com,TKT-005428,Late Delivery,3
user_9d7dd3da@gmail.com,TKT-005429,Late Delivery,5
user_09018d0c@gmail.com,TKT-005430,Damaged Item,1
user_38d1d975@gmail.com,TKT-005431,Damaged Item,3
user_0fc75386@gmail.com,TKT-005432,Damaged Item,1
user_25e0e9c5@gmail.com,TKT-005433,Damaged Item,5
user_c89c7a08@gmail.com,TKT-005434,Damaged Item,2
user_a75aa5d4@gmail.com,TKT-005435,Damaged Item,3
user_f17b7c86@gmail.com,TKT-005436,Damaged Item,1
user_e2e510a7@gmail.com,TKT-005437,Late Delivery,5
user_0926d4dd@gmail.com,TKT-005438,Late Delivery,5
user_678a6aec@gmail.com,TKT-005439,Damaged Item,5
user_a77624d9@gmail.com,TKT-005440,Late Delivery,1
user_756b2ace@gmail.com,TKT-005441,Late Delivery,1
user_9498e448@gmail.com,TKT-005442,Damaged Item,4
user_6345e3b3@gmail.com,TKT-005443,Late Delivery,5
user_cef354e3@gmail.com,TKT-005444,Late Delivery,5
user_29526de9@gmail.com,TKT-005445,Late Delivery,4
user_609846ec@gmail.com,TKT-005446,Late Delivery,2
user_4179c54b@gmail.com,TKT-005447,Damaged Item,1
user_96aba765@gmail.com,TKT-005448,Late Delivery,1
user_0087eede@gmail.com,TKT-005449,Damaged Item,3
user_733bff7e@gmail.com,TKT-005450,Damaged Item,1
user_f348a054@gmail.com,TKT-005451,Damaged Item,4
user_bc5d06f0@gmail.com,TKT-005452,Late Delivery,2
user_cbc4d2d6@gmail.com,TKT-005453,Late Delivery,2
user_928ccb81@gmail.com,TKT-005454,Damaged Item,3
user_ff8fdc7d@gmail.com,TKT-005455,Damaged Item,4
user_667cd9ef@gmail.com,TKT-005456,Late Delivery,5
user_4e3d77b3@gmail.com,TKT-005457,Damaged Item,1
user_fcb93538@gmail.com,TKT-005458,Damaged Item,3
user_3f045211@gmail.com,TKT-005459,Late Delivery,4
user_b3c357a4@gmail.com,TKT-005460,Damaged Item,2
user_5163a668@gmail.com,TKT-005461,Damaged Item,1
user_e57884a3@gmail.com,TKT-005462,Late Delivery,2
user_ddeb574c@gmail.com,TKT-005463,Damaged Item,4
user_5733152c@gmail.com,TKT-005464,Late Delivery,5
user_3849a29f@gmail.com,TKT-005465,Damaged Item,4
user_7a577b09@gmail.com,TKT-005466,Late Delivery,3
user_6438672d@gmail.com,TKT-005467,Damaged Item,3
user_2f800e29@gmail.com,TKT-005468,Late Delivery,1
user_7bfae731@gmail.com,TKT-005469,Damaged Item,5
user_7d7ad5db@gmail.com,TKT-005470,Late Delivery,3
user_aab579a3@gmail.com,TKT-005471,Damaged Item,2
user_4bfb7fb5@gmail.com,TKT-005472,Late Delivery,4
user_030bbb08@gmail.com,TKT-005473,Late Delivery,5
user_bdf0db98@gmail.com,TKT-005474,Damaged Item,4
user_d01c0729@gmail.com,TKT-005475,Damaged Item,1
user_45f5f13a@gmail.com,TKT-005476,Damaged Item,2
user_6fd59e5f@gmail.com,TKT-005477,Late Delivery,5
user_8463acc2@gmail.com,TKT-005478,Damaged Item,4
user_e5706516@gmail.com,TKT-005479,Late Delivery,5
user_8ee2c84b@gmail.com,TKT-005480,Damaged Item,4
user_d1552e74@gmail.com,TKT-005481,Late Delivery,2
user_d367e463@gmail.com,TKT-005482,Damaged Item,2
user_13f6b0a0@gmail.com,TKT-005483,Damaged Item,4
user_86de506b@gmail.com,TKT-005484,Late Delivery,2
user_3299a547@gmail.com,TKT-005485,Damaged Item,1
user_d7f43b8e@gmail.com,TKT-005486,Late Delivery,3
user_191e0f45@gmail.com,TKT-005487,Late Delivery,2
user_72ec7c24@gmail.com,TKT-005488,Late Delivery,2
user_bf88edbd@gmail.com,TKT-005489,Late Delivery,5
user_a5383f85@gmail.com,TKT-005490,Late Delivery,2
user_3fbf389f@gmail.com,TKT-005491,Late Delivery,1
user_ad25a8b8@gmail.com,TKT-005492,Damaged Item,4
user_dc2a9dbf@gmail.com,TKT-005493,Late Delivery,2
user_444d1385@gmail.com,TKT-005494,Late Delivery,5
user_a2041c8c@gmail.com,TKT-005495,Damaged Item,3
user_bea85350@gmail.com,TKT-005496,Late Delivery,2
user_e9b896c3@gmail.com,TKT-005497,Damaged Item,4
user_92b48641@gmail.com,TKT-005498,Late Delivery,3
user_75e641a9@gmail.com,TKT-005499,Late Delivery,3
user_33b08ff5@gmail.com,TKT-005500,Late Delivery,5
user_93b4c8bd@gmail.com,TKT-005501,Late Delivery,4
user_d45ec5fd@gmail.com,TKT-005502,Damaged Item,1
user_cbe46ec0@gmail.com,TKT-005503,Damaged Item,3
user_553d4ddf@gmail.com,TKT-005504,Damaged Item,5
user_da437a53@gmail.com,TKT-005505,Damaged Item,1
user_60bfaf33@gmail.com,TKT-005506,Late Delivery,3
user_d5937c73@gmail.com,TKT-005507,Damaged Item,3
user_32ba49ee@gmail.com,TKT-005508,Damaged Item,3
user_71b81b3b@gmail.com,TKT-005509,Damaged Item,3
user_ec6228b4@gmail.com,TKT-005510,Late Delivery,2
user_a239165e@gmail.com,TKT-005511,Damaged Item,1
user_9e2121a0@gmail.com,TKT-005512,Late Delivery,3
user_b75c46ad@gmail.com,TKT-005513,Late Delivery,5
user_b36e3758@gmail.com,TKT-005514,Damaged Item,5
user_b69f9e79@gmail.com,TKT-005515,Damaged Item,5
user_3a2681b8@gmail.com,TKT-005516,Damaged Item,1
user_d0a9a3f1@gmail.com,TKT-005517,Late Delivery,4
user_9d9ab3b7@gmail.com,TKT-005518,Damaged Item,1
user_de6cf632@gmail.com,TKT-005519,Late Delivery,1
user_dbb8985c@gmail.com,TKT-005520,Late Delivery,2
user_eca9d15e@gmail.com,TKT-005521,Damaged Item,4
user_82dea371@gmail.com,TKT-005522,Late Delivery,4
user_c745b63e@gmail.com,TKT-005523,Late Delivery,5
user_2a393a5d@gmail.com,TKT-005524,Late Delivery,5
user_d53af683@gmail.com,TKT-005525,Late Delivery,3
user_cbaee27a@gmail.com,TKT-005526,Late Delivery,2
user_568877b6@gmail.com,TKT-005527,Late Delivery,4
user_5c774fb1@gmail.com,TKT-005528,Late Delivery,3
user_4c31188d@gmail.com,TKT-005529,Late Delivery,5
user_ed068241@gmail.com,TKT-005530,Late Delivery,5
user_4686de5c@gmail.com,TKT-005531,Late Delivery,5
user_1fbd81e4@gmail.com,TKT-005532,Late Delivery,4
user_d460f1fa@gmail.com,TKT-005533,Late Delivery,2
user_fc430752@gmail.com,TKT-005534,Late Delivery,3
user_7ae18967@gmail.com,TKT-005535,Damaged Item,4
user_7ac97af0@gmail.com,TKT-005536,Damaged Item,4
user_2983fa4a@gmail.com,TKT-005537,Late Delivery,3
user_8a9bd5b2@gmail.com,TKT-005538,Late Delivery,3
user_c4a921c9@gmail.com,TKT-005539,Late Delivery,3
user_3669d77f@gmail.com,TKT-005540,Late Delivery,5
user_10936b51@gmail.com,TKT-005541,Late Delivery,5
user_af327122@gmail.com,TKT-005542,Damaged Item,4
user_e93a8bc2@gmail.com,TKT-005543,Late Delivery,5
user_d7768ff0@gmail.com,TKT-005544,Damaged Item,1
user_d92fbc59@gmail.com,TKT-005545,Late Delivery,2
user_e1ed69e1@gmail.com,TKT-005546,Damaged Item,4
user_4588591f@gmail.com,TKT-005547,Late Delivery,4
user_e49b5376@gmail.com,TKT-005548,Damaged Item,4
user_aa7f5c2e@gmail.com,TKT-005549,Damaged Item,5
user_13f861a5@gmail.com,TKT-005550,Damaged Item,2
user_6dc3035e@gmail.com,TKT-005551,Late Delivery,2
user_68f6fa1c@gmail.com,TKT-005552,Damaged Item,5
user_137d09ae@gmail.com,TKT-005553,Damaged Item,4
user_26ee6866@gmail.com,TKT-005554,Late Delivery,1
user_08f334e8@gmail.com,TKT-005555,Late Delivery,4
user_e4d18909@gmail.com,TKT-005556,Damaged Item,5
user_f933e513@gmail.com,TKT-005557,Late Delivery,2
user_015557c9@gmail.com,TKT-005558,Late Delivery,1
user_0436b78c@gmail.com,TKT-005559,Damaged Item,5
user_cf04cba6@gmail.com,TKT-005560,Late Delivery,1
user_fbb86959@gmail.com,TKT-005561,Damaged Item,1
user_3f256699@gmail.com,TKT-005562,Late Delivery,5
user_04d43094@gmail.com,TKT-005563,Late Delivery,5
user_1e43268a@gmail.com,TKT-005564,Damaged Item,1
user_3af1bdb7@gmail.com,TKT-005565,Damaged Item,3
user_b75a890c@gmail.com,TKT-005566,Late Delivery,2
user_02ae5429@gmail.com,TKT-005567,Late Delivery,1
user_2d1685d9@gmail.com,TKT-005568,Late Delivery,4
user_cdbe9e6d@gmail.com,TKT-005569,Damaged Item,5
user_4f548c91@gmail.com,TKT-005570,Damaged Item,4
user_9cde81a5@gmail.com,TKT-005571,Damaged Item,4
user_fc332aac@gmail.com,TKT-005572,Damaged Item,1
user_ee7b648e@gmail.com,TKT-005573,Late Delivery,4
user_8851e434@gmail.com,TKT-005574,Damaged Item,1
user_ebffd9d1@gmail.com,TKT-005575,Late Delivery,1
user_67f160b6@gmail.com,TKT-005576,Damaged Item,1
user_0b7b2a76@gmail.com,TKT-005577,Damaged Item,2
user_f0e8858c@gmail.com,TKT-005578,Late Delivery,4
user_f976af3c@gmail.com,TKT-005579,Damaged Item,4
user_baee953d@gmail.com,TKT-005580,Late Delivery,5
user_cf76ef43@gmail.com,TKT-005581,Late Delivery,4
user_a69ea6fa@gmail.com,TKT-005582,Damaged Item,2
user_a368de91@gmail.com,TKT-005583,Damaged Item,5
user_afbcfd0b@gmail.com,TKT-005584,Damaged Item,4
user_5e3c05ea@gmail.com,TKT-005585,Damaged Item,3
user_175100a7@gmail.com,TKT-005586,Late Delivery,4
user_0d3fed99@gmail.com,TKT-005587,Late Delivery,4
user_fc1a7488@gmail.com,TKT-005588,Late Delivery,5
user_7bc033a7@gmail.com,TKT-005589,Late Delivery,3
user_0010a452@gmail.com,TKT-005590,Late Delivery,5
user_0fd107db@gmail.com,TKT-005591,Damaged Item,2
user_37a5bb54@gmail.com,TKT-005592,Late Delivery,1
user_354d9a04@gmail.com,TKT-005593,Damaged Item,4
user_bcfe4616@gmail.com,TKT-005594,Late Delivery,5
user_3141f71d@gmail.com,TKT-005595,Damaged Item,3
user_95390801@gmail.com,TKT-005596,Damaged Item,4
user_591dd8be@gmail.com,TKT-005597,Late Delivery,1
user_932dd957@gmail.com,TKT-005598,Late Delivery,1
user_f4d09775@gmail.com,TKT-005599,Late Delivery,5
user_bb8be4ef@gmail.com,TKT-005600,Damaged Item,2
user_774f507b@gmail.com,TKT-005601,Damaged Item,4
user_d268084c@gmail.com,TKT-005602,Late Delivery,2
user_a1a374f4@gmail.com,TKT-005603,Damaged Item,5
user_3097c771@gmail.com,TKT-005604,Late Delivery,3
user_229af2bc@gmail.com,TKT-005605,Late Delivery,5
user_8e4b1a0f@gmail.com,TKT-005606,Damaged Item,5
user_2cf5f400@gmail.com,TKT-005607,Late Delivery,4
user_f58428d2@gmail.com,TKT-005608,Late Delivery,4
user_b1002cba@gmail.com,TKT-005609,Damaged Item,4
user_3ad71716@gmail.com,TKT-005610,Damaged Item,4
user_6ee33017@gmail.com,TKT-005611,Late Delivery,1
user_4ddabde2@gmail.com,TKT-005612,Late Delivery,3
user_5b9e2d80@gmail.com,TKT-005613,Damaged Item,2
user_302be2cd@gmail.com,TKT-005614,Late Delivery,3
user_d025b382@gmail.com,TKT-005615,Late Delivery,1
user_a7d5dce7@gmail.com,TKT-005616,Damaged Item,2
user_1508a07c@gmail.com,TKT-005617,Late Delivery,1
user_8e7cbbeb@gmail.com,TKT-005618,Damaged Item,3
user_d24ec587@gmail.com,TKT-005619,Damaged Item,4
user_bd7313eb@gmail.com,TKT-005620,Late Delivery,2
user_1ec0ad42@gmail.com,TKT-005621,Late Delivery,1
user_572f6043@gmail.com,TKT-005622,Damaged Item,2
user_bd22ced9@gmail.com,TKT-005623,Damaged Item,3
user_f97502ec@gmail.com,TKT-005624,Damaged Item,3
user_6f68bd1e@gmail.com,TKT-005625,Damaged Item,3
user_146d150a@gmail.com,TKT-005626,Damaged Item,4
user_eddc1407@gmail.com,TKT-005627,Damaged Item,2
user_49bf911a@gmail.com,TKT-005628,Damaged Item,2
user_bd92bacb@gmail.com,TKT-005629,Late Delivery,2
user_b7fe3b84@gmail.com,TKT-005630,Late Delivery,3
user_e7a02c9e@gmail.com,TKT-005631,Late Delivery,2
user_9bf9806e@gmail.com,TKT-005632,Late Delivery,3
user_e33e58f0@gmail.com,TKT-005633,Damaged Item,3
user_4eb4216f@gmail.com,TKT-005634,Damaged Item,5
user_862bcdd9@gmail.com,TKT-005635,Damaged Item,4
user_18256891@gmail.com,TKT-005636,Damaged Item,1
user_98758d88@gmail.com,TKT-005637,Late Delivery,5
user_aeb672c5@gmail.com,TKT-005638,Damaged Item,4
user_d2ecc28f@gmail.com,TKT-005639,Damaged Item,4
user_02de7600@gmail.com,TKT-005640,Damaged Item,2
user_4c290104@gmail.com,TKT-005641,Late Delivery,2
user_91e82cda@gmail.com,TKT-005642,Damaged Item,2
user_8424f8f0@gmail.com,TKT-005643,Damaged Item,5
user_e1d0eca6@gmail.com,TKT-005644,Late Delivery,3
user_3984338a@gmail.com,TKT-005645,Late Delivery,5
user_a66ef26c@gmail.com,TKT-005646,Late Delivery,4
user_09455bae@gmail.com,TKT-005647,Late Delivery,2
user_f13ef71b@gmail.com,TKT-005648,Late Delivery,5
user_581ed624@gmail.com,TKT-005649,Damaged Item,2
user_4e50136e@gmail.com,TKT-005650,Late Delivery,4
user_d7058caf@gmail.com,TKT-005651,Damaged Item,3
user_ce8db292@gmail.com,TKT-005652,Damaged Item,2
user_cffeca91@gmail.com,TKT-005653,Late Delivery,1
user_84581bcc@gmail.com,TKT-005654,Damaged Item,5
user_63c26a0d@gmail.com,TKT-005655,Damaged Item,3
user_59b5158d@gmail.com,TKT-005656,Late Delivery,5
user_54098a8c@gmail.com,TKT-005657,Damaged Item,2
user_7a561ef6@gmail.com,TKT-005658,Damaged Item,4
user_7611b4fc@gmail.com,TKT-005659,Late Delivery,1
user_816ba6fb@gmail.com,TKT-005660,Damaged Item,1
user_46d0adeb@gmail.com,TKT-005661,Late Delivery,4
user_b3f3bd6b@gmail.com,TKT-005662,Late Delivery,4
user_cca0adec@gmail.com,TKT-005663,Damaged Item,1
user_9730539e@gmail.com,TKT-005664,Damaged Item,4
user_473e47de@gmail.com,TKT-005665,Damaged Item,1
user_35a1bc3b@gmail.com,TKT-005666,Late Delivery,2
user_6e53cd87@gmail.com,TKT-005667,Damaged Item,4
user_a6e959e2@gmail.com,TKT-005668,Late Delivery,4
user_faf3da01@gmail.com,TKT-005669,Damaged Item,3
user_2b5f40a4@gmail.com,TKT-005670,Damaged Item,1
user_0d3822da@gmail.com,TKT-005671,Late Delivery,1
user_522330e2@gmail.com,TKT-005672,Late Delivery,5
user_96f51296@gmail.com,TKT-005673,Late Delivery,4
user_d1c6f44e@gmail.com,TKT-005674,Damaged Item,1
user_a27d2ad8@gmail.com,TKT-005675,Late Delivery,5
user_6c4f22a4@gmail.com,TKT-005676,Late Delivery,2
user_867baeb0@gmail.com,TKT-005677,Damaged Item,3
user_08039fb6@gmail.com,TKT-005678,Damaged Item,3
user_cb3420dd@gmail.com,TKT-005679,Late Delivery,5
user_aa1a036a@gmail.com,TKT-005680,Damaged Item,1
user_286981bc@gmail.com,TKT-005681,Late Delivery,1
user_90cd2695@gmail.com,TKT-005682,Late Delivery,2
user_8bc55fd6@gmail.com,TKT-005683,Late Delivery,1
user_e1151f71@gmail.com,TKT-005684,Damaged Item,3
user_824ed222@gmail.com,TKT-005685,Damaged Item,4
user_733c1ae8@gmail.com,TKT-005686,Late Delivery,3
user_581641ee@gmail.com,TKT-005687,Damaged Item,2
user_0f92c508@gmail.com,TKT-005688,Damaged Item,4
user_a052affc@gmail.com,TKT-005689,Damaged Item,3
user_284844ea@gmail.com,TKT-005690,Damaged Item,5
user_02e9109b@gmail.com,TKT-005691,Damaged Item,3
user_e172b745@gmail.com,TKT-005692,Damaged Item,3
user_707e3ae2@gmail.com,TKT-005693,Late Delivery,2
user_88c530af@gmail.com,TKT-005694,Late Delivery,1
user_ac98f913@gmail.com,TKT-005695,Late Delivery,2
user_14bfb30e@gmail.com,TKT-005696,Late Delivery,4
user_3111af36@gmail.com,TKT-005697,Damaged Item,1
user_70893380@gmail.com,TKT-005698,Late Delivery,5
user_e3accf77@gmail.com,TKT-005699,Late Delivery,4
user_6b45a78d@gmail.com,TKT-005700,Late Delivery,1
user_34de78d1@gmail.com,TKT-005701,Late Delivery,1
user_a35457fd@gmail.com,TKT-005702,Late Delivery,1
user_55b97b5c@gmail.com,TKT-005703,Damaged Item,3
user_da50337a@gmail.com,TKT-005704,Damaged Item,2
user_f2e1f0f1@gmail.com,TKT-005705,Late Delivery,2
user_2e002c27@gmail.com,TKT-005706,Damaged Item,1
user_d48a033f@gmail.com,TKT-005707,Damaged Item,2
user_97c4e515@gmail.com,TKT-005708,Damaged Item,4
user_58944c0e@gmail.com,TKT-005709,Damaged Item,2
user_73ef942e@gmail.com,TKT-005710,Damaged Item,1
user_ee2763c6@gmail.com,TKT-005711,Late Delivery,2
user_3f5917c6@gmail.com,TKT-005712,Late Delivery,2
user_ede05169@gmail.com,TKT-005713,Damaged Item,5
user_3932e78e@gmail.com,TKT-005714,Damaged Item,2
user_27f1c615@gmail.com,TKT-005715,Damaged Item,1
user_e0562607@gmail.com,TKT-005716,Late Delivery,2
user_9ef06526@gmail.com,TKT-005717,Damaged Item,5
user_9fdad2ca@gmail.com,TKT-005718,Late Delivery,5
user_9bff77a7@gmail.com,TKT-005719,Damaged Item,4
user_cfb1ca16@gmail.com,TKT-005720,Damaged Item,5
user_acb9b5f1@gmail.com,TKT-005721,Damaged Item,5
user_cdf383f1@gmail.com,TKT-005722,Damaged Item,4
user_9aed28a7@gmail.com,TKT-005723,Damaged Item,4
user_cf0b7be5@gmail.com,TKT-005724,Late Delivery,5
user_5ed98bb5@gmail.com,TKT-005725,Late Delivery,1
user_52ee377a@gmail.com,TKT-005726,Damaged Item,4
user_5a995876@gmail.com,TKT-005727,Late Delivery,5
user_f2721c92@gmail.com,TKT-005728,Late Delivery,2
user_d2f78118@gmail.com,TKT-005729,Late Delivery,4
user_4de07fd8@gmail.com,TKT-005730,Damaged Item,1
user_0e8e39f2@gmail.com,TKT-005731,Damaged Item,1
user_baca240b@gmail.com,TKT-005732,Damaged Item,2
user_fc3b141e@gmail.com,TKT-005733,Late Delivery,5
user_f27af018@gmail.com,TKT-005734,Late Delivery,2
user_b722a2be@gmail.com,TKT-005735,Damaged Item,5
user_50734d03@gmail.com,TKT-005736,Late Delivery,2
user_db6d2022@gmail.com,TKT-005737,Late Delivery,3
user_6b0fc5b0@gmail.com,TKT-005738,Late Delivery,3
user_67626c49@gmail.com,TKT-005739,Late Delivery,5
user_6b0a53ef@gmail.com,TKT-005740,Damaged Item,2
user_42a1a17a@gmail.com,TKT-005741,Late Delivery,4
user_a83f79a7@gmail.com,TKT-005742,Damaged Item,3
user_1cb3bca9@gmail.com,TKT-005743,Late Delivery,4
user_c4b63ef5@gmail.com,TKT-005744,Late Delivery,1
user_44b95b41@gmail.com,TKT-005745,Late Delivery,1
user_a96498db@gmail.com,TKT-005746,Damaged Item,1
user_954990f4@gmail.com,TKT-005747,Late Delivery,1
user_2fe6eb56@gmail.com,TKT-005748,Late Delivery,4
user_deaddabc@gmail.com,TKT-005749,Damaged Item,5
user_b68cd14e@gmail.com,TKT-005750,Damaged Item,3
user_70d27d9e@gmail.com,TKT-005751,Damaged Item,1
user_9c01b2b2@gmail.com,TKT-005752,Damaged Item,1
user_6e0c910d@gmail.com,TKT-005753,Late Delivery,3
user_1f7e585f@gmail.com,TKT-005754,Damaged Item,3
user_5eec660c@gmail.com,TKT-005755,Late Delivery,5
user_d2b15687@gmail.com,TKT-005756,Damaged Item,4
user_b0c13359@gmail.com,TKT-005757,Late Delivery,1
user_6214a3d5@gmail.com,TKT-005758,Damaged Item,4
user_48c00b39@gmail.com,TKT-005759,Damaged Item,1
user_1b3b0b05@gmail.com,TKT-005760,Damaged Item,4
user_fd935de8@gmail.com,TKT-005761,Late Delivery,4
user_b2d87885@gmail.com,TKT-005762,Damaged Item,5
user_f64252a5@gmail.com,TKT-005763,Damaged Item,5
user_3ed5ee72@gmail.com,TKT-005764,Late Delivery,4
user_aab386d6@gmail.com,TKT-005765,Damaged Item,4
user_7f501d53@gmail.com,TKT-005766,Damaged Item,2
user_3370e12b@gmail.com,TKT-005767,Late Delivery,3
user_dd5de59b@gmail.com,TKT-005768,Late Delivery,3
user_12d7642e@gmail.com,TKT-005769,Damaged Item,4
user_78e59dc5@gmail.com,TKT-005770,Late Delivery,3
user_0332fb05@gmail.com,TKT-005771,Late Delivery,2
user_4d68c974@gmail.com,TKT-005772,Late Delivery,4
user_f6a0ba63@gmail.com,TKT-005773,Late Delivery,1
user_8a542341@gmail.com,TKT-005774,Damaged Item,3
user_7d524d0d@gmail.com,TKT-005775,Late Delivery,2
user_5b55b379@gmail.com,TKT-005776,Late Delivery,5
user_f10141c6@gmail.com,TKT-005777,Late Delivery,2
user_ec6622fb@gmail.com,TKT-005778,Late Delivery,2
user_9c193d63@gmail.com,TKT-005779,Damaged Item,5
user_f061e940@gmail.com,TKT-005780,Late Delivery,3
user_8df90f3c@gmail.com,TKT-005781,Damaged Item,2
user_60899c17@gmail.com,TKT-005782,Late Delivery,2
user_2b6aa183@gmail.com,TKT-005783,Late Delivery,4
user_04e925c9@gmail.com,TKT-005784,Late Delivery,4
user_604895aa@gmail.com,TKT-005785,Damaged Item,2
user_f522be09@gmail.com,TKT-005786,Damaged Item,1
user_9832ff65@gmail.com,TKT-005787,Late Delivery,5
user_d465a25d@gmail.com,TKT-005788,Late Delivery,5
user_d9b8aebd@gmail.com,TKT-005789,Damaged Item,5
user_a976f7c2@gmail.com,TKT-005790,Damaged Item,5
user_456355e6@gmail.com,TKT-005791,Late Delivery,2
user_9d6d99c0@gmail.com,TKT-005792,Damaged Item,5
user_276f9dd6@gmail.com,TKT-005793,Damaged Item,2
user_59280643@gmail.com,TKT-005794,Damaged Item,3
user_55e6707f@gmail.com,TKT-005795,Late Delivery,5
user_ff3f73a4@gmail.com,TKT-005796,Late Delivery,4
user_783af76d@gmail.com,TKT-005797,Damaged Item,1
user_17058581@gmail.com,TKT-005798,Damaged Item,4
user_f645f76d@gmail.com,TKT-005799,Late Delivery,4
user_aaa3bb03@gmail.com,TKT-005800,Late Delivery,1
user_0edebfec@gmail.com,TKT-005801,Late Delivery,2
user_91de4469@gmail.com,TKT-005802,Late Delivery,1
user_ff791f3c@gmail.com,TKT-005803,Damaged Item,4
user_c2f09498@gmail.com,TKT-005804,Damaged Item,2
user_608be86e@gmail.com,TKT-005805,Late Delivery,1
user_a4391774@gmail.com,TKT-005806,Late Delivery,3
user_1c8c2e37@gmail.com,TKT-005807,Late Delivery,4
user_a4f8a583@gmail.com,TKT-005808,Damaged Item,3
user_31178752@gmail.com,TKT-005809,Late Delivery,2
user_181291e3@gmail.com,TKT-005810,Late Delivery,2
user_55a36ff7@gmail.com,TKT-005811,Damaged Item,1
user_d4cfcbff@gmail.com,TKT-005812,Late Delivery,1
user_ea8680de@gmail.com,TKT-005813,Damaged Item,2
user_36516dbb@gmail.com,TKT-005814,Damaged Item,5
user_6316cfb9@gmail.com,TKT-005815,Damaged Item,3
user_c22c0618@gmail.com,TKT-005816,Late Delivery,5
user_a35d1b25@gmail.com,TKT-005817,Damaged Item,3
user_93073fef@gmail.com,TKT-005818,Damaged Item,5
user_32f7cd86@gmail.com,TKT-005819,Late Delivery,5
user_dd6df6bc@gmail.com,TKT-005820,Late Delivery,2
user_5a66e36a@gmail.com,TKT-005821,Late Delivery,4
user_7a921def@gmail.com,TKT-005822,Damaged Item,4
user_9a2a773f@gmail.com,TKT-005823,Late Delivery,1
user_7d42b502@gmail.com,TKT-005824,Damaged Item,3
user_9754a2ef@gmail.com,TKT-005825,Damaged Item,3
user_f229013f@gmail.com,TKT-005826,Late Delivery,3
user_e6dcecfb@gmail.com,TKT-005827,Late Delivery,4
user_0ac8b542@gmail.com,TKT-005828,Damaged Item,4
user_d1659c1a@gmail.com,TKT-005829,Damaged Item,3
user_1192a91a@gmail.com,TKT-005830,Late Delivery,2
user_0a0dafd6@gmail.com,TKT-005831,Late Delivery,5
user_e7536f62@gmail.com,TKT-005832,Late Delivery,3
user_22123418@gmail.com,TKT-005833,Late Delivery,3
user_8977d000@gmail.com,TKT-005834,Damaged Item,3
user_817ac0ee@gmail.com,TKT-005835,Late Delivery,2
user_02c7fc67@gmail.com,TKT-005836,Late Delivery,3
user_9a57fead@gmail.com,TKT-005837,Damaged Item,5
user_786303b4@gmail.com,TKT-005838,Damaged Item,2
user_a31841af@gmail.com,TKT-005839,Late Delivery,1
user_45f8be2d@gmail.com,TKT-005840,Late Delivery,2
user_23a944d7@gmail.com,TKT-005841,Damaged Item,1
user_5136d09d@gmail.com,TKT-005842,Late Delivery,4
user_f34fd449@gmail.com,TKT-005843,Late Delivery,1
user_ba4a2175@gmail.com,TKT-005844,Late Delivery,2
user_3ddc2233@gmail.com,TKT-005845,Damaged Item,3
user_1e9fa015@gmail.com,TKT-005846,Late Delivery,3
user_8bcf4dc0@gmail.com,TKT-005847,Late Delivery,4
user_d9e93817@gmail.com,TKT-005848,Late Delivery,4
user_bc1f5567@gmail.com,TKT-005849,Late Delivery,2
user_39669467@gmail.com,TKT-005850,Damaged Item,2
user_8ba8158e@gmail.com,TKT-005851,Damaged Item,5
user_dce5c2ba@gmail.com,TKT-005852,Damaged Item,3
user_feedc42d@gmail.com,TKT-005853,Damaged Item,5
user_95df81c7@gmail.com,TKT-005854,Damaged Item,2
user_40aa6752@gmail.com,TKT-005855,Damaged Item,4
user_2d1fbbd5@gmail.com,TKT-005856,Late Delivery,4
user_7f2ff9fa@gmail.com,TKT-005857,Late Delivery,1
user_9d98ffc3@gmail.com,TKT-005858,Damaged Item,1
user_6a175b15@gmail.com,TKT-005859,Late Delivery,3
user_99ea24bd@gmail.com,TKT-005860,Late Delivery,5
user_b0b18bff@gmail.com,TKT-005861,Late Delivery,4
user_ca24ff5e@gmail.com,TKT-005862,Late Delivery,1
user_9593af4c@gmail.com,TKT-005863,Late Delivery,2
user_a450fcbd@gmail.com,TKT-005864,Late Delivery,1
user_aa7853ce@gmail.com,TKT-005865,Late Delivery,2
user_8fb3f783@gmail.com,TKT-005866,Damaged Item,1
user_ff96fbbc@gmail.com,TKT-005867,Damaged Item,5
user_dca8af28@gmail.com,TKT-005868,Late Delivery,1
user_34134e9a@gmail.com,TKT-005869,Late Delivery,1
user_9dfffbf5@gmail.com,TKT-005870,Late Delivery,3
user_1c5b5dbc@gmail.com,TKT-005871,Late Delivery,2
user_bf4fa7cf@gmail.com,TKT-005872,Damaged Item,5
user_3798f6fc@gmail.com,TKT-005873,Damaged Item,4
user_b29d843f@gmail.com,TKT-005874,Late Delivery,3
user_74e18f89@gmail.com,TKT-005875,Late Delivery,1
user_0b9b776f@gmail.com,TKT-005876,Late Delivery,1
user_4b37052b@gmail.com,TKT-005877,Damaged Item,4
user_e9ccec7b@gmail.com,TKT-005878,Late Delivery,2
user_b03da8a8@gmail.com,TKT-005879,Damaged Item,3
user_83011c7d@gmail.com,TKT-005880,Late Delivery,4
user_73581654@gmail.com,TKT-005881,Damaged Item,2
user_ad00064c@gmail.com,TKT-005882,Late Delivery,5
user_fbac3948@gmail.com,TKT-005883,Late Delivery,3
user_43c303e4@gmail.com,TKT-005884,Late Delivery,2
user_3c2ee70d@gmail.com,TKT-005885,Damaged Item,3
user_e43b0c7c@gmail.com,TKT-005886,Late Delivery,5
user_53450c9f@gmail.com,TKT-005887,Damaged Item,2
user_5e6b3559@gmail.com,TKT-005888,Damaged Item,1
user_a37a6859@gmail.com,TKT-005889,Damaged Item,5
user_bebbf19a@gmail.com,TKT-005890,Damaged Item,3
user_f912f98f@gmail.com,TKT-005891,Damaged Item,2
user_24131c6b@gmail.com,TKT-005892,Late Delivery,5
user_2147d765@gmail.com,TKT-005893,Damaged Item,3
user_fcee78b7@gmail.com,TKT-005894,Late Delivery,5
user_be87b406@gmail.com,TKT-005895,Damaged Item,2
user_463a32dc@gmail.com,TKT-005896,Damaged Item,2
user_f996e11a@gmail.com,TKT-005897,Damaged Item,3
user_e8157273@gmail.com,TKT-005898,Late Delivery,2
user_269ddf6d@gmail.com,TKT-005899,Damaged Item,2
user_a45b37ae@gmail.com,TKT-005900,Damaged Item,1
user_eac4081f@gmail.com,TKT-005901,Late Delivery,4
user_dba60183@gmail.com,TKT-005902,Late Delivery,4
user_1f2c9b0a@gmail.com,TKT-005903,Late Delivery,5
user_64ced2d6@gmail.com,TKT-005904,Late Delivery,3
user_e806fe29@gmail.com,TKT-005905,Damaged Item,1
user_e5d4f3b3@gmail.com,TKT-005906,Late Delivery,2
user_ece10be3@gmail.com,TKT-005907,Late Delivery,3
user_67461181@gmail.com,TKT-005908,Late Delivery,4
user_5e9e4e42@gmail.com,TKT-005909,Late Delivery,4
user_3a06048b@gmail.com,TKT-005910,Damaged Item,4
user_53a52be3@gmail.com,TKT-005911,Damaged Item,5
user_7e36f0ac@gmail.com,TKT-005912,Late Delivery,2
user_4455e8f6@gmail.com,TKT-005913,Late Delivery,5
user_6e2b83fe@gmail.com,TKT-005914,Late Delivery,1
user_9a2054a5@gmail.com,TKT-005915,Late Delivery,3
user_ecca690a@gmail.com,TKT-005916,Damaged Item,3
user_ac63e5fe@gmail.com,TKT-005917,Damaged Item,3
user_2fca924c@gmail.com,TKT-005918,Damaged Item,4
user_adab55f0@gmail.com,TKT-005919,Late Delivery,4
user_90972307@gmail.com,TKT-005920,Damaged Item,3
user_ca1de4d4@gmail.com,TKT-005921,Damaged Item,2
user_305c453e@gmail.com,TKT-005922,Damaged Item,5
user_ab1284d4@gmail.com,TKT-005923,Damaged Item,5
user_a230a68d@gmail.com,TKT-005924,Damaged Item,5
user_2fdf390d@gmail.com,TKT-005925,Late Delivery,5
user_c562fe6c@gmail.com,TKT-005926,Late Delivery,2
user_cd694ea5@gmail.com,TKT-005927,Damaged Item,2
user_618a492e@gmail.com,TKT-005928,Damaged Item,2
user_001deb79@gmail.com,TKT-005929,Damaged Item,4
user_e3349609@gmail.com,TKT-005930,Late Delivery,3
user_3a242c00@gmail.com,TKT-005931,Late Delivery,1
user_65e2d3ea@gmail.com,TKT-005932,Damaged Item,2
user_1f5fbde4@gmail.com,TKT-005933,Damaged Item,2
user_b8d69eda@gmail.com,TKT-005934,Damaged Item,2
user_c2bfc05a@gmail.com,TKT-005935,Late Delivery,5
user_5c66226e@gmail.com,TKT-005936,Damaged Item,5
user_de0cba3a@gmail.com,TKT-005937,Late Delivery,2
user_01147fb2@gmail.com,TKT-005938,Late Delivery,2
user_bdb0cacd@gmail.com,TKT-005939,Late Delivery,4
user_5e444b5a@gmail.com,TKT-005940,Late Delivery,2
user_8d0b44e7@gmail.com,TKT-005941,Late Delivery,1
user_72257c3a@gmail.com,TKT-005942,Late Delivery,4
user_be289c34@gmail.com,TKT-005943,Late Delivery,5
user_7d0afa05@gmail.com,TKT-005944,Damaged Item,2
user_d0ed8771@gmail.com,TKT-005945,Damaged Item,4
user_bc4c267d@gmail.com,TKT-005946,Late Delivery,2
user_04ef021a@gmail.com,TKT-005947,Damaged Item,4
user_b510bed7@gmail.com,TKT-005948,Late Delivery,2
user_510d35cb@gmail.com,TKT-005949,Late Delivery,5
user_fd0b0f2d@gmail.com,TKT-005950,Late Delivery,2
user_d4697f23@gmail.com,TKT-005951,Late Delivery,2
user_1fccf2fe@gmail.com,TKT-005952,Late Delivery,1
user_52e946ce@gmail.com,TKT-005953,Damaged Item,1
user_a3983b8b@gmail.com,TKT-005954,Late Delivery,5
user_b40e465c@gmail.com,TKT-005955,Damaged Item,1
user_7bfdf071@gmail.com,TKT-005956,Late Delivery,5
user_86e5bace@gmail.com,TKT-005957,Late Delivery,1
user_13275a1f@gmail.com,TKT-005958,Damaged Item,2
user_8d9a36e6@gmail.com,TKT-005959,Late Delivery,1
user_de5bda8b@gmail.com,TKT-005960,Damaged Item,4
user_5c6753f9@gmail.com,TKT-005961,Late Delivery,2
user_b1c1982a@gmail.com,TKT-005962,Late Delivery,1
user_64240d7b@gmail.com,TKT-005963,Late Delivery,2
user_86622d06@gmail.com,TKT-005964,Damaged Item,1
user_24df561e@gmail.com,TKT-005965,Damaged Item,5
user_598303f5@gmail.com,TKT-005966,Damaged Item,2
user_1d3ba628@gmail.com,TKT-005967,Late Delivery,5
user_c8a27178@gmail.com,TKT-005968,Damaged Item,1
user_84dd01d7@gmail.com,TKT-005969,Late Delivery,4
user_bb79978e@gmail.com,TKT-005970,Late Delivery,3
user_e2ab461b@gmail.com,TKT-005971,Damaged Item,1
user_2f7aaffb@gmail.com,TKT-005972,Late Delivery,2
user_5c07c76a@gmail.com,TKT-005973,Damaged Item,5
user_c1a96eec@gmail.com,TKT-005974,Late Delivery,1
user_55f14dcc@gmail.com,TKT-005975,Damaged Item,2
user_97320610@gmail.com,TKT-005976,Late Delivery,4
user_deb5d5ca@gmail.com,TKT-005977,Late Delivery,2
user_8e6d0b8e@gmail.com,TKT-005978,Late Delivery,5
user_60dce986@gmail.com,TKT-005979,Late Delivery,3
user_cc438a8c@gmail.com,TKT-005980,Late Delivery,1
user_f19454db@gmail.com,TKT-005981,Damaged Item,3
user_38a8b057@gmail.com,TKT-005982,Damaged Item,4
user_861823ec@gmail.com,TKT-005983,Damaged Item,1
user_7775768d@gmail.com,TKT-005984,Damaged Item,3
user_fc0b66df@gmail.com,TKT-005985,Late Delivery,1
user_d7f1f2c2@gmail.com,TKT-005986,Damaged Item,2
user_8f6e909d@gmail.com,TKT-005987,Damaged Item,3
user_d53bc71c@gmail.com,TKT-005988,Late Delivery,1
user_356da39c@gmail.com,TKT-005989,Late Delivery,1
user_fc992f1b@gmail.com,TKT-005990,Damaged Item,5
user_d92fe8a4@gmail.com,TKT-005991,Damaged Item,3
user_47a891a1@gmail.com,TKT-005992,Damaged Item,4
user_b40a94db@gmail.com,TKT-005993,Late Delivery,5
user_93bf97e6@gmail.com,TKT-005994,Damaged Item,4
user_99634d54@gmail.com,TKT-005995,Late Delivery,4
user_2bda8b5c@gmail.com,TKT-005996,Damaged Item,4
user_7c5efeb6@gmail.com,TKT-005997,Damaged Item,2
user_55b6b774@gmail.com,TKT-005998,Late Delivery,5
user_17a75ce5@gmail.com,TKT-005999,Late Delivery,5
user_b7864919@gmail.com,TKT-006000,Late Delivery,4
user_1a1d5f3a@gmail.com,TKT-006001,Late Delivery,5
user_3932bd59@gmail.com,TKT-006002,Damaged Item,1
user_be3da9bb@gmail.com,TKT-006003,Damaged Item,2
user_09319cf1@gmail.com,TKT-006004,Late Delivery,1
user_96e3b8a9@gmail.com,TKT-006005,Damaged Item,5
user_7f901d7f@gmail.com,TKT-006006,Late Delivery,1
user_c2e9a50b@gmail.com,TKT-006007,Late Delivery,1
user_4947ed00@gmail.com,TKT-006008,Late Delivery,3
user_da4fd23d@gmail.com,TKT-006009,Late Delivery,2
user_7c5f9342@gmail.com,TKT-006010,Late Delivery,5
user_5192c897@gmail.com,TKT-006011,Damaged Item,2
user_9849752e@gmail.com,TKT-006012,Late Delivery,3
user_8b49520e@gmail.com,TKT-006013,Late Delivery,5
user_aaf59cbd@gmail.com,TKT-006014,Damaged Item,3
user_0a4a2b4c@gmail.com,TKT-006015,Damaged Item,1
user_e1a5b211@gmail.com,TKT-006016,Damaged Item,5
user_e15b7e0a@gmail.com,TKT-006017,Damaged Item,5
user_82a4ce6d@gmail.com,TKT-006018,Late Delivery,5
user_366cf7b3@gmail.com,TKT-006019,Late Delivery,3
user_7afef6c5@gmail.com,TKT-006020,Damaged Item,4
user_74540112@gmail.com,TKT-006021,Damaged Item,3
user_d11dea88@gmail.com,TKT-006022,Late Delivery,4
user_49bc0626@gmail.com,TKT-006023,Late Delivery,5
user_6adb4336@gmail.com,TKT-006024,Late Delivery,1
user_8a318fa0@gmail.com,TKT-006025,Damaged Item,2
user_7fb6bc16@gmail.com,TKT-006026,Damaged Item,4
user_b868622a@gmail.com,TKT-006027,Late Delivery,3
user_863a139b@gmail.com,TKT-006028,Late Delivery,4
user_7e765e16@gmail.com,TKT-006029,Damaged Item,1
user_9cde69e5@gmail.com,TKT-006030,Late Delivery,4
user_0d56e56e@gmail.com,TKT-006031,Damaged Item,1
user_45a62f8e@gmail.com,TKT-006032,Late Delivery,1
user_09510bd7@gmail.com,TKT-006033,Damaged Item,5
user_0688e246@gmail.com,TKT-006034,Late Delivery,2
user_bbf79cc2@gmail.com,TKT-006035,Damaged Item,4
user_a6e02bb5@gmail.com,TKT-006036,Late Delivery,5
user_0674169a@gmail.com,TKT-006037,Late Delivery,4
user_cb008b64@gmail.com,TKT-006038,Damaged Item,4
user_ddec07b2@gmail.com,TKT-006039,Damaged Item,4
user_0da0e3cb@gmail.com,TKT-006040,Late Delivery,5
user_cfbde95e@gmail.com,TKT-006041,Damaged Item,5
user_708976af@gmail.com,TKT-006042,Damaged Item,3
user_50a5c821@gmail.com,TKT-006043,Damaged Item,5
user_c6948e46@gmail.com,TKT-006044,Damaged Item,1
user_9104a97e@gmail.com,TKT-006045,Late Delivery,3
user_b4bd5b8e@gmail.com,TKT-006046,Damaged Item,4
user_760337c8@gmail.com,TKT-006047,Damaged Item,3
user_1bdfc6d4@gmail.com,TKT-006048,Damaged Item,2
user_30a81e30@gmail.com,TKT-006049,Damaged Item,3
user_987240c6@gmail.com,TKT-006050,Damaged Item,3
user_67f9b5c5@gmail.com,TKT-006051,Damaged Item,1
user_743b6b21@gmail.com,TKT-006052,Late Delivery,1
user_345805bb@gmail.com,TKT-006053,Late Delivery,4
user_e846fcaa@gmail.com,TKT-006054,Late Delivery,5
user_1e940198@gmail.com,TKT-006055,Damaged Item,4
user_5779eadd@gmail.com,TKT-006056,Late Delivery,3
user_c66d58cd@gmail.com,TKT-006057,Late Delivery,3
user_7602f4c1@gmail.com,TKT-006058,Late Delivery,1
user_05b6b8be@gmail.com,TKT-006059,Late Delivery,3
user_6dd0a6d0@gmail.com,TKT-006060,Damaged Item,4
user_274d4e17@gmail.com,TKT-006061,Damaged Item,2
user_ade2a262@gmail.com,TKT-006062,Late Delivery,4
user_5bb439a4@gmail.com,TKT-006063,Late Delivery,4
user_65159bd5@gmail.com,TKT-006064,Damaged Item,2
user_3eed36d1@gmail.com,TKT-006065,Damaged Item,4
user_ef89f6e3@gmail.com,TKT-006066,Damaged Item,2
user_266f6bae@gmail.com,TKT-006067,Damaged Item,5
user_4f3865fa@gmail.com,TKT-006068,Damaged Item,4
user_82d3f220@gmail.com,TKT-006069,Damaged Item,1
user_99d697dd@gmail.com,TKT-006070,Damaged Item,2
user_68cfb2c1@gmail.com,TKT-006071,Damaged Item,3
user_60c3be08@gmail.com,TKT-006072,Late Delivery,2
user_06bdfbbe@gmail.com,TKT-006073,Damaged Item,2
user_7febaab7@gmail.com,TKT-006074,Late Delivery,5
user_53e51495@gmail.com,TKT-006075,Damaged Item,4
user_0931121d@gmail.com,TKT-006076,Damaged Item,3
user_68215d6b@gmail.com,TKT-006077,Damaged Item,3
user_15ddeaf2@gmail.com,TKT-006078,Late Delivery,1
user_57c93fa4@gmail.com,TKT-006079,Late Delivery,2
user_b38109b1@gmail.com,TKT-006080,Late Delivery,3
user_5f1718c6@gmail.com,TKT-006081,Damaged Item,2
user_81537fdb@gmail.com,TKT-006082,Late Delivery,2
user_14b752df@gmail.com,TKT-006083,Late Delivery,5
user_6da7436c@gmail.com,TKT-006084,Late Delivery,5
user_3e2c9af0@gmail.com,TKT-006085,Damaged Item,5
user_2856ad5a@gmail.com,TKT-006086,Damaged Item,3
user_a06003b9@gmail.com,TKT-006087,Damaged Item,2
user_d4543db8@gmail.com,TKT-006088,Damaged Item,3
user_b23015fa@gmail.com,TKT-006089,Late Delivery,2
user_53ab2464@gmail.com,TKT-006090,Late Delivery,4
user_d9052d13@gmail.com,TKT-006091,Late Delivery,3
user_31c90353@gmail.com,TKT-006092,Late Delivery,1
user_e3ca63ed@gmail.com,TKT-006093,Late Delivery,4
user_9d92c9e7@gmail.com,TKT-006094,Late Delivery,1
user_81e481d1@gmail.com,TKT-006095,Late Delivery,4
user_e730a3d2@gmail.com,TKT-006096,Damaged Item,5
user_fe6600d1@gmail.com,TKT-006097,Late Delivery,2
user_ebfba852@gmail.com,TKT-006098,Late Delivery,1
user_56dd0c5f@gmail.com,TKT-006099,Damaged Item,3
user_6c9c4be7@gmail.com,TKT-006100,Late Delivery,4
user_700e5a2a@gmail.com,TKT-006101,Damaged Item,3
user_e6700e27@gmail.com,TKT-006102,Damaged Item,2
user_f3738f6f@gmail.com,TKT-006103,Late Delivery,5
user_1b7f6f9b@gmail.com,TKT-006104,Late Delivery,4
user_33162235@gmail.com,TKT-006105,Late Delivery,5
user_1640ac81@gmail.com,TKT-006106,Late Delivery,3
user_e60c3e8f@gmail.com,TKT-006107,Late Delivery,1
user_b1a66210@gmail.com,TKT-006108,Damaged Item,1
user_87e5b2ef@gmail.com,TKT-006109,Damaged Item,5
user_45142fbd@gmail.com,TKT-006110,Late Delivery,5
user_1b57eee2@gmail.com,TKT-006111,Late Delivery,2
user_c9216e46@gmail.com,TKT-006112,Damaged Item,4
user_05669445@gmail.com,TKT-006113,Late Delivery,4
user_86ec2fb8@gmail.com,TKT-006114,Damaged Item,3
user_dccf1a0f@gmail.com,TKT-006115,Damaged Item,1
user_8972983f@gmail.com,TKT-006116,Late Delivery,3
user_59548bde@gmail.com,TKT-006117,Damaged Item,2
user_ed533f48@gmail.com,TKT-006118,Damaged Item,1
user_6b4f1006@gmail.com,TKT-006119,Damaged Item,2
user_b685f571@gmail.com,TKT-006120,Damaged Item,1
user_7a97eb62@gmail.com,TKT-006121,Late Delivery,4
user_8acea88c@gmail.com,TKT-006122,Damaged Item,4
user_70f73fe6@gmail.com,TKT-006123,Late Delivery,2
user_ca3dde7e@gmail.com,TKT-006124,Late Delivery,5
user_e5aa441c@gmail.com,TKT-006125,Damaged Item,4
user_ad217432@gmail.com,TKT-006126,Late Delivery,2
user_75e4c2f9@gmail.com,TKT-006127,Late Delivery,5
user_aaed343d@gmail.com,TKT-006128,Damaged Item,1
user_8603ccc4@gmail.com,TKT-006129,Damaged Item,3
user_5f495072@gmail.com,TKT-006130,Late Delivery,4
user_e6e71562@gmail.com,TKT-006131,Damaged Item,2
user_7e13ffee@gmail.com,TKT-006132,Late Delivery,4
user_7e6eb9bf@gmail.com,TKT-006133,Damaged Item,1
user_bf635aad@gmail.com,TKT-006134,Late Delivery,5
user_903f86e3@gmail.com,TKT-006135,Damaged Item,1
user_bdc598df@gmail.com,TKT-006136,Damaged Item,3
user_f38f5164@gmail.com,TKT-006137,Late Delivery,2
user_abc2f288@gmail.com,TKT-006138,Damaged Item,4
user_370d434c@gmail.com,TKT-006139,Late Delivery,3
user_4e3536de@gmail.com,TKT-006140,Damaged Item,3
user_4e58d8d6@gmail.com,TKT-006141,Damaged Item,4
user_d91a956a@gmail.com,TKT-006142,Damaged Item,5
user_bd17a745@gmail.com,TKT-006143,Late Delivery,3
user_eb2b2bca@gmail.com,TKT-006144,Late Delivery,1
user_8ffd6eb4@gmail.com,TKT-006145,Damaged Item,4
user_86a72c4e@gmail.com,TKT-006146,Late Delivery,4
user_2758635d@gmail.com,TKT-006147,Late Delivery,3
user_8d73f2a7@gmail.com,TKT-006148,Late Delivery,2
user_c15f6a85@gmail.com,TKT-006149,Late Delivery,3
user_a449a968@gmail.com,TKT-006150,Damaged Item,1
user_2b2f2762@gmail.com,TKT-006151,Late Delivery,5
user_a5193126@gmail.com,TKT-006152,Damaged Item,2
user_86b4776e@gmail.com,TKT-006153,Damaged Item,3
user_69e772ac@gmail.com,TKT-006154,Late Delivery,5
user_857bdf6d@gmail.com,TKT-006155,Late Delivery,5
user_93b9fb08@gmail.com,TKT-006156,Damaged Item,4
user_a3fbf03a@gmail.com,TKT-006157,Late Delivery,4
user_73252a53@gmail.com,TKT-006158,Damaged Item,3
user_99897fc6@gmail.com,TKT-006159,Late Delivery,1
user_de866cb2@gmail.com,TKT-006160,Late Delivery,2
user_ef39b38c@gmail.com,TKT-006161,Damaged Item,4
user_02eb7889@gmail.com,TKT-006162,Late Delivery,4
user_886b3d18@gmail.com,TKT-006163,Damaged Item,5
user_b7569626@gmail.com,TKT-006164,Late Delivery,1
user_87c8b245@gmail.com,TKT-006165,Late Delivery,5
user_576d7fc1@gmail.com,TKT-006166,Late Delivery,2
user_4d9f13fb@gmail.com,TKT-006167,Late Delivery,3
user_62564bb0@gmail.com,TKT-006168,Damaged Item,5
user_6a6da3ec@gmail.com,TKT-006169,Late Delivery,4
user_2587940c@gmail.com,TKT-006170,Damaged Item,2
user_aeea6bfa@gmail.com,TKT-006171,Late Delivery,1
user_26242304@gmail.com,TKT-006172,Damaged Item,1
user_337b2ad5@gmail.com,TKT-006173,Late Delivery,5
user_f0b78d88@gmail.com,TKT-006174,Late Delivery,2
user_deccdf43@gmail.com,TKT-006175,Late Delivery,1
user_f49fb63b@gmail.com,TKT-006176,Damaged Item,4
user_5842d0c9@gmail.com,TKT-006177,Late Delivery,4
user_5212c50e@gmail.com,TKT-006178,Late Delivery,4
user_feae7ffd@gmail.com,TKT-006179,Late Delivery,4
user_94600bfc@gmail.com,TKT-006180,Damaged Item,2
user_07395d6e@gmail.com,TKT-006181,Late Delivery,1
user_0b22bcdf@gmail.com,TKT-006182,Late Delivery,1
user_32ff1dde@gmail.com,TKT-006183,Late Delivery,2
user_54274806@gmail.com,TKT-006184,Damaged Item,2
user_ce229e58@gmail.com,TKT-006185,Damaged Item,4
user_9fdf694d@gmail.com,TKT-006186,Damaged Item,2
user_ab86d0ea@gmail.com,TKT-006187,Damaged Item,1
user_432f0de3@gmail.com,TKT-006188,Damaged Item,4
user_0ac6c25e@gmail.com,TKT-006189,Late Delivery,1
user_7af162f1@gmail.com,TKT-006190,Late Delivery,5
user_2a8df899@gmail.com,TKT-006191,Late Delivery,4
user_9b69dafe@gmail.com,TKT-006192,Late Delivery,5
user_38393d4a@gmail.com,TKT-006193,Late Delivery,3
user_3b5e7b15@gmail.com,TKT-006194,Damaged Item,4
user_b3af28de@gmail.com,TKT-006195,Damaged Item,5
user_3d69c76d@gmail.com,TKT-006196,Late Delivery,5
user_ac717072@gmail.com,TKT-006197,Damaged Item,4
user_2df79c0c@gmail.com,TKT-006198,Damaged Item,1
user_1545c5db@gmail.com,TKT-006199,Damaged Item,4
user_8841e54b@gmail.com,TKT-006200,Damaged Item,2
user_e10fd382@gmail.com,TKT-006201,Damaged Item,2
user_9ddffcc1@gmail.com,TKT-006202,Damaged Item,2
user_8c266b60@gmail.com,TKT-006203,Late Delivery,1
user_56f608a6@gmail.com,TKT-006204,Late Delivery,3
user_551bd5c5@gmail.com,TKT-006205,Late Delivery,1
user_797c63d3@gmail.com,TKT-006206,Damaged Item,1
user_d6055e5a@gmail.com,TKT-006207,Late Delivery,4
user_1495ea1c@gmail.com,TKT-006208,Damaged Item,5
user_646c00b1@gmail.com,TKT-006209,Late Delivery,3
user_e10142a5@gmail.com,TKT-006210,Damaged Item,3
user_87ae416c@gmail.com,TKT-006211,Damaged Item,3
user_ee35b9cf@gmail.com,TKT-006212,Damaged Item,4
user_f2d6766e@gmail.com,TKT-006213,Damaged Item,4
user_0751ebe1@gmail.com,TKT-006214,Late Delivery,1
user_0f8b5b6f@gmail.com,TKT-006215,Damaged Item,3
user_cbc88cf4@gmail.com,TKT-006216,Damaged Item,2
user_9b42b361@gmail.com,TKT-006217,Late Delivery,5
user_bde5dd3b@gmail.com,TKT-006218,Late Delivery,4
user_5abbec45@gmail.com,TKT-006219,Late Delivery,3
user_a9aa81e1@gmail.com,TKT-006220,Damaged Item,1
user_0dbe45fa@gmail.com,TKT-006221,Damaged Item,1
user_c933837e@gmail.com,TKT-006222,Late Delivery,3
user_eeb65992@gmail.com,TKT-006223,Late Delivery,2
user_613adcbc@gmail.com,TKT-006224,Late Delivery,3
user_d11f0c91@gmail.com,TKT-006225,Late Delivery,3
user_507e090b@gmail.com,TKT-006226,Late Delivery,3
user_fbe60a18@gmail.com,TKT-006227,Damaged Item,1
user_2c0e2b55@gmail.com,TKT-006228,Damaged Item,3
user_b8049423@gmail.com,TKT-006229,Damaged Item,5
user_9a84708d@gmail.com,TKT-006230,Late Delivery,2
user_c02250fc@gmail.com,TKT-006231,Damaged Item,2
user_74f06077@gmail.com,TKT-006232,Late Delivery,2
user_2dd8c837@gmail.com,TKT-006233,Late Delivery,3
user_9de7f50b@gmail.com,TKT-006234,Late Delivery,5
user_2ba34389@gmail.com,TKT-006235,Damaged Item,5
user_ef0a9d38@gmail.com,TKT-006236,Late Delivery,1
user_8bc15aa0@gmail.com,TKT-006237,Damaged Item,2
user_7716f1c2@gmail.com,TKT-006238,Damaged Item,2
user_6f8082b8@gmail.com,TKT-006239,Late Delivery,2
user_4dc331b7@gmail.com,TKT-006240,Damaged Item,5
user_f0911a59@gmail.com,TKT-006241,Late Delivery,3
user_b66d3710@gmail.com,TKT-006242,Late Delivery,4
user_5322efc4@gmail.com,TKT-006243,Late Delivery,1
user_104bf655@gmail.com,TKT-006244,Damaged Item,5
user_7c82b917@gmail.com,TKT-006245,Damaged Item,4
user_0d98133c@gmail.com,TKT-006246,Damaged Item,5
user_9a8ae569@gmail.com,TKT-006247,Damaged Item,3
user_2abd00de@gmail.com,TKT-006248,Damaged Item,1
user_37492fc2@gmail.com,TKT-006249,Damaged Item,1
user_c1ccdcde@gmail.com,TKT-006250,Late Delivery,1
user_e24a4e04@gmail.com,TKT-006251,Damaged Item,5
user_13a08d20@gmail.com,TKT-006252,Late Delivery,5
user_5e233658@gmail.com,TKT-006253,Late Delivery,2
user_79ca1616@gmail.com,TKT-006254,Damaged Item,2
user_c968cdb9@gmail.com,TKT-006255,Damaged Item,5
user_894deb85@gmail.com,TKT-006256,Damaged Item,1
user_da5bbfd5@gmail.com,TKT-006257,Damaged Item,1
user_0b5ad914@gmail.com,TKT-006258,Late Delivery,1
user_94183723@gmail.com,TKT-006259,Damaged Item,5
user_5936869a@gmail.com,TKT-006260,Damaged Item,4
user_997c6619@gmail.com,TKT-006261,Late Delivery,4
user_7ae4af4d@gmail.com,TKT-006262,Late Delivery,2
user_88b24eae@gmail.com,TKT-006263,Damaged Item,2
user_d849043e@gmail.com,TKT-006264,Late Delivery,5
user_94c8edbc@gmail.com,TKT-006265,Late Delivery,4
user_01f2285f@gmail.com,TKT-006266,Late Delivery,4
user_acba7cde@gmail.com,TKT-006267,Damaged Item,4
user_5049c2e7@gmail.com,TKT-006268,Late Delivery,5
user_551f26c6@gmail.com,TKT-006269,Damaged Item,4
user_bea7d389@gmail.com,TKT-006270,Damaged Item,3
user_5ec399b5@gmail.com,TKT-006271,Damaged Item,4
user_ff594a9f@gmail.com,TKT-006272,Damaged Item,1
user_f017b573@gmail.com,TKT-006273,Damaged Item,5
user_592e1410@gmail.com,TKT-006274,Damaged Item,5
user_366f58e5@gmail.com,TKT-006275,Late Delivery,2
user_c04b120b@gmail.com,TKT-006276,Damaged Item,4
user_affe4f4b@gmail.com,TKT-006277,Late Delivery,5
user_8e09a391@gmail.com,TKT-006278,Damaged Item,1
user_0333c10f@gmail.com,TKT-006279,Late Delivery,4
user_2c49253c@gmail.com,TKT-006280,Late Delivery,5
user_7f4b748b@gmail.com,TKT-006281,Late Delivery,4
user_fcc04bd9@gmail.com,TKT-006282,Damaged Item,5
user_1d3e82e0@gmail.com,TKT-006283,Late Delivery,5
user_d08960a7@gmail.com,TKT-006284,Late Delivery,3
user_1c5b9d09@gmail.com,TKT-006285,Late Delivery,3
user_392b8fd0@gmail.com,TKT-006286,Late Delivery,5
user_f9b57816@gmail.com,TKT-006287,Damaged Item,3
user_7b1e0619@gmail.com,TKT-006288,Late Delivery,4
user_3c9e98b5@gmail.com,TKT-006289,Late Delivery,1
user_8f4a843b@gmail.com,TKT-006290,Damaged Item,3
user_efb14cc2@gmail.com,TKT-006291,Damaged Item,2
user_9466489c@gmail.com,TKT-006292,Late Delivery,5
user_675164c0@gmail.com,TKT-006293,Late Delivery,2
user_02d90219@gmail.com,TKT-006294,Damaged Item,3
user_288176d1@gmail.com,TKT-006295,Late Delivery,5
user_accbd997@gmail.com,TKT-006296,Late Delivery,5
user_66dc6011@gmail.com,TKT-006297,Damaged Item,4
user_456f55fb@gmail.com,TKT-006298,Late Delivery,1
user_f4624f96@gmail.com,TKT-006299,Damaged Item,2
user_9aae3f38@gmail.com,TKT-006300,Damaged Item,1
user_5c77c31e@gmail.com,TKT-006301,Late Delivery,5
user_39d5ee3e@gmail.com,TKT-006302,Damaged Item,2
user_1633464f@gmail.com,TKT-006303,Damaged Item,3
user_aa35908e@gmail.com,TKT-006304,Damaged Item,3
user_167d54cc@gmail.com,TKT-006305,Damaged Item,5
user_0d6fd2cc@gmail.com,TKT-006306,Late Delivery,2
user_4350cf84@gmail.com,TKT-006307,Late Delivery,3
user_d2b5dbb0@gmail.com,TKT-006308,Late Delivery,5
user_20965d8b@gmail.com,TKT-006309,Late Delivery,5
user_ddf6b5e5@gmail.com,TKT-006310,Late Delivery,4
user_b16d513a@gmail.com,TKT-006311,Late Delivery,2
user_41449387@gmail.com,TKT-006312,Damaged Item,2
user_607cc01f@gmail.com,TKT-006313,Damaged Item,4
user_668c8085@gmail.com,TKT-006314,Late Delivery,5
user_fffcf5a5@gmail.com,TKT-006315,Damaged Item,3
user_ff8d27e4@gmail.com,TKT-006316,Damaged Item,1
user_46c39f45@gmail.com,TKT-006317,Damaged Item,5
user_47e4b6a1@gmail.com,TKT-006318,Damaged Item,5
user_9fbb9f39@gmail.com,TKT-006319,Late Delivery,2
user_9f8ef7b0@gmail.com,TKT-006320,Damaged Item,4
user_1414a959@gmail.com,TKT-006321,Damaged Item,5
user_fd5018f4@gmail.com,TKT-006322,Damaged Item,5
user_9d0ac1cd@gmail.com,TKT-006323,Damaged Item,2
user_89386620@gmail.com,TKT-006324,Damaged Item,5
user_38a3c9dc@gmail.com,TKT-006325,Damaged Item,4
user_8007d573@gmail.com,TKT-006326,Late Delivery,5
user_7fc2c4ad@gmail.com,TKT-006327,Damaged Item,1
user_017bddd3@gmail.com,TKT-006328,Late Delivery,1
user_e7ecabec@gmail.com,TKT-006329,Damaged Item,4
user_bc43e377@gmail.com,TKT-006330,Damaged Item,4
user_6d69d067@gmail.com,TKT-006331,Damaged Item,5
user_3d528b06@gmail.com,TKT-006332,Damaged Item,1
user_996d28d2@gmail.com,TKT-006333,Late Delivery,2
user_60a95ee8@gmail.com,TKT-006334,Late Delivery,3
user_b0bd994f@gmail.com,TKT-006335,Late Delivery,5
user_cfde4b49@gmail.com,TKT-006336,Damaged Item,5
user_a04bff53@gmail.com,TKT-006337,Damaged Item,2
user_f3db5609@gmail.com,TKT-006338,Late Delivery,4
user_6a78f846@gmail.com,TKT-006339,Late Delivery,2
user_8a8fc468@gmail.com,TKT-006340,Late Delivery,1
user_71fc2f8d@gmail.com,TKT-006341,Damaged Item,3
user_b3c593f8@gmail.com,TKT-006342,Late Delivery,1
user_da5ee76f@gmail.com,TKT-006343,Damaged Item,1
user_4b939e88@gmail.com,TKT-006344,Late Delivery,2
user_05b5bf96@gmail.com,TKT-006345,Late Delivery,4
user_513bad29@gmail.com,TKT-006346,Late Delivery,2
user_293aacb3@gmail.com,TKT-006347,Damaged Item,1
user_0de8fca8@gmail.com,TKT-006348,Damaged Item,2
user_b4ba6c8f@gmail.com,TKT-006349,Damaged Item,2
user_10f8b486@gmail.com,TKT-006350,Late Delivery,1
user_b960d79a@gmail.com,TKT-006351,Late Delivery,4
user_51d11e5a@gmail.com,TKT-006352,Damaged Item,1
user_c6c805ba@gmail.com,TKT-006353,Damaged Item,5
user_797ecfd8@gmail.com,TKT-006354,Damaged Item,2
user_db539c72@gmail.com,TKT-006355,Late Delivery,1
user_f210365d@gmail.com,TKT-006356,Damaged Item,1
user_bd3540e8@gmail.com,TKT-006357,Late Delivery,1
user_40fb9c4c@gmail.com,TKT-006358,Late Delivery,3
user_298a2a12@gmail.com,TKT-006359,Late Delivery,2
user_c017dd87@gmail.com,TKT-006360,Late Delivery,2
user_44975ad3@gmail.com,TKT-006361,Damaged Item,1
user_84a4df77@gmail.com,TKT-006362,Late Delivery,4
user_e99bdde3@gmail.com,TKT-006363,Damaged Item,2
user_a3c97f5a@gmail.com,TKT-006364,Late Delivery,4
user_1a9137ab@gmail.com,TKT-006365,Damaged Item,5
user_6ba10a80@gmail.com,TKT-006366,Late Delivery,3
user_ef1a484b@gmail.com,TKT-006367,Damaged Item,1
user_46556700@gmail.com,TKT-006368,Damaged Item,4
user_c8da917b@gmail.com,TKT-006369,Damaged Item,2
user_8087ebdb@gmail.com,TKT-006370,Damaged Item,3
user_f108e9aa@gmail.com,TKT-006371,Damaged Item,3
user_2e45f10b@gmail.com,TKT-006372,Damaged Item,3
user_91125e29@gmail.com,TKT-006373,Damaged Item,2
user_aa0b5c65@gmail.com,TKT-006374,Damaged Item,5
user_6754148c@gmail.com,TKT-006375,Late Delivery,1
user_63af244c@gmail.com,TKT-006376,Late Delivery,2
user_470dafdb@gmail.com,TKT-006377,Damaged Item,5
user_f919c3c8@gmail.com,TKT-006378,Late Delivery,4
user_af329b8b@gmail.com,TKT-006379,Damaged Item,1
user_9b716d49@gmail.com,TKT-006380,Late Delivery,2
user_02a9f0e0@gmail.com,TKT-006381,Damaged Item,4
user_69e4e534@gmail.com,TKT-006382,Late Delivery,1
user_8f8a442e@gmail.com,TKT-006383,Damaged Item,2
user_0ff9dbc9@gmail.com,TKT-006384,Damaged Item,5
user_8359bfac@gmail.com,TKT-006385,Damaged Item,3
user_7ab1cd60@gmail.com,TKT-006386,Damaged Item,2
user_9d4dad0a@gmail.com,TKT-006387,Damaged Item,1
user_8d8d4c24@gmail.com,TKT-006388,Damaged Item,3
user_e7445ffa@gmail.com,TKT-006389,Late Delivery,4
user_4c3a186e@gmail.com,TKT-006390,Damaged Item,3
user_00e20792@gmail.com,TKT-006391,Late Delivery,1
user_749546bd@gmail.com,TKT-006392,Late Delivery,4
user_c49f7458@gmail.com,TKT-006393,Late Delivery,5
user_23ae02cd@gmail.com,TKT-006394,Late Delivery,3
user_dd993363@gmail.com,TKT-006395,Late Delivery,3
user_65ce5ba0@gmail.com,TKT-006396,Late Delivery,5
user_45b73b56@gmail.com,TKT-006397,Late Delivery,1
user_309d6e88@gmail.com,TKT-006398,Damaged Item,4
user_caaddc11@gmail.com,TKT-006399,Damaged Item,5
user_924462b7@gmail.com,TKT-006400,Late Delivery,1
user_70cf7c1a@gmail.com,TKT-006401,Late Delivery,3
user_2052aead@gmail.com,TKT-006402,Damaged Item,3
user_96bd8105@gmail.com,TKT-006403,Late Delivery,5
user_265e2e22@gmail.com,TKT-006404,Late Delivery,3
user_41780f8e@gmail.com,TKT-006405,Damaged Item,3
user_4ce4e330@gmail.com,TKT-006406,Late Delivery,4
user_6183466d@gmail.com,TKT-006407,Late Delivery,1
user_02cbd914@gmail.com,TKT-006408,Damaged Item,3
user_9565b6eb@gmail.com,TKT-006409,Late Delivery,5
user_0fe26430@gmail.com,TKT-006410,Late Delivery,4
user_62bb8ccb@gmail.com,TKT-006411,Damaged Item,4
user_982b0a30@gmail.com,TKT-006412,Late Delivery,1
user_0bd445a0@gmail.com,TKT-006413,Damaged Item,3
user_1bf23490@gmail.com,TKT-006414,Late Delivery,3
user_6e156be7@gmail.com,TKT-006415,Damaged Item,3
user_73f01f6a@gmail.com,TKT-006416,Late Delivery,4
user_bb7a2942@gmail.com,TKT-006417,Late Delivery,3
user_7c816c2c@gmail.com,TKT-006418,Late Delivery,2
user_2184504d@gmail.com,TKT-006419,Late Delivery,2
user_11df73b7@gmail.com,TKT-006420,Damaged Item,2
user_2b9fdead@gmail.com,TKT-006421,Late Delivery,2
user_cbd74ad8@gmail.com,TKT-006422,Late Delivery,3
user_66bcb5fd@gmail.com,TKT-006423,Late Delivery,3
user_0a316fed@gmail.com,TKT-006424,Damaged Item,4
user_efe945db@gmail.com,TKT-006425,Damaged Item,5
user_456fc2dc@gmail.com,TKT-006426,Late Delivery,5
user_0d763cbd@gmail.com,TKT-006427,Damaged Item,4
user_6625add7@gmail.com,TKT-006428,Late Delivery,5
user_edf14c33@gmail.com,TKT-006429,Damaged Item,1
user_d32b3a76@gmail.com,TKT-006430,Damaged Item,5
user_ebe54e01@gmail.com,TKT-006431,Damaged Item,4
user_1c062f62@gmail.com,TKT-006432,Late Delivery,4
user_297871f8@gmail.com,TKT-006433,Damaged Item,5
user_461b0e7c@gmail.com,TKT-006434,Damaged Item,3
user_e3ea2c91@gmail.com,TKT-006435,Damaged Item,3
user_ccac5680@gmail.com,TKT-006436,Damaged Item,1
user_d05f55a2@gmail.com,TKT-006437,Damaged Item,5
user_e064aa31@gmail.com,TKT-006438,Damaged Item,1
user_457ab5df@gmail.com,TKT-006439,Late Delivery,2
user_9a2f1c22@gmail.com,TKT-006440,Damaged Item,5
user_57ba03e6@gmail.com,TKT-006441,Late Delivery,5
user_15a6fabd@gmail.com,TKT-006442,Damaged Item,2
user_faae4bdf@gmail.com,TKT-006443,Late Delivery,2
user_d2bc5f2d@gmail.com,TKT-006444,Damaged Item,1
user_e2be74ec@gmail.com,TKT-006445,Late Delivery,4
user_adf07c5d@gmail.com,TKT-006446,Damaged Item,5
user_e9e106a3@gmail.com,TKT-006447,Damaged Item,2
user_a43e1d72@gmail.com,TKT-006448,Damaged Item,1
user_31b8cc3d@gmail.com,TKT-006449,Damaged Item,1
user_d9f46572@gmail.com,TKT-006450,Damaged Item,5
user_633eee3b@gmail.com,TKT-006451,Late Delivery,2
user_3119c7d0@gmail.com,TKT-006452,Late Delivery,4
user_1a2556d2@gmail.com,TKT-006453,Late Delivery,2
user_7205784d@gmail.com,TKT-006454,Late Delivery,5
user_b215ddb5@gmail.com,TKT-006455,Damaged Item,4
user_e5205088@gmail.com,TKT-006456,Late Delivery,1
user_60a0f940@gmail.com,TKT-006457,Late Delivery,1
user_b17edf8c@gmail.com,TKT-006458,Late Delivery,4
user_75697c16@gmail.com,TKT-006459,Damaged Item,2
user_790cf712@gmail.com,TKT-006460,Late Delivery,3
user_a8782b02@gmail.com,TKT-006461,Damaged Item,2
user_ca914d9e@gmail.com,TKT-006462,Late Delivery,1
user_4e2134b6@gmail.com,TKT-006463,Damaged Item,2
user_7a0a841d@gmail.com,TKT-006464,Damaged Item,2
user_46ad2eae@gmail.com,TKT-006465,Late Delivery,2
user_0918f0b2@gmail.com,TKT-006466,Damaged Item,5
user_52bfbce3@gmail.com,TKT-006467,Damaged Item,2
user_3333cfd2@gmail.com,TKT-006468,Damaged Item,4
user_5afe7828@gmail.com,TKT-006469,Damaged Item,4
user_ddba3ed2@gmail.com,TKT-006470,Damaged Item,1
user_8c05f20d@gmail.com,TKT-006471,Damaged Item,3
user_3cc6f2e1@gmail.com,TKT-006472,Late Delivery,4
user_8f9f6957@gmail.com,TKT-006473,Damaged Item,3
user_508a0ed9@gmail.com,TKT-006474,Late Delivery,2
user_cbb05fd9@gmail.com,TKT-006475,Late Delivery,4
user_6475f240@gmail.com,TKT-006476,Damaged Item,1
user_b7eccb82@gmail.com,TKT-006477,Damaged Item,2
user_5ba6756b@gmail.com,TKT-006478,Late Delivery,2
user_da58c416@gmail.com,TKT-006479,Late Delivery,5
user_fc5a94c2@gmail.com,TKT-006480,Damaged Item,1
user_47bfa6b4@gmail.com,TKT-006481,Damaged Item,1
user_8a0793d0@gmail.com,TKT-006482,Damaged Item,1
user_60f675b9@gmail.com,TKT-006483,Damaged Item,5
user_b2101438@gmail.com,TKT-006484,Late Delivery,3
user_01726e5d@gmail.com,TKT-006485,Late Delivery,3
user_83069ab0@gmail.com,TKT-006486,Damaged Item,2
user_b48f1f3c@gmail.com,TKT-006487,Damaged Item,2
user_17f3766d@gmail.com,TKT-006488,Damaged Item,4
user_2b4d2f59@gmail.com,TKT-006489,Late Delivery,1
user_6be2c252@gmail.com,TKT-006490,Late Delivery,4
user_a1a9db77@gmail.com,TKT-006491,Damaged Item,5
user_034cd8fe@gmail.com,TKT-006492,Late Delivery,1
user_ee98a057@gmail.com,TKT-006493,Damaged Item,3
user_1a3eefe7@gmail.com,TKT-006494,Late Delivery,4
user_b0bc6af4@gmail.com,TKT-006495,Damaged Item,3
user_d7dae4f9@gmail.com,TKT-006496,Late Delivery,5
user_b3294719@gmail.com,TKT-006497,Late Delivery,4
user_bdc7c24b@gmail.com,TKT-006498,Damaged Item,4
user_9d82535b@gmail.com,TKT-006499,Late Delivery,3
user_5b20fe92@gmail.com,TKT-006500,Damaged Item,4
user_380d90cf@gmail.com,TKT-006501,Late Delivery,4
user_eab9ba1d@gmail.com,TKT-006502,Late Delivery,4
user_73de7b7b@gmail.com,TKT-006503,Damaged Item,4
user_cfdaaa0c@gmail.com,TKT-006504,Late Delivery,4
user_00446a03@gmail.com,TKT-006505,Late Delivery,5
user_2b2edbcb@gmail.com,TKT-006506,Damaged Item,2
user_deb71d84@gmail.com,TKT-006507,Late Delivery,2
user_955889da@gmail.com,TKT-006508,Late Delivery,1
user_815cd281@gmail.com,TKT-006509,Damaged Item,5
user_f9485fa5@gmail.com,TKT-006510,Damaged Item,4
user_0e101f12@gmail.com,TKT-006511,Damaged Item,2
user_bcb63903@gmail.com,TKT-006512,Damaged Item,5
user_87f0a4b4@gmail.com,TKT-006513,Damaged Item,3
user_3b006751@gmail.com,TKT-006514,Damaged Item,2
user_c613825f@gmail.com,TKT-006515,Damaged Item,4
user_0f6ce086@gmail.com,TKT-006516,Late Delivery,2
user_78ec96ee@gmail.com,TKT-006517,Late Delivery,5
user_b60ebccd@gmail.com,TKT-006518,Damaged Item,3
user_09a5fc20@gmail.com,TKT-006519,Damaged Item,4
user_efd2741f@gmail.com,TKT-006520,Late Delivery,3
user_7e7d20ce@gmail.com,TKT-006521,Late Delivery,5
user_563dc9dc@gmail.com,TKT-006522,Damaged Item,3
user_063f4dda@gmail.com,TKT-006523,Late Delivery,5
user_b6c55254@gmail.com,TKT-006524,Damaged Item,5
user_e707dc75@gmail.com,TKT-006525,Damaged Item,3
user_061b76ce@gmail.com,TKT-006526,Damaged Item,4
user_54269bb9@gmail.com,TKT-006527,Damaged Item,1
user_69ed7192@gmail.com,TKT-006528,Damaged Item,2
user_ae81c8b1@gmail.com,TKT-006529,Damaged Item,1
user_c7d6a839@gmail.com,TKT-006530,Late Delivery,4
user_c7f407b9@gmail.com,TKT-006531,Late Delivery,2
user_e586b4a7@gmail.com,TKT-006532,Damaged Item,4
user_031167ec@gmail.com,TKT-006533,Late Delivery,3
user_4205911e@gmail.com,TKT-006534,Late Delivery,3
user_415ee7f7@gmail.com,TKT-006535,Late Delivery,4
user_4a265239@gmail.com,TKT-006536,Damaged Item,5
user_7b41e43e@gmail.com,TKT-006537,Damaged Item,3
user_5adbbdc3@gmail.com,TKT-006538,Damaged Item,3
user_a20cdc29@gmail.com,TKT-006539,Damaged Item,3
user_d43fa47b@gmail.com,TKT-006540,Damaged Item,3
user_c857011e@gmail.com,TKT-006541,Damaged Item,2
user_76ce1369@gmail.com,TKT-006542,Damaged Item,4
user_9fbcfac9@gmail.com,TKT-006543,Damaged Item,4
user_0ee46c6e@gmail.com,TKT-006544,Damaged Item,1
user_edea3d94@gmail.com,TKT-006545,Damaged Item,5
user_51748cd5@gmail.com,TKT-006546,Late Delivery,5
user_fb6fb9d0@gmail.com,TKT-006547,Late Delivery,3
user_fbedba1e@gmail.com,TKT-006548,Damaged Item,4
user_1373e049@gmail.com,TKT-006549,Late Delivery,1
user_0aa1ab39@gmail.com,TKT-006550,Late Delivery,5
user_45820dae@gmail.com,TKT-006551,Damaged Item,5
user_a5d33328@gmail.com,TKT-006552,Late Delivery,2
user_85d5b68b@gmail.com,TKT-006553,Damaged Item,3
user_12e63cee@gmail.com,TKT-006554,Late Delivery,2
user_3cf14101@gmail.com,TKT-006555,Late Delivery,5
user_6c70bee4@gmail.com,TKT-006556,Damaged Item,2
user_cbf411a8@gmail.com,TKT-006557,Late Delivery,1
user_932ee9a0@gmail.com,TKT-006558,Late Delivery,5
user_f06a1ab0@gmail.com,TKT-006559,Late Delivery,5
user_89c2f7cc@gmail.com,TKT-006560,Damaged Item,3
user_b6f69305@gmail.com,TKT-006561,Damaged Item,4
user_54b54ddc@gmail.com,TKT-006562,Late Delivery,2
user_800ae82a@gmail.com,TKT-006563,Late Delivery,5
user_3a309d6b@gmail.com,TKT-006564,Late Delivery,4
user_a19abbf1@gmail.com,TKT-006565,Damaged Item,5
user_7eb98c8a@gmail.com,TKT-006566,Damaged Item,3
user_ac13a41f@gmail.com,TKT-006567,Late Delivery,2
user_5238a74a@gmail.com,TKT-006568,Damaged Item,2
user_e1a14b59@gmail.com,TKT-006569,Late Delivery,2
user_dcbe7d7c@gmail.com,TKT-006570,Late Delivery,1
user_0f9792c8@gmail.com,TKT-006571,Damaged Item,3
user_fca0b744@gmail.com,TKT-006572,Damaged Item,4
user_cef48a04@gmail.com,TKT-006573,Late Delivery,1
user_731236aa@gmail.com,TKT-006574,Late Delivery,3
user_f17282fc@gmail.com,TKT-006575,Damaged Item,1
user_2eaddf94@gmail.com,TKT-006576,Damaged Item,5
user_90055272@gmail.com,TKT-006577,Late Delivery,4
user_83edf3ae@gmail.com,TKT-006578,Late Delivery,2
user_d764efde@gmail.com,TKT-006579,Late Delivery,5
user_e41750f8@gmail.com,TKT-006580,Late Delivery,4
user_436b6970@gmail.com,TKT-006581,Damaged Item,2
user_39a7ce86@gmail.com,TKT-006582,Damaged Item,5
user_594ede00@gmail.com,TKT-006583,Late Delivery,2
user_5d98bb99@gmail.com,TKT-006584,Damaged Item,4
user_771b1df4@gmail.com,TKT-006585,Damaged Item,4
user_d0627336@gmail.com,TKT-006586,Late Delivery,4
user_fd3e0fb5@gmail.com,TKT-006587,Late Delivery,3
user_b53b27d7@gmail.com,TKT-006588,Damaged Item,4
user_72b3b6d4@gmail.com,TKT-006589,Late Delivery,2
user_84b7b987@gmail.com,TKT-006590,Damaged Item,4
user_839b7048@gmail.com,TKT-006591,Late Delivery,1
user_9c4f1bfd@gmail.com,TKT-006592,Late Delivery,5
user_68a5590b@gmail.com,TKT-006593,Late Delivery,2
user_d4da368f@gmail.com,TKT-006594,Late Delivery,4
user_a74057eb@gmail.com,TKT-006595,Late Delivery,2
user_88b88849@gmail.com,TKT-006596,Late Delivery,4
user_c7cbfde1@gmail.com,TKT-006597,Damaged Item,3
user_22c8d780@gmail.com,TKT-006598,Late Delivery,2
user_bec60670@gmail.com,TKT-006599,Damaged Item,1
user_3a5a79ef@gmail.com,TKT-006600,Late Delivery,3
user_97ecfb0a@gmail.com,TKT-006601,Damaged Item,3
user_afb04e24@gmail.com,TKT-006602,Damaged Item,2
user_8a92b3cd@gmail.com,TKT-006603,Late Delivery,4
user_0eac440a@gmail.com,TKT-006604,Late Delivery,3
user_1db5a8ea@gmail.com,TKT-006605,Late Delivery,5
user_806d474e@gmail.com,TKT-006606,Late Delivery,5
user_6c7a8617@gmail.com,TKT-006607,Late Delivery,3
user_91c2dc5b@gmail.com,TKT-006608,Damaged Item,3
user_8d2ac331@gmail.com,TKT-006609,Late Delivery,1
user_1151fa77@gmail.com,TKT-006610,Damaged Item,4
user_5ac97f3c@gmail.com,TKT-006611,Late Delivery,4
user_ac231820@gmail.com,TKT-006612,Damaged Item,5
user_5709900c@gmail.com,TKT-006613,Damaged Item,1
user_83312cdd@gmail.com,TKT-006614,Late Delivery,2
user_1e6c0710@gmail.com,TKT-006615,Damaged Item,1
user_a6abe15d@gmail.com,TKT-006616,Late Delivery,3
user_3c47dfe6@gmail.com,TKT-006617,Damaged Item,5
user_2250be4d@gmail.com,TKT-006618,Late Delivery,3
user_bace01b0@gmail.com,TKT-006619,Late Delivery,5
user_f0b0e449@gmail.com,TKT-006620,Damaged Item,3
user_c758abfc@gmail.com,TKT-006621,Damaged Item,2
user_643e03b0@gmail.com,TKT-006622,Damaged Item,5
user_ab0346c6@gmail.com,TKT-006623,Late Delivery,3
user_de7aaf28@gmail.com,TKT-006624,Late Delivery,2
user_695a8d04@gmail.com,TKT-006625,Damaged Item,5
user_2ab7fad2@gmail.com,TKT-006626,Late Delivery,2
user_dcaf93bd@gmail.com,TKT-006627,Late Delivery,4
user_f629618f@gmail.com,TKT-006628,Damaged Item,5
user_59ea3690@gmail.com,TKT-006629,Damaged Item,4
user_4a81aada@gmail.com,TKT-006630,Damaged Item,3
user_413ce1f9@gmail.com,TKT-006631,Damaged Item,3
user_1674dc34@gmail.com,TKT-006632,Damaged Item,3
user_5e065c2a@gmail.com,TKT-006633,Late Delivery,4
user_132915b8@gmail.com,TKT-006634,Late Delivery,1
user_af72dac3@gmail.com,TKT-006635,Late Delivery,3
user_c32241d2@gmail.com,TKT-006636,Damaged Item,4
user_482100e4@gmail.com,TKT-006637,Late Delivery,3
user_ec0779db@gmail.com,TKT-006638,Damaged Item,5
user_bcc647c8@gmail.com,TKT-006639,Damaged Item,2
user_1e4bf95d@gmail.com,TKT-006640,Damaged Item,4
user_b4b90b2b@gmail.com,TKT-006641,Damaged Item,5
user_1df8895d@gmail.com,TKT-006642,Late Delivery,4
user_8b4d9feb@gmail.com,TKT-006643,Damaged Item,1
user_3715e402@gmail.com,TKT-006644,Late Delivery,5
user_2b709626@gmail.com,TKT-006645,Damaged Item,2
user_119f6463@gmail.com,TKT-006646,Damaged Item,4
user_03a25b12@gmail.com,TKT-006647,Late Delivery,5
user_16e783da@gmail.com,TKT-006648,Damaged Item,2
user_f7007175@gmail.com,TKT-006649,Damaged Item,2
user_020c0844@gmail.com,TKT-006650,Late Delivery,5
user_ee6daddc@gmail.com,TKT-006651,Late Delivery,3
user_125a762f@gmail.com,TKT-006652,Late Delivery,5
user_6776ae94@gmail.com,TKT-006653,Late Delivery,5
user_dd4dd018@gmail.com,TKT-006654,Late Delivery,3
user_894fa561@gmail.com,TKT-006655,Late Delivery,3
user_705a9cfe@gmail.com,TKT-006656,Damaged Item,2
user_e82c14aa@gmail.com,TKT-006657,Late Delivery,4
user_03863e6d@gmail.com,TKT-006658,Late Delivery,2
user_52039dcd@gmail.com,TKT-006659,Damaged Item,5
user_b109019c@gmail.com,TKT-006660,Late Delivery,1
user_8ea8c30f@gmail.com,TKT-006661,Late Delivery,5
user_7aae4a80@gmail.com,TKT-006662,Late Delivery,5
user_ce22425b@gmail.com,TKT-006663,Late Delivery,1
user_cb68efa0@gmail.com,TKT-006664,Damaged Item,1
user_532a5b6c@gmail.com,TKT-006665,Late Delivery,5
user_5c32f5f0@gmail.com,TKT-006666,Late Delivery,1
user_6573ccc1@gmail.com,TKT-006667,Damaged Item,5
user_b6f59642@gmail.com,TKT-006668,Damaged Item,2
user_e55edfb9@gmail.com,TKT-006669,Late Delivery,3
user_2e13c461@gmail.com,TKT-006670,Late Delivery,1
user_f1010979@gmail.com,TKT-006671,Late Delivery,2
user_595afda7@gmail.com,TKT-006672,Damaged Item,5
user_f9318336@gmail.com,TKT-006673,Damaged Item,2
user_6fa85503@gmail.com,TKT-006674,Damaged Item,3
user_9c34cc0c@gmail.com,TKT-006675,Damaged Item,4
user_61db744d@gmail.com,TKT-006676,Late Delivery,1
user_47389392@gmail.com,TKT-006677,Late Delivery,3
user_458ab992@gmail.com,TKT-006678,Damaged Item,1
user_cdc8a559@gmail.com,TKT-006679,Late Delivery,2
user_de0232e8@gmail.com,TKT-006680,Late Delivery,5
user_c50794df@gmail.com,TKT-006681,Late Delivery,4
user_1c21a64d@gmail.com,TKT-006682,Damaged Item,4
user_0e810074@gmail.com,TKT-006683,Late Delivery,5
user_c48466ed@gmail.com,TKT-006684,Damaged Item,2
user_9bba50d9@gmail.com,TKT-006685,Damaged Item,3
user_354be39d@gmail.com,TKT-006686,Late Delivery,1
user_3a7a49bb@gmail.com,TKT-006687,Late Delivery,4
user_680f6342@gmail.com,TKT-006688,Late Delivery,5
user_374f6f36@gmail.com,TKT-006689,Damaged Item,4
user_b9a2ae6c@gmail.com,TKT-006690,Damaged Item,3
user_89c2e30b@gmail.com,TKT-006691,Late Delivery,4
user_c0509748@gmail.com,TKT-006692,Late Delivery,2
user_8ce35367@gmail.com,TKT-006693,Damaged Item,1
user_dd124878@gmail.com,TKT-006694,Late Delivery,2
user_5d1e0feb@gmail.com,TKT-006695,Late Delivery,1
user_71b0fb23@gmail.com,TKT-006696,Late Delivery,2
user_9c4d4ed0@gmail.com,TKT-006697,Damaged Item,2
user_8158212a@gmail.com,TKT-006698,Damaged Item,1
user_2c70befd@gmail.com,TKT-006699,Late Delivery,2
user_f18f9ec1@gmail.com,TKT-006700,Late Delivery,4
user_74dc6a3e@gmail.com,TKT-006701,Late Delivery,5
user_3ff2cd81@gmail.com,TKT-006702,Late Delivery,5
user_8a89338f@gmail.com,TKT-006703,Damaged Item,1
user_cd6173be@gmail.com,TKT-006704,Late Delivery,3
user_bef0e940@gmail.com,TKT-006705,Late Delivery,5
user_2561023f@gmail.com,TKT-006706,Damaged Item,2
user_8abc7101@gmail.com,TKT-006707,Late Delivery,1
user_7175d82a@gmail.com,TKT-006708,Damaged Item,3
user_1d34beed@gmail.com,TKT-006709,Damaged Item,1
user_3288575b@gmail.com,TKT-006710,Damaged Item,4
user_7e3b6916@gmail.com,TKT-006711,Damaged Item,1
user_113c1693@gmail.com,TKT-006712,Damaged Item,3
user_c8f45535@gmail.com,TKT-006713,Late Delivery,1
user_b2229836@gmail.com,TKT-006714,Damaged Item,5
user_22767532@gmail.com,TKT-006715,Late Delivery,2
user_78baca59@gmail.com,TKT-006716,Damaged Item,5
user_590dc46b@gmail.com,TKT-006717,Damaged Item,4
user_2f6c26fb@gmail.com,TKT-006718,Damaged Item,5
user_e8642823@gmail.com,TKT-006719,Damaged Item,3
user_70617f8d@gmail.com,TKT-006720,Damaged Item,2
user_06829e18@gmail.com,TKT-006721,Damaged Item,5
user_a1a9f087@gmail.com,TKT-006722,Damaged Item,3
user_c81afc75@gmail.com,TKT-006723,Damaged Item,2
user_720bd813@gmail.com,TKT-006724,Damaged Item,3
user_286e342d@gmail.com,TKT-006725,Late Delivery,1
user_a446360b@gmail.com,TKT-006726,Damaged Item,4
user_fae912ff@gmail.com,TKT-006727,Late Delivery,4
user_cc4de562@gmail.com,TKT-006728,Damaged Item,1
user_ac83cba9@gmail.com,TKT-006729,Damaged Item,4
user_2886d35e@gmail.com,TKT-006730,Damaged Item,5
user_2a397743@gmail.com,TKT-006731,Damaged Item,1
user_ed8e2b78@gmail.com,TKT-006732,Late Delivery,3
user_34931d07@gmail.com,TKT-006733,Late Delivery,3
user_688bb677@gmail.com,TKT-006734,Damaged Item,2
user_7a4acd03@gmail.com,TKT-006735,Damaged Item,5
user_e809753c@gmail.com,TKT-006736,Late Delivery,2
user_9ff0bfd4@gmail.com,TKT-006737,Damaged Item,4
user_a75a727e@gmail.com,TKT-006738,Damaged Item,1
user_3da7750b@gmail.com,TKT-006739,Late Delivery,1
user_7cdd7f3c@gmail.com,TKT-006740,Late Delivery,3
user_be281089@gmail.com,TKT-006741,Damaged Item,1
user_e12b2766@gmail.com,TKT-006742,Damaged Item,3
user_1960e67c@gmail.com,TKT-006743,Damaged Item,4
user_b4159742@gmail.com,TKT-006744,Damaged Item,1
user_9e496be3@gmail.com,TKT-006745,Damaged Item,1
user_e645249b@gmail.com,TKT-006746,Late Delivery,1
user_1b299396@gmail.com,TKT-006747,Damaged Item,4
user_43f93734@gmail.com,TKT-006748,Damaged Item,5
user_eaba2b93@gmail.com,TKT-006749,Damaged Item,3
user_fa2476a3@gmail.com,TKT-006750,Late Delivery,1
user_4b4eb72d@gmail.com,TKT-006751,Late Delivery,1
user_b53bb01f@gmail.com,TKT-006752,Damaged Item,2
user_aa311e0f@gmail.com,TKT-006753,Damaged Item,2
user_ac53a208@gmail.com,TKT-006754,Damaged Item,4
user_371e3bf1@gmail.com,TKT-006755,Damaged Item,1
user_282daa1e@gmail.com,TKT-006756,Late Delivery,1
user_839a0405@gmail.com,TKT-006757,Damaged Item,4
user_1880b6db@gmail.com,TKT-006758,Damaged Item,5
user_2ffb0968@gmail.com,TKT-006759,Late Delivery,3
user_d47ae28b@gmail.com,TKT-006760,Late Delivery,2
user_a5191572@gmail.com,TKT-006761,Damaged Item,2
user_913cd870@gmail.com,TKT-006762,Damaged Item,3
user_12589be5@gmail.com,TKT-006763,Late Delivery,1
user_ff49bffe@gmail.com,TKT-006764,Damaged Item,2
user_83c3efe0@gmail.com,TKT-006765,Damaged Item,4
user_099ca0f6@gmail.com,TKT-006766,Late Delivery,5
user_655272d1@gmail.com,TKT-006767,Late Delivery,1
user_576219fe@gmail.com,TKT-006768,Late Delivery,3
user_34924319@gmail.com,TKT-006769,Damaged Item,1
user_10949d61@gmail.com,TKT-006770,Late Delivery,1
user_cf0a56ec@gmail.com,TKT-006771,Damaged Item,2
user_197be9db@gmail.com,TKT-006772,Late Delivery,1
user_8c659761@gmail.com,TKT-006773,Late Delivery,4
user_e40595cc@gmail.com,TKT-006774,Late Delivery,5
user_2d5be5b4@gmail.com,TKT-006775,Damaged Item,3
user_861ca43c@gmail.com,TKT-006776,Damaged Item,3
user_1856e7dd@gmail.com,TKT-006777,Damaged Item,2
user_5dc488f0@gmail.com,TKT-006778,Damaged Item,1
user_219ec5d6@gmail.com,TKT-006779,Damaged Item,2
user_709a30c3@gmail.com,TKT-006780,Damaged Item,4
user_5c0b5937@gmail.com,TKT-006781,Damaged Item,5
user_0beb1b19@gmail.com,TKT-006782,Damaged Item,5
user_7d94c37b@gmail.com,TKT-006783,Damaged Item,2
user_1e671061@gmail.com,TKT-006784,Late Delivery,5
user_118a3106@gmail.com,TKT-006785,Damaged Item,5
user_8cc26e8e@gmail.com,TKT-006786,Damaged Item,2
user_b06c0c57@gmail.com,TKT-006787,Late Delivery,1
user_1aecc180@gmail.com,TKT-006788,Late Delivery,3
user_70041563@gmail.com,TKT-006789,Late Delivery,4
user_f5fa87dc@gmail.com,TKT-006790,Damaged Item,4
user_37f06232@gmail.com,TKT-006791,Damaged Item,2
user_b22b660b@gmail.com,TKT-006792,Damaged Item,4
user_59c563fd@gmail.com,TKT-006793,Late Delivery,4
user_96c1692c@gmail.com,TKT-006794,Damaged Item,5
user_76fb756c@gmail.com,TKT-006795,Late Delivery,5
user_c1c6d18c@gmail.com,TKT-006796,Damaged Item,3
user_5b8fa146@gmail.com,TKT-006797,Damaged Item,3
user_84b19ed4@gmail.com,TKT-006798,Late Delivery,5
user_473741c3@gmail.com,TKT-006799,Late Delivery,1
user_e41fffc2@gmail.com,TKT-006800,Damaged Item,3
user_616277ca@gmail.com,TKT-006801,Damaged Item,2
user_45c5dd3f@gmail.com,TKT-006802,Late Delivery,3
user_640e495d@gmail.com,TKT-006803,Late Delivery,4
user_511bc51a@gmail.com,TKT-006804,Late Delivery,2
user_ae899cdd@gmail.com,TKT-006805,Late Delivery,5
user_1c423cc2@gmail.com,TKT-006806,Damaged Item,4
user_6ac36872@gmail.com,TKT-006807,Late Delivery,2
user_40ab3e4a@gmail.com,TKT-006808,Late Delivery,1
user_a68d77d1@gmail.com,TKT-006809,Late Delivery,5
user_23f2604a@gmail.com,TKT-006810,Late Delivery,1
user_ede923bc@gmail.com,TKT-006811,Late Delivery,4
user_eae27b5d@gmail.com,TKT-006812,Late Delivery,5
user_5e78fcec@gmail.com,TKT-006813,Damaged Item,4
user_a5811c68@gmail.com,TKT-006814,Damaged Item,5
user_6628b7ed@gmail.com,TKT-006815,Damaged Item,5
user_3cebc638@gmail.com,TKT-006816,Damaged Item,1
user_826d6393@gmail.com,TKT-006817,Damaged Item,5
user_07351daa@gmail.com,TKT-006818,Late Delivery,1
user_80543d51@gmail.com,TKT-006819,Late Delivery,1
user_3309e9a8@gmail.com,TKT-006820,Damaged Item,3
user_bb78c191@gmail.com,TKT-006821,Damaged Item,1
user_1eaa0427@gmail.com,TKT-006822,Late Delivery,2
user_0b439835@gmail.com,TKT-006823,Late Delivery,2
user_dee9d8e3@gmail.com,TKT-006824,Damaged Item,3
user_deb591f2@gmail.com,TKT-006825,Damaged Item,3
user_89a1f9ee@gmail.com,TKT-006826,Late Delivery,5
user_54e76226@gmail.com,TKT-006827,Late Delivery,2
user_35097f4d@gmail.com,TKT-006828,Late Delivery,5
user_313cd367@gmail.com,TKT-006829,Damaged Item,5
user_1a0807b6@gmail.com,TKT-006830,Damaged Item,2
user_33eaaa60@gmail.com,TKT-006831,Late Delivery,1
user_fe525423@gmail.com,TKT-006832,Damaged Item,1
user_48ecd43c@gmail.com,TKT-006833,Damaged Item,1
user_10b960a4@gmail.com,TKT-006834,Late Delivery,1
user_63ec5460@gmail.com,TKT-006835,Damaged Item,1
user_de014eae@gmail.com,TKT-006836,Damaged Item,4
user_eb391f75@gmail.com,TKT-006837,Damaged Item,3
user_5743d2a1@gmail.com,TKT-006838,Damaged Item,5
user_6b8f8cb7@gmail.com,TKT-006839,Late Delivery,5
user_dc39508c@gmail.com,TKT-006840,Late Delivery,3
user_366d1156@gmail.com,TKT-006841,Late Delivery,2
user_6ceea7c1@gmail.com,TKT-006842,Damaged Item,4
user_6f3ca893@gmail.com,TKT-006843,Late Delivery,2
user_bbc0205d@gmail.com,TKT-006844,Damaged Item,1
user_adc9667c@gmail.com,TKT-006845,Damaged Item,2
user_9df5b05f@gmail.com,TKT-006846,Damaged Item,3
user_1dfd2a6a@gmail.com,TKT-006847,Damaged Item,1
user_1dbd49ec@gmail.com,TKT-006848,Late Delivery,4
user_78151007@gmail.com,TKT-006849,Late Delivery,2
user_fd38cb13@gmail.com,TKT-006850,Late Delivery,4
user_8689753a@gmail.com,TKT-006851,Damaged Item,1
user_e69e0e94@gmail.com,TKT-006852,Damaged Item,4
user_cdcdd214@gmail.com,TKT-006853,Late Delivery,4
user_a0013bdd@gmail.com,TKT-006854,Late Delivery,2
user_04f2cde3@gmail.com,TKT-006855,Late Delivery,1
user_44ed0c44@gmail.com,TKT-006856,Damaged Item,2
user_fb1c0663@gmail.com,TKT-006857,Damaged Item,2
user_48f8f0b5@gmail.com,TKT-006858,Damaged Item,5
user_bfb550a5@gmail.com,TKT-006859,Late Delivery,2
user_96f1bfd4@gmail.com,TKT-006860,Late Delivery,1
user_20afb5e4@gmail.com,TKT-006861,Late Delivery,1
user_b3dbfe5e@gmail.com,TKT-006862,Late Delivery,1
user_12cc4087@gmail.com,TKT-006863,Late Delivery,2
user_b810d85e@gmail.com,TKT-006864,Late Delivery,3
user_5a83ed9c@gmail.com,TKT-006865,Late Delivery,1
user_beaef644@gmail.com,TKT-006866,Damaged Item,5
user_e76a742e@gmail.com,TKT-006867,Damaged Item,1
user_c029b1b7@gmail.com,TKT-006868,Late Delivery,1
user_1c91bfda@gmail.com,TKT-006869,Late Delivery,2
user_df2c418b@gmail.com,TKT-006870,Damaged Item,1
user_c3510151@gmail.com,TKT-006871,Late Delivery,2
user_bc1dd2d8@gmail.com,TKT-006872,Damaged Item,3
user_d89174c5@gmail.com,TKT-006873,Damaged Item,3
user_9660a046@gmail.com,TKT-006874,Late Delivery,1
user_3f59b835@gmail.com,TKT-006875,Late Delivery,2
user_f55facac@gmail.com,TKT-006876,Late Delivery,2
user_ad9ea4d0@gmail.com,TKT-006877,Late Delivery,1
user_12d9e338@gmail.com,TKT-006878,Damaged Item,2
user_5e2d89be@gmail.com,TKT-006879,Late Delivery,1
user_c293c166@gmail.com,TKT-006880,Damaged Item,3
user_393d57d9@gmail.com,TKT-006881,Damaged Item,3
user_57e20579@gmail.com,TKT-006882,Late Delivery,1
user_ae177677@gmail.com,TKT-006883,Late Delivery,3
user_8e8e8111@gmail.com,TKT-006884,Late Delivery,2
user_d2579360@gmail.com,TKT-006885,Late Delivery,4
user_e0e33305@gmail.com,TKT-006886,Damaged Item,2
user_4fbdabff@gmail.com,TKT-006887,Damaged Item,3
user_f61fea88@gmail.com,TKT-006888,Late Delivery,3
user_01b7463b@gmail.com,TKT-006889,Late Delivery,2
user_bfdae5cb@gmail.com,TKT-006890,Late Delivery,2
user_ecfe915a@gmail.com,TKT-006891,Late Delivery,1
user_d2801e87@gmail.com,TKT-006892,Damaged Item,2
user_052ecc20@gmail.com,TKT-006893,Late Delivery,1
user_320ff305@gmail.com,TKT-006894,Late Delivery,4
user_a07b90ce@gmail.com,TKT-006895,Damaged Item,5
user_dc98e8ed@gmail.com,TKT-006896,Damaged Item,2
user_64be3c1b@gmail.com,TKT-006897,Damaged Item,5
user_d9ef8eb4@gmail.com,TKT-006898,Damaged Item,5
user_ba07af42@gmail.com,TKT-006899,Late Delivery,3
user_57126256@gmail.com,TKT-006900,Damaged Item,5
user_92c86300@gmail.com,TKT-006901,Late Delivery,5
user_e1b063c0@gmail.com,TKT-006902,Late Delivery,1
user_a6652209@gmail.com,TKT-006903,Late Delivery,1
user_44bb109e@gmail.com,TKT-006904,Damaged Item,1
user_4326d1c5@gmail.com,TKT-006905,Damaged Item,1
user_270a2cd1@gmail.com,TKT-006906,Damaged Item,4
user_53555c88@gmail.com,TKT-006907,Late Delivery,4
user_952e4504@gmail.com,TKT-006908,Damaged Item,4
user_780e6b9d@gmail.com,TKT-006909,Damaged Item,2
user_c68af163@gmail.com,TKT-006910,Late Delivery,1
user_78761d0c@gmail.com,TKT-006911,Late Delivery,1
user_501a8c4a@gmail.com,TKT-006912,Late Delivery,3
user_8b267f9f@gmail.com,TKT-006913,Damaged Item,4
user_33731326@gmail.com,TKT-006914,Damaged Item,5
user_951008c1@gmail.com,TKT-006915,Late Delivery,2
user_498735d4@gmail.com,TKT-006916,Damaged Item,1
user_d104a185@gmail.com,TKT-006917,Late Delivery,5
user_341cea8b@gmail.com,TKT-006918,Late Delivery,2
user_cad0b5d8@gmail.com,TKT-006919,Damaged Item,1
user_d4518915@gmail.com,TKT-006920,Damaged Item,3
user_81dd076f@gmail.com,TKT-006921,Late Delivery,3
user_117afdd8@gmail.com,TKT-006922,Late Delivery,4
user_a32a8a96@gmail.com,TKT-006923,Damaged Item,5
user_2b985e08@gmail.com,TKT-006924,Late Delivery,5
user_da213261@gmail.com,TKT-006925,Late Delivery,5
user_93027a69@gmail.com,TKT-006926,Late Delivery,3
user_616ffe00@gmail.com,TKT-006927,Damaged Item,3
user_9552e483@gmail.com,TKT-006928,Damaged Item,4
user_f941b660@gmail.com,TKT-006929,Damaged Item,5
user_d3a62be6@gmail.com,TKT-006930,Damaged Item,4
user_11819e46@gmail.com,TKT-006931,Late Delivery,2
user_df15f6ed@gmail.com,TKT-006932,Late Delivery,2
user_c7483e21@gmail.com,TKT-006933,Late Delivery,4
user_dca1664c@gmail.com,TKT-006934,Damaged Item,3
user_b8c37ee8@gmail.com,TKT-006935,Damaged Item,3
user_d559ac62@gmail.com,TKT-006936,Late Delivery,5
user_b824817b@gmail.com,TKT-006937,Late Delivery,2
user_810581f0@gmail.com,TKT-006938,Damaged Item,4
user_0213fe7f@gmail.com,TKT-006939,Late Delivery,1
user_97815a7f@gmail.com,TKT-006940,Late Delivery,4
user_ef3e32f1@gmail.com,TKT-006941,Late Delivery,4
user_9ff51b23@gmail.com,TKT-006942,Late Delivery,3
user_92c1c899@gmail.com,TKT-006943,Damaged Item,2
user_752ab598@gmail.com,TKT-006944,Late Delivery,5
user_0d0d4be2@gmail.com,TKT-006945,Late Delivery,5
user_90d5bf1d@gmail.com,TKT-006946,Late Delivery,5
user_3da1471d@gmail.com,TKT-006947,Late Delivery,5
user_91a2d741@gmail.com,TKT-006948,Damaged Item,5
user_7ac3ad93@gmail.com,TKT-006949,Late Delivery,3
user_f342d2f7@gmail.com,TKT-006950,Late Delivery,1
user_90d47944@gmail.com,TKT-006951,Damaged Item,3
user_e65d410b@gmail.com,TKT-006952,Damaged Item,3
user_5017c946@gmail.com,TKT-006953,Damaged Item,3
user_a3d207e6@gmail.com,TKT-006954,Late Delivery,1
user_5b0ba82c@gmail.com,TKT-006955,Late Delivery,3
user_7e15fe80@gmail.com,TKT-006956,Late Delivery,5
user_24a06836@gmail.com,TKT-006957,Damaged Item,1
user_a30332aa@gmail.com,TKT-006958,Damaged Item,5
user_3508403a@gmail.com,TKT-006959,Late Delivery,4
user_51b366f1@gmail.com,TKT-006960,Late Delivery,2
user_0189cca3@gmail.com,TKT-006961,Late Delivery,4
user_07c6f2c6@gmail.com,TKT-006962,Late Delivery,2
user_56a4b020@gmail.com,TKT-006963,Damaged Item,4
user_559620bb@gmail.com,TKT-006964,Late Delivery,1
user_e257ea35@gmail.com,TKT-006965,Late Delivery,3
user_0d5051a4@gmail.com,TKT-006966,Late Delivery,2
user_2f50a4f1@gmail.com,TKT-006967,Damaged Item,3
user_8ecc65bf@gmail.com,TKT-006968,Damaged Item,4
user_a84ef2a6@gmail.com,TKT-006969,Late Delivery,5
user_51627210@gmail.com,TKT-006970,Late Delivery,4
user_be76535b@gmail.com,TKT-006971,Late Delivery,1
user_03fe4b83@gmail.com,TKT-006972,Late Delivery,5
user_d1ccd6d8@gmail.com,TKT-006973,Damaged Item,2
user_0cdfcc66@gmail.com,TKT-006974,Late Delivery,1
user_087ab868@gmail.com,TKT-006975,Damaged Item,4
user_9d841a91@gmail.com,TKT-006976,Damaged Item,3
user_362dfd50@gmail.com,TKT-006977,Late Delivery,3
user_c1802bc6@gmail.com,TKT-006978,Damaged Item,2
user_e83ea391@gmail.com,TKT-006979,Late Delivery,4
user_e0f58d48@gmail.com,TKT-006980,Late Delivery,1
user_204ae867@gmail.com,TKT-006981,Late Delivery,1
user_eea3ce13@gmail.com,TKT-006982,Damaged Item,2
user_c2ff93aa@gmail.com,TKT-006983,Damaged Item,3
user_de9635ec@gmail.com,TKT-006984,Late Delivery,3
user_9554d5a7@gmail.com,TKT-006985,Damaged Item,3
user_dbe1f724@gmail.com,TKT-006986,Damaged Item,3
user_b7c35358@gmail.com,TKT-006987,Damaged Item,2
user_878fbdc5@gmail.com,TKT-006988,Damaged Item,5
user_5131a2eb@gmail.com,TKT-006989,Damaged Item,3
user_6bf558c1@gmail.com,TKT-006990,Late Delivery,1
user_778f5482@gmail.com,TKT-006991,Damaged Item,4
user_b0ca4cf2@gmail.com,TKT-006992,Late Delivery,1
user_b00e0fd2@gmail.com,TKT-006993,Damaged Item,1
user_6e80aa84@gmail.com,TKT-006994,Late Delivery,4
user_6749c23f@gmail.com,TKT-006995,Late Delivery,3
user_85994da9@gmail.com,TKT-006996,Late Delivery,4
user_119f667b@gmail.com,TKT-006997,Damaged Item,1
user_b755de4e@gmail.com,TKT-006998,Late Delivery,2
user_a8fe0c0e@gmail.com,TKT-006999,Damaged Item,1
user_7089d4f6@gmail.com,TKT-007000,Damaged Item,3
user_a6b61ba2@gmail.com,TKT-007001,Damaged Item,5
user_7989d259@gmail.com,TKT-007002,Damaged Item,5
user_518c8b5d@gmail.com,TKT-007003,Damaged Item,1
user_7d1149b5@gmail.com,TKT-007004,Damaged Item,4
user_7eb97a6a@gmail.com,TKT-007005,Damaged Item,5
user_9443e049@gmail.com,TKT-007006,Late Delivery,2
user_382af0bf@gmail.com,TKT-007007,Late Delivery,5
user_886aeeb2@gmail.com,TKT-007008,Late Delivery,1
user_4a4540d6@gmail.com,TKT-007009,Late Delivery,5
user_5a4ec9c8@gmail.com,TKT-007010,Damaged Item,2
user_9316f45a@gmail.com,TKT-007011,Late Delivery,4
user_7c00d2cc@gmail.com,TKT-007012,Late Delivery,1
user_33ac20d8@gmail.com,TKT-007013,Damaged Item,5
user_64a03795@gmail.com,TKT-007014,Late Delivery,2
user_55d3b6aa@gmail.com,TKT-007015,Damaged Item,3
user_3fc82d67@gmail.com,TKT-007016,Late Delivery,2
user_6cc75e31@gmail.com,TKT-007017,Damaged Item,5
user_6c4bedeb@gmail.com,TKT-007018,Late Delivery,1
user_88b1ac56@gmail.com,TKT-007019,Damaged Item,3
user_2ecf41db@gmail.com,TKT-007020,Damaged Item,5
user_28e3b4a1@gmail.com,TKT-007021,Late Delivery,5
user_55c5978e@gmail.com,TKT-007022,Damaged Item,5
user_ca270b48@gmail.com,TKT-007023,Late Delivery,2
user_eea4a5a4@gmail.com,TKT-007024,Late Delivery,2
user_aeb17101@gmail.com,TKT-007025,Late Delivery,5
user_36108c0f@gmail.com,TKT-007026,Late Delivery,4
user_ce31d55e@gmail.com,TKT-007027,Damaged Item,1
user_d2a0255e@gmail.com,TKT-007028,Damaged Item,1
user_9880e2d6@gmail.com,TKT-007029,Damaged Item,3
user_46c89f89@gmail.com,TKT-007030,Late Delivery,4
user_4e535e0a@gmail.com,TKT-007031,Late Delivery,5
user_09ed9b91@gmail.com,TKT-007032,Damaged Item,3
user_70abc93a@gmail.com,TKT-007033,Late Delivery,3
user_95ae2eb5@gmail.com,TKT-007034,Late Delivery,5
user_8131f432@gmail.com,TKT-007035,Late Delivery,4
user_3897924b@gmail.com,TKT-007036,Late Delivery,3
user_149fb5e4@gmail.com,TKT-007037,Damaged Item,2
user_5a257ff7@gmail.com,TKT-007038,Damaged Item,4
user_3571a96b@gmail.com,TKT-007039,Late Delivery,3
user_b776141f@gmail.com,TKT-007040,Late Delivery,3
user_dfe0f45b@gmail.com,TKT-007041,Damaged Item,1
user_0425594c@gmail.com,TKT-007042,Late Delivery,1
user_56021b76@gmail.com,TKT-007043,Damaged Item,4
user_4fb69312@gmail.com,TKT-007044,Damaged Item,5
user_4619948f@gmail.com,TKT-007045,Late Delivery,5
user_a571a2a1@gmail.com,TKT-007046,Damaged Item,5
user_21f5b986@gmail.com,TKT-007047,Late Delivery,4
user_840c06f6@gmail.com,TKT-007048,Damaged Item,1
user_bcebdf69@gmail.com,TKT-007049,Late Delivery,3
user_f3c07da3@gmail.com,TKT-007050,Damaged Item,1
user_bd42d532@gmail.com,TKT-007051,Late Delivery,5
user_e507316c@gmail.com,TKT-007052,Late Delivery,3
user_a18101c8@gmail.com,TKT-007053,Late Delivery,2
user_a6cba59c@gmail.com,TKT-007054,Damaged Item,2
user_0c9f948b@gmail.com,TKT-007055,Late Delivery,3
user_5044faf2@gmail.com,TKT-007056,Late Delivery,1
user_6c0240b5@gmail.com,TKT-007057,Damaged Item,4
user_b549673f@gmail.com,TKT-007058,Late Delivery,2
user_36b25807@gmail.com,TKT-007059,Damaged Item,1
user_833595cb@gmail.com,TKT-007060,Late Delivery,5
user_397c4d07@gmail.com,TKT-007061,Damaged Item,2
user_0cc429ab@gmail.com,TKT-007062,Late Delivery,4
user_d5ccfa0a@gmail.com,TKT-007063,Damaged Item,5
user_a62f8fe9@gmail.com,TKT-007064,Late Delivery,3
user_c5283199@gmail.com,TKT-007065,Late Delivery,3
user_d7454b8f@gmail.com,TKT-007066,Damaged Item,2
user_57b5d9f9@gmail.com,TKT-007067,Late Delivery,4
user_d1709096@gmail.com,TKT-007068,Late Delivery,2
user_695cb366@gmail.com,TKT-007069,Late Delivery,4
user_9acbca23@gmail.com,TKT-007070,Late Delivery,5
user_92e99d82@gmail.com,TKT-007071,Late Delivery,2
user_ae1cf548@gmail.com,TKT-007072,Damaged Item,4
user_4cd9c805@gmail.com,TKT-007073,Damaged Item,2
user_9cd8cab8@gmail.com,TKT-007074,Damaged Item,4
user_65216f15@gmail.com,TKT-007075,Damaged Item,4
user_658be5b2@gmail.com,TKT-007076,Late Delivery,3
user_e55fa64b@gmail.com,TKT-007077,Damaged Item,4
user_c148d8da@gmail.com,TKT-007078,Damaged Item,1
user_d71782f8@gmail.com,TKT-007079,Late Delivery,5
user_ecb43665@gmail.com,TKT-007080,Late Delivery,4
user_cf4e2609@gmail.com,TKT-007081,Damaged Item,5
user_dbb907c9@gmail.com,TKT-007082,Damaged Item,5
user_19af2c88@gmail.com,TKT-007083,Late Delivery,2
user_fa502690@gmail.com,TKT-007084,Late Delivery,2
user_c857b28f@gmail.com,TKT-007085,Damaged Item,1
user_00a6ee75@gmail.com,TKT-007086,Late Delivery,1
user_50483c53@gmail.com,TKT-007087,Damaged Item,3
user_3f4edf3a@gmail.com,TKT-007088,Damaged Item,2
user_926387e6@gmail.com,TKT-007089,Damaged Item,5
user_9b69530e@gmail.com,TKT-007090,Late Delivery,3
user_b8b0cd7a@gmail.com,TKT-007091,Damaged Item,4
user_7a80530d@gmail.com,TKT-007092,Late Delivery,4
user_5595cc8e@gmail.com,TKT-007093,Late Delivery,3
user_2733b028@gmail.com,TKT-007094,Damaged Item,3
user_7a4a7d26@gmail.com,TKT-007095,Damaged Item,1
user_de96f98d@gmail.com,TKT-007096,Late Delivery,5
user_35571f81@gmail.com,TKT-007097,Damaged Item,5
user_409bcfa8@gmail.com,TKT-007098,Damaged Item,4
user_926b247b@gmail.com,TKT-007099,Damaged Item,1
user_0dd47ea0@gmail.com,TKT-007100,Late Delivery,5
user_d97ca9e3@gmail.com,TKT-007101,Late Delivery,1
user_60f1b085@gmail.com,TKT-007102,Late Delivery,2
user_3507c77f@gmail.com,TKT-007103,Damaged Item,4
user_c34aca68@gmail.com,TKT-007104,Damaged Item,1
user_bde76a2d@gmail.com,TKT-007105,Late Delivery,4
user_0d3d2bb5@gmail.com,TKT-007106,Damaged Item,1
user_0e6f3ac5@gmail.com,TKT-007107,Damaged Item,4
user_6a586986@gmail.com,TKT-007108,Damaged Item,3
user_3d5e14ab@gmail.com,TKT-007109,Late Delivery,2
user_8fbfbef8@gmail.com,TKT-007110,Late Delivery,5
user_5c82413b@gmail.com,TKT-007111,Damaged Item,2
user_f9704121@gmail.com,TKT-007112,Late Delivery,3
user_d3a672bf@gmail.com,TKT-007113,Late Delivery,1
user_b5b05f54@gmail.com,TKT-007114,Late Delivery,4
user_5a614585@gmail.com,TKT-007115,Late Delivery,2
user_21daed08@gmail.com,TKT-007116,Damaged Item,2
user_6793f782@gmail.com,TKT-007117,Damaged Item,3
user_389ebd00@gmail.com,TKT-007118,Damaged Item,3
user_4d66d51f@gmail.com,TKT-007119,Late Delivery,1
user_97486266@gmail.com,TKT-007120,Damaged Item,1
user_8c790280@gmail.com,TKT-007121,Damaged Item,1
user_063342fa@gmail.com,TKT-007122,Late Delivery,1
user_95a1b49d@gmail.com,TKT-007123,Damaged Item,1
user_3f43c864@gmail.com,TKT-007124,Damaged Item,5
user_d6fd8229@gmail.com,TKT-007125,Late Delivery,1
user_1791d89d@gmail.com,TKT-007126,Late Delivery,5
user_35f117d3@gmail.com,TKT-007127,Late Delivery,3
user_04f6b73a@gmail.com,TKT-007128,Late Delivery,4
user_b3d23d61@gmail.com,TKT-007129,Damaged Item,3
user_c2f1bd75@gmail.com,TKT-007130,Late Delivery,2
user_7cd148c9@gmail.com,TKT-007131,Late Delivery,3
user_aa6a39ce@gmail.com,TKT-007132,Late Delivery,5
user_5318e121@gmail.com,TKT-007133,Late Delivery,4
user_154f6168@gmail.com,TKT-007134,Damaged Item,2
user_b566f46e@gmail.com,TKT-007135,Damaged Item,5
user_437274d6@gmail.com,TKT-007136,Late Delivery,1
user_9212149a@gmail.com,TKT-007137,Late Delivery,4
user_308eed15@gmail.com,TKT-007138,Late Delivery,1
user_8a8ac60f@gmail.com,TKT-007139,Late Delivery,5
user_f88eca41@gmail.com,TKT-007140,Late Delivery,1
user_6a667f84@gmail.com,TKT-007141,Late Delivery,2
user_2cce8eab@gmail.com,TKT-007142,Damaged Item,1
user_00cac138@gmail.com,TKT-007143,Damaged Item,4
user_cad13a8b@gmail.com,TKT-007144,Damaged Item,4
user_c7bf5a62@gmail.com,TKT-007145,Late Delivery,3
user_ff351e3f@gmail.com,TKT-007146,Damaged Item,3
user_6b7fd1a9@gmail.com,TKT-007147,Late Delivery,4
user_9c90bdeb@gmail.com,TKT-007148,Late Delivery,1
user_d7091c00@gmail.com,TKT-007149,Late Delivery,1
user_d0e3996a@gmail.com,TKT-007150,Late Delivery,2
user_afe9d6d9@gmail.com,TKT-007151,Damaged Item,4
user_96bb1771@gmail.com,TKT-007152,Late Delivery,2
user_9876a964@gmail.com,TKT-007153,Damaged Item,3
user_1886a3ec@gmail.com,TKT-007154,Damaged Item,4
user_bc4f1949@gmail.com,TKT-007155,Damaged Item,5
user_bec5c5e9@gmail.com,TKT-007156,Damaged Item,4
user_05bec911@gmail.com,TKT-007157,Late Delivery,3
user_bd18f3bb@gmail.com,TKT-007158,Damaged Item,3
user_9ea3a243@gmail.com,TKT-007159,Damaged Item,4
user_eef4e718@gmail.com,TKT-007160,Damaged Item,5
user_774ea528@gmail.com,TKT-007161,Damaged Item,4
user_c8548f30@gmail.com,TKT-007162,Late Delivery,1
user_b6a6cb3d@gmail.com,TKT-007163,Late Delivery,3
user_79634593@gmail.com,TKT-007164,Damaged Item,3
user_b38211bd@gmail.com,TKT-007165,Damaged Item,4
user_35a23d4b@gmail.com,TKT-007166,Damaged Item,1
user_6a219516@gmail.com,TKT-007167,Late Delivery,3
user_cdcdfeb0@gmail.com,TKT-007168,Late Delivery,4
user_cb5c545d@gmail.com,TKT-007169,Damaged Item,1
user_b4916fe2@gmail.com,TKT-007170,Damaged Item,2
user_aa4baf89@gmail.com,TKT-007171,Late Delivery,4
user_12d20cdd@gmail.com,TKT-007172,Damaged Item,5
user_996fdddf@gmail.com,TKT-007173,Late Delivery,3
user_3b32327f@gmail.com,TKT-007174,Late Delivery,2
user_03852028@gmail.com,TKT-007175,Damaged Item,4
user_bee35430@gmail.com,TKT-007176,Damaged Item,2
user_4c269cff@gmail.com,TKT-007177,Late Delivery,4
user_7b7a886f@gmail.com,TKT-007178,Damaged Item,2
user_96f0eff6@gmail.com,TKT-007179,Late Delivery,2
user_92e30f5f@gmail.com,TKT-007180,Damaged Item,4
user_1b3fa345@gmail.com,TKT-007181,Damaged Item,1
user_cbe722ee@gmail.com,TKT-007182,Damaged Item,4
user_ea3bc531@gmail.com,TKT-007183,Late Delivery,4
user_9a1ab866@gmail.com,TKT-007184,Damaged Item,3
user_b881b733@gmail.com,TKT-007185,Late Delivery,1
user_1003a679@gmail.com,TKT-007186,Damaged Item,1
user_2d536d88@gmail.com,TKT-007187,Damaged Item,5
user_a6b7bd57@gmail.com,TKT-007188,Late Delivery,1
user_db939128@gmail.com,TKT-007189,Damaged Item,1
user_60262448@gmail.com,TKT-007190,Late Delivery,4
user_b54b05c9@gmail.com,TKT-007191,Damaged Item,5
user_5c678d1f@gmail.com,TKT-007192,Late Delivery,3
user_98ee8f99@gmail.com,TKT-007193,Damaged Item,1
user_8b300ae2@gmail.com,TKT-007194,Late Delivery,1
user_55b2d632@gmail.com,TKT-007195,Damaged Item,5
user_6878c285@gmail.com,TKT-007196,Damaged Item,5
user_dc16f70e@gmail.com,TKT-007197,Damaged Item,2
user_147afb91@gmail.com,TKT-007198,Damaged Item,2
user_7098eb76@gmail.com,TKT-007199,Damaged Item,4
user_59fb2024@gmail.com,TKT-007200,Damaged Item,2
user_e0298e06@gmail.com,TKT-007201,Damaged Item,1
user_da8d084e@gmail.com,TKT-007202,Late Delivery,2
user_32ec4cc7@gmail.com,TKT-007203,Damaged Item,5
user_5e7ad527@gmail.com,TKT-007204,Late Delivery,2
user_839c3639@gmail.com,TKT-007205,Damaged Item,5
user_8e83592c@gmail.com,TKT-007206,Late Delivery,2
user_381d452d@gmail.com,TKT-007207,Late Delivery,3
user_ea377f7c@gmail.com,TKT-007208,Damaged Item,4
user_d8bcceb9@gmail.com,TKT-007209,Damaged Item,1
user_99d7b453@gmail.com,TKT-007210,Damaged Item,1
user_b067f83c@gmail.com,TKT-007211,Damaged Item,1
user_91311709@gmail.com,TKT-007212,Damaged Item,2
user_9aba0d42@gmail.com,TKT-007213,Late Delivery,2
user_e2cb1f94@gmail.com,TKT-007214,Late Delivery,5
user_6827f82c@gmail.com,TKT-007215,Damaged Item,3
user_998e3593@gmail.com,TKT-007216,Damaged Item,2
user_923a412f@gmail.com,TKT-007217,Damaged Item,1
user_cb452474@gmail.com,TKT-007218,Late Delivery,2
user_c4f96797@gmail.com,TKT-007219,Damaged Item,1
user_85d22628@gmail.com,TKT-007220,Late Delivery,5
user_a47d14bb@gmail.com,TKT-007221,Late Delivery,2
user_7907a892@gmail.com,TKT-007222,Late Delivery,1
user_9271b12d@gmail.com,TKT-007223,Damaged Item,2
user_a320802b@gmail.com,TKT-007224,Late Delivery,3
user_d32b8ac3@gmail.com,TKT-007225,Late Delivery,1
user_ea563003@gmail.com,TKT-007226,Damaged Item,3
user_12728eaa@gmail.com,TKT-007227,Late Delivery,1
user_8d09435d@gmail.com,TKT-007228,Damaged Item,1
user_e052a89a@gmail.com,TKT-007229,Damaged Item,3
user_fee97d8b@gmail.com,TKT-007230,Late Delivery,4
user_c9d11235@gmail.com,TKT-007231,Damaged Item,1
user_b51758f2@gmail.com,TKT-007232,Damaged Item,4
user_f08dd31e@gmail.com,TKT-007233,Late Delivery,2
user_28ebaa78@gmail.com,TKT-007234,Late Delivery,2
user_aeacbc4d@gmail.com,TKT-007235,Late Delivery,3
user_43730e9c@gmail.com,TKT-007236,Damaged Item,3
user_019d4751@gmail.com,TKT-007237,Damaged Item,5
user_b1b4ff54@gmail.com,TKT-007238,Damaged Item,5
user_958df174@gmail.com,TKT-007239,Late Delivery,1
user_c53457e1@gmail.com,TKT-007240,Late Delivery,5
user_b3b959dc@gmail.com,TKT-007241,Damaged Item,1
user_eb84790d@gmail.com,TKT-007242,Damaged Item,5
user_0fc302f0@gmail.com,TKT-007243,Late Delivery,4
user_059907a5@gmail.com,TKT-007244,Late Delivery,2
user_fe21f72a@gmail.com,TKT-007245,Late Delivery,4
user_cd0ba16d@gmail.com,TKT-007246,Damaged Item,3
user_2fedf409@gmail.com,TKT-007247,Late Delivery,1
user_2f0eafc1@gmail.com,TKT-007248,Late Delivery,4
user_50f3f997@gmail.com,TKT-007249,Damaged Item,3
user_05cc26cc@gmail.com,TKT-007250,Late Delivery,4
user_6d56236c@gmail.com,TKT-007251,Damaged Item,1
user_169f39dc@gmail.com,TKT-007252,Late Delivery,2
user_f4af0c60@gmail.com,TKT-007253,Late Delivery,3
user_ea226acd@gmail.com,TKT-007254,Late Delivery,1
user_d6bb892f@gmail.com,TKT-007255,Damaged Item,5
user_b19f4489@gmail.com,TKT-007256,Damaged Item,1
user_0b903538@gmail.com,TKT-007257,Damaged Item,3
user_3d0059d7@gmail.com,TKT-007258,Late Delivery,2
user_cc989a70@gmail.com,TKT-007259,Damaged Item,3
user_e039686a@gmail.com,TKT-007260,Damaged Item,3
user_113a92a6@gmail.com,TKT-007261,Damaged Item,1
user_7ccff723@gmail.com,TKT-007262,Damaged Item,1
user_bb4a3c7e@gmail.com,TKT-007263,Damaged Item,3
user_1b5f9e9a@gmail.com,TKT-007264,Damaged Item,5
user_959516ad@gmail.com,TKT-007265,Late Delivery,5
user_1242e855@gmail.com,TKT-007266,Late Delivery,3
user_3476f88b@gmail.com,TKT-007267,Late Delivery,1
user_01eec5ac@gmail.com,TKT-007268,Damaged Item,2
user_5230161e@gmail.com,TKT-007269,Damaged Item,5
user_ab42daa0@gmail.com,TKT-007270,Late Delivery,1
user_96b482d8@gmail.com,TKT-007271,Late Delivery,1
user_8255102c@gmail.com,TKT-007272,Late Delivery,1
user_54d7d8a7@gmail.com,TKT-007273,Damaged Item,1
user_e72349ea@gmail.com,TKT-007274,Late Delivery,4
user_137b3b97@gmail.com,TKT-007275,Late Delivery,4
user_04d5d814@gmail.com,TKT-007276,Damaged Item,5
user_3c7c7e75@gmail.com,TKT-007277,Damaged Item,2
user_ea41e238@gmail.com,TKT-007278,Late Delivery,3
user_4bdc9a28@gmail.com,TKT-007279,Damaged Item,3
user_36e917b0@gmail.com,TKT-007280,Late Delivery,3
user_e927c84f@gmail.com,TKT-007281,Damaged Item,3
user_9948a1e9@gmail.com,TKT-007282,Late Delivery,4
user_979cb782@gmail.com,TKT-007283,Damaged Item,3
user_b01d57cc@gmail.com,TKT-007284,Late Delivery,1
user_604a66b9@gmail.com,TKT-007285,Damaged Item,5
user_131de77e@gmail.com,TKT-007286,Damaged Item,1
user_8139caa1@gmail.com,TKT-007287,Late Delivery,4
user_d27826ef@gmail.com,TKT-007288,Damaged Item,2
user_491a3fa0@gmail.com,TKT-007289,Damaged Item,3
user_34b68694@gmail.com,TKT-007290,Damaged Item,1
user_55792dbb@gmail.com,TKT-007291,Damaged Item,5
user_86e0461f@gmail.com,TKT-007292,Late Delivery,5
user_da3fabb6@gmail.com,TKT-007293,Damaged Item,1
user_8e36b375@gmail.com,TKT-007294,Late Delivery,2
user_31499e72@gmail.com,TKT-007295,Damaged Item,4
user_b16c2e09@gmail.com,TKT-007296,Damaged Item,4
user_84fd1abb@gmail.com,TKT-007297,Damaged Item,5
user_5f6c5870@gmail.com,TKT-007298,Late Delivery,2
user_58557180@gmail.com,TKT-007299,Damaged Item,5
user_2a63862c@gmail.com,TKT-007300,Late Delivery,3
user_e84f0c95@gmail.com,TKT-007301,Late Delivery,2
user_df1e76f4@gmail.com,TKT-007302,Damaged Item,3
user_76b9c322@gmail.com,TKT-007303,Damaged Item,5
user_1f3fe7fc@gmail.com,TKT-007304,Late Delivery,5
user_e9bd209e@gmail.com,TKT-007305,Late Delivery,3
user_822c8211@gmail.com,TKT-007306,Late Delivery,4
user_46935642@gmail.com,TKT-007307,Late Delivery,2
user_344ffa47@gmail.com,TKT-007308,Damaged Item,4
user_dde0515a@gmail.com,TKT-007309,Late Delivery,5
user_4c3e4294@gmail.com,TKT-007310,Damaged Item,3
user_a5d66eef@gmail.com,TKT-007311,Late Delivery,5
user_7b06aa54@gmail.com,TKT-007312,Damaged Item,3
user_d9a1aaab@gmail.com,TKT-007313,Damaged Item,5
user_aa2f0d65@gmail.com,TKT-007314,Damaged Item,4
user_87361c7f@gmail.com,TKT-007315,Late Delivery,1
user_bd2264a1@gmail.com,TKT-007316,Late Delivery,1
user_98ec8f34@gmail.com,TKT-007317,Damaged Item,5
user_8ae6abc9@gmail.com,TKT-007318,Late Delivery,3
user_3bacc978@gmail.com,TKT-007319,Late Delivery,2
user_ebfd4be3@gmail.com,TKT-007320,Damaged Item,2
user_66618104@gmail.com,TKT-007321,Damaged Item,3
user_cc65eb81@gmail.com,TKT-007322,Late Delivery,3
user_e5eed5d0@gmail.com,TKT-007323,Late Delivery,4
user_89e528cc@gmail.com,TKT-007324,Late Delivery,3
user_b6a3c855@gmail.com,TKT-007325,Late Delivery,5
user_9089f3d0@gmail.com,TKT-007326,Damaged Item,3
user_8de0e7de@gmail.com,TKT-007327,Late Delivery,5
user_e8eb2f66@gmail.com,TKT-007328,Damaged Item,5
user_587ddeb2@gmail.com,TKT-007329,Damaged Item,4
user_914109f0@gmail.com,TKT-007330,Damaged Item,3
user_aa6d2cdc@gmail.com,TKT-007331,Late Delivery,4
user_86f9051d@gmail.com,TKT-007332,Late Delivery,2
user_45b211ac@gmail.com,TKT-007333,Late Delivery,5
user_f2d37aeb@gmail.com,TKT-007334,Late Delivery,2
user_7b5e2c32@gmail.com,TKT-007335,Late Delivery,4
user_84b73c57@gmail.com,TKT-007336,Late Delivery,1
user_5f6917c4@gmail.com,TKT-007337,Damaged Item,5
user_2a48ca33@gmail.com,TKT-007338,Late Delivery,2
user_306ff275@gmail.com,TKT-007339,Damaged Item,1
user_82abbdc1@gmail.com,TKT-007340,Damaged Item,1
user_0732796b@gmail.com,TKT-007341,Late Delivery,5
user_dd60451a@gmail.com,TKT-007342,Late Delivery,2
user_7c2c6831@gmail.com,TKT-007343,Damaged Item,3
user_bf9c1806@gmail.com,TKT-007344,Late Delivery,2
user_495ad998@gmail.com,TKT-007345,Late Delivery,4
user_04370c96@gmail.com,TKT-007346,Damaged Item,3
user_b9bce68a@gmail.com,TKT-007347,Late Delivery,4
user_8fb2e52f@gmail.com,TKT-007348,Late Delivery,1
user_34a17d20@gmail.com,TKT-007349,Damaged Item,2
user_553f3ea5@gmail.com,TKT-007350,Late Delivery,4
user_3d95d3b7@gmail.com,TKT-007351,Late Delivery,2
user_09cf3752@gmail.com,TKT-007352,Damaged Item,2
user_5eabb985@gmail.com,TKT-007353,Damaged Item,5
user_863bf2bf@gmail.com,TKT-007354,Damaged Item,4
user_f362efb7@gmail.com,TKT-007355,Late Delivery,3
user_153b15eb@gmail.com,TKT-007356,Damaged Item,1
user_90a069e1@gmail.com,TKT-007357,Damaged Item,5
user_85963fd3@gmail.com,TKT-007358,Late Delivery,4
user_af8657cf@gmail.com,TKT-007359,Late Delivery,3
user_83588092@gmail.com,TKT-007360,Damaged Item,5
user_57d91ead@gmail.com,TKT-007361,Late Delivery,3
user_52dea363@gmail.com,TKT-007362,Late Delivery,2
user_cfc6c3f2@gmail.com,TKT-007363,Late Delivery,4
user_c1cc7a79@gmail.com,TKT-007364,Late Delivery,4
user_1368cf20@gmail.com,TKT-007365,Damaged Item,3
user_21729203@gmail.com,TKT-007366,Damaged Item,2
user_0fdb7af8@gmail.com,TKT-007367,Late Delivery,3
user_0c50bd4d@gmail.com,TKT-007368,Damaged Item,2
user_72ec26bf@gmail.com,TKT-007369,Late Delivery,3
user_76754935@gmail.com,TKT-007370,Damaged Item,1
user_05fb2584@gmail.com,TKT-007371,Damaged Item,1
user_a2013ce2@gmail.com,TKT-007372,Damaged Item,1
user_3fae5c02@gmail.com,TKT-007373,Damaged Item,1
user_2ba79753@gmail.com,TKT-007374,Damaged Item,4
user_550bfaea@gmail.com,TKT-007375,Late Delivery,4
user_2fa5c7e1@gmail.com,TKT-007376,Damaged Item,4
user_afc3a304@gmail.com,TKT-007377,Late Delivery,5
user_08538899@gmail.com,TKT-007378,Damaged Item,3
user_f68b6de1@gmail.com,TKT-007379,Late Delivery,1
user_624a71bb@gmail.com,TKT-007380,Damaged Item,2
user_cb309a02@gmail.com,TKT-007381,Late Delivery,4
user_374750ed@gmail.com,TKT-007382,Damaged Item,2
user_bf41c8f2@gmail.com,TKT-007383,Late Delivery,1
user_138cee18@gmail.com,TKT-007384,Late Delivery,2
user_94c1c602@gmail.com,TKT-007385,Late Delivery,5
user_bc78f39e@gmail.com,TKT-007386,Late Delivery,2
user_f8bbcdb4@gmail.com,TKT-007387,Late Delivery,3
user_3ddf7acc@gmail.com,TKT-007388,Late Delivery,1
user_f700c475@gmail.com,TKT-007389,Late Delivery,2
user_3fb6c702@gmail.com,TKT-007390,Late Delivery,2
user_95ef8655@gmail.com,TKT-007391,Damaged Item,2
user_49d1d05c@gmail.com,TKT-007392,Late Delivery,5
user_0417c5c4@gmail.com,TKT-007393,Damaged Item,2
user_8e90f1a1@gmail.com,TKT-007394,Damaged Item,4
user_356ed180@gmail.com,TKT-007395,Late Delivery,3
user_b335808b@gmail.com,TKT-007396,Late Delivery,3
user_4071d48a@gmail.com,TKT-007397,Damaged Item,1
user_9fd78e7d@gmail.com,TKT-007398,Late Delivery,5
user_cb382a3e@gmail.com,TKT-007399,Late Delivery,2
user_e020fcaa@gmail.com,TKT-007400,Damaged Item,1
user_b4f1ff0a@gmail.com,TKT-007401,Damaged Item,3
user_e404cb40@gmail.com,TKT-007402,Late Delivery,1
user_844d9a5c@gmail.com,TKT-007403,Damaged Item,3
user_f7e21dc7@gmail.com,TKT-007404,Damaged Item,2
user_bf282d90@gmail.com,TKT-007405,Late Delivery,2
user_1813c83c@gmail.com,TKT-007406,Damaged Item,4
user_76a5a50d@gmail.com,TKT-007407,Damaged Item,3
user_51d368d0@gmail.com,TKT-007408,Late Delivery,1
user_9f62f7e0@gmail.com,TKT-007409,Damaged Item,2
user_724aaf53@gmail.com,TKT-007410,Damaged Item,1
user_b237622a@gmail.com,TKT-007411,Late Delivery,3
user_c6597f8f@gmail.com,TKT-007412,Late Delivery,2
user_6c764ea9@gmail.com,TKT-007413,Damaged Item,4
user_3435ff20@gmail.com,TKT-007414,Late Delivery,5
user_20e575f5@gmail.com,TKT-007415,Late Delivery,1
user_03c9cf3d@gmail.com,TKT-007416,Late Delivery,3
user_3841e160@gmail.com,TKT-007417,Damaged Item,3
user_0cfd915d@gmail.com,TKT-007418,Damaged Item,4
user_0be35bdb@gmail.com,TKT-007419,Late Delivery,2
user_f7a5bca3@gmail.com,TKT-007420,Late Delivery,1
user_566c95a9@gmail.com,TKT-007421,Damaged Item,4
user_4a209254@gmail.com,TKT-007422,Damaged Item,1
user_ea9412f3@gmail.com,TKT-007423,Late Delivery,1
user_fc7f8eff@gmail.com,TKT-007424,Damaged Item,4
user_adc12cd3@gmail.com,TKT-007425,Late Delivery,5
user_9cd69786@gmail.com,TKT-007426,Late Delivery,5
user_a9f9523a@gmail.com,TKT-007427,Late Delivery,2
user_ba1f863d@gmail.com,TKT-007428,Late Delivery,4
user_fec0f9b8@gmail.com,TKT-007429,Damaged Item,1
user_1ddaa4bd@gmail.com,TKT-007430,Late Delivery,5
user_1e7f5878@gmail.com,TKT-007431,Damaged Item,1
user_e6a2967f@gmail.com,TKT-007432,Late Delivery,4
user_9bcdaf62@gmail.com,TKT-007433,Damaged Item,4
user_8176dcb6@gmail.com,TKT-007434,Late Delivery,3
user_d76f067d@gmail.com,TKT-007435,Late Delivery,5
user_4cc5210e@gmail.com,TKT-007436,Damaged Item,5
user_b5728597@gmail.com,TKT-007437,Late Delivery,4
user_b7ad90f6@gmail.com,TKT-007438,Late Delivery,4
user_8bd6718a@gmail.com,TKT-007439,Damaged Item,5
user_3e087f43@gmail.com,TKT-007440,Damaged Item,2
user_942a5e1f@gmail.com,TKT-007441,Damaged Item,4
user_ec89bfe8@gmail.com,TKT-007442,Damaged Item,3
user_1386747b@gmail.com,TKT-007443,Late Delivery,2
user_91777367@gmail.com,TKT-007444,Late Delivery,1
user_6dde5724@gmail.com,TKT-007445,Late Delivery,4
user_a145a39e@gmail.com,TKT-007446,Damaged Item,2
user_d1746be9@gmail.com,TKT-007447,Late Delivery,2
user_bc9ca6cf@gmail.com,TKT-007448,Damaged Item,5
user_d35be8df@gmail.com,TKT-007449,Late Delivery,2
user_0b9af26a@gmail.com,TKT-007450,Damaged Item,5
user_b9b777cf@gmail.com,TKT-007451,Damaged Item,1
user_e4ef5fac@gmail.com,TKT-007452,Damaged Item,1
user_abe6e71c@gmail.com,TKT-007453,Late Delivery,5
user_5c309a04@gmail.com,TKT-007454,Late Delivery,2
user_cac35b55@gmail.com,TKT-007455,Damaged Item,1
user_84422bb9@gmail.com,TKT-007456,Late Delivery,2
user_77705170@gmail.com,TKT-007457,Damaged Item,5
user_8f74bd69@gmail.com,TKT-007458,Damaged Item,4
user_dfce1af8@gmail.com,TKT-007459,Damaged Item,1
user_fb84a22d@gmail.com,TKT-007460,Late Delivery,3
user_2b8ca4df@gmail.com,TKT-007461,Damaged Item,3
user_5efdddb4@gmail.com,TKT-007462,Late Delivery,5
user_a047f5ef@gmail.com,TKT-007463,Damaged Item,3
user_e24971b9@gmail.com,TKT-007464,Damaged Item,3
user_04141852@gmail.com,TKT-007465,Late Delivery,5
user_c779f2bd@gmail.com,TKT-007466,Late Delivery,2
user_3a50452c@gmail.com,TKT-007467,Late Delivery,3
user_a37506dc@gmail.com,TKT-007468,Damaged Item,4
user_0b1634e8@gmail.com,TKT-007469,Damaged Item,2
user_8fea148d@gmail.com,TKT-007470,Late Delivery,5
user_9c540c18@gmail.com,TKT-007471,Late Delivery,4
user_05f3dc78@gmail.com,TKT-007472,Late Delivery,5
user_d4603030@gmail.com,TKT-007473,Damaged Item,4
user_0c5b1546@gmail.com,TKT-007474,Late Delivery,5
user_40c48509@gmail.com,TKT-007475,Late Delivery,1
user_768184a3@gmail.com,TKT-007476,Late Delivery,4
user_3562599b@gmail.com,TKT-007477,Damaged Item,5
user_eba2cf1b@gmail.com,TKT-007478,Late Delivery,3
user_de031c30@gmail.com,TKT-007479,Damaged Item,4
user_01f163c9@gmail.com,TKT-007480,Late Delivery,2
user_ba024083@gmail.com,TKT-007481,Late Delivery,5
user_c0cb011a@gmail.com,TKT-007482,Damaged Item,1
user_b2c5ac31@gmail.com,TKT-007483,Damaged Item,2
user_a27db3c2@gmail.com,TKT-007484,Damaged Item,4
user_a387d752@gmail.com,TKT-007485,Late Delivery,5
user_3acca5ea@gmail.com,TKT-007486,Damaged Item,5
user_2ddad95b@gmail.com,TKT-007487,Damaged Item,2
user_deebc016@gmail.com,TKT-007488,Late Delivery,5
user_99fb64bf@gmail.com,TKT-007489,Damaged Item,2
user_0b24cfce@gmail.com,TKT-007490,Damaged Item,3
user_c7ef9464@gmail.com,TKT-007491,Damaged Item,3
user_633fe14c@gmail.com,TKT-007492,Late Delivery,5
user_b89b78f0@gmail.com,TKT-007493,Damaged Item,3
user_340d9248@gmail.com,TKT-007494,Late Delivery,5
user_e8765708@gmail.com,TKT-007495,Damaged Item,4
user_3ad84abc@gmail.com,TKT-007496,Late Delivery,5
user_e16e9988@gmail.com,TKT-007497,Late Delivery,1
user_04ee75ea@gmail.com,TKT-007498,Late Delivery,3
user_919ea99f@gmail.com,TKT-007499,Late Delivery,2
user_7160de33@gmail.com,TKT-007500,Damaged Item,4
user_72227adc@gmail.com,TKT-007501,Late Delivery,3
user_ae9e13be@gmail.com,TKT-007502,Damaged Item,2
user_67a27301@gmail.com,TKT-007503,Late Delivery,2
user_7ad12bd3@gmail.com,TKT-007504,Damaged Item,2
user_2d2ec6a0@gmail.com,TKT-007505,Damaged Item,2
user_1494a353@gmail.com,TKT-007506,Damaged Item,1
user_bdaae7d0@gmail.com,TKT-007507,Late Delivery,5
user_0085139b@gmail.com,TKT-007508,Damaged Item,4
user_66c4cb83@gmail.com,TKT-007509,Late Delivery,4
user_2ea70c72@gmail.com,TKT-007510,Damaged Item,2
user_12072fd2@gmail.com,TKT-007511,Damaged Item,2
user_29309c6b@gmail.com,TKT-007512,Late Delivery,3
user_4412ff92@gmail.com,TKT-007513,Damaged Item,5
user_70d55965@gmail.com,TKT-007514,Late Delivery,4
user_1c3c50ea@gmail.com,TKT-007515,Damaged Item,2
user_52dc22ae@gmail.com,TKT-007516,Late Delivery,1
user_b3365588@gmail.com,TKT-007517,Late Delivery,1
user_36f9e464@gmail.com,TKT-007518,Late Delivery,2
user_0a6ba918@gmail.com,TKT-007519,Damaged Item,4
user_f36aac9c@gmail.com,TKT-007520,Late Delivery,2
user_244f61f3@gmail.com,TKT-007521,Damaged Item,4
user_a1fcf418@gmail.com,TKT-007522,Late Delivery,4
user_4c0c0aaa@gmail.com,TKT-007523,Late Delivery,5
user_ad6347b3@gmail.com,TKT-007524,Damaged Item,2
user_c3e86b95@gmail.com,TKT-007525,Damaged Item,3
user_4d2e9ad9@gmail.com,TKT-007526,Damaged Item,5
user_09617a6b@gmail.com,TKT-007527,Damaged Item,5
user_08f041f8@gmail.com,TKT-007528,Late Delivery,1
user_99c7aea6@gmail.com,TKT-007529,Late Delivery,4
user_df995347@gmail.com,TKT-007530,Damaged Item,4
user_ed6fafe1@gmail.com,TKT-007531,Damaged Item,2
user_494263a1@gmail.com,TKT-007532,Late Delivery,3
user_d2a61ab2@gmail.com,TKT-007533,Late Delivery,1
user_b870c0bb@gmail.com,TKT-007534,Late Delivery,5
user_28a4a9aa@gmail.com,TKT-007535,Late Delivery,2
user_cbd70d39@gmail.com,TKT-007536,Damaged Item,1
user_6862d03f@gmail.com,TKT-007537,Damaged Item,4
user_8efcb670@gmail.com,TKT-007538,Damaged Item,5
user_5ac868e1@gmail.com,TKT-007539,Damaged Item,3
user_6cb334a7@gmail.com,TKT-007540,Late Delivery,2
user_7daa7f83@gmail.com,TKT-007541,Damaged Item,1
user_6aabcd43@gmail.com,TKT-007542,Damaged Item,1
user_545bd0b3@gmail.com,TKT-007543,Late Delivery,5
user_11cb11ff@gmail.com,TKT-007544,Late Delivery,5
user_aa89b22a@gmail.com,TKT-007545,Late Delivery,4
user_34cb980a@gmail.com,TKT-007546,Damaged Item,4
user_d6e46b9d@gmail.com,TKT-007547,Damaged Item,4
user_076aefc1@gmail.com,TKT-007548,Late Delivery,3
user_85059842@gmail.com,TKT-007549,Late Delivery,4
user_a1953498@gmail.com,TKT-007550,Late Delivery,1
user_27de9d99@gmail.com,TKT-007551,Late Delivery,3
user_d6aea8f3@gmail.com,TKT-007552,Late Delivery,5
user_dc759b3f@gmail.com,TKT-007553,Late Delivery,2
user_069a26c9@gmail.com,TKT-007554,Late Delivery,1
user_3cb5b3b2@gmail.com,TKT-007555,Late Delivery,1
user_a50381d8@gmail.com,TKT-007556,Late Delivery,1
user_7f7f2b51@gmail.com,TKT-007557,Late Delivery,5
user_fc19fe9a@gmail.com,TKT-007558,Damaged Item,4
user_d69dbf84@gmail.com,TKT-007559,Damaged Item,1
user_4ee589f9@gmail.com,TKT-007560,Damaged Item,2
user_e4b0c221@gmail.com,TKT-007561,Late Delivery,2
user_3dbeb699@gmail.com,TKT-007562,Damaged Item,1
user_db110e71@gmail.com,TKT-007563,Late Delivery,3
user_51b6e965@gmail.com,TKT-007564,Late Delivery,5
user_a6d7b348@gmail.com,TKT-007565,Damaged Item,4
user_baa50e17@gmail.com,TKT-007566,Damaged Item,1
user_923268c8@gmail.com,TKT-007567,Late Delivery,2
user_63596b23@gmail.com,TKT-007568,Damaged Item,4
user_8cd686a7@gmail.com,TKT-007569,Late Delivery,4
user_c980aa56@gmail.com,TKT-007570,Damaged Item,5
user_54d7ec78@gmail.com,TKT-007571,Late Delivery,1
user_7942503b@gmail.com,TKT-007572,Late Delivery,5
user_187d69cb@gmail.com,TKT-007573,Damaged Item,1
user_5b4b5220@gmail.com,TKT-007574,Damaged Item,5
user_93b339f3@gmail.com,TKT-007575,Late Delivery,4
user_465b5aba@gmail.com,TKT-007576,Damaged Item,3
user_4ed82d2c@gmail.com,TKT-007577,Damaged Item,4
user_1abb3933@gmail.com,TKT-007578,Late Delivery,3
user_d11a9530@gmail.com,TKT-007579,Damaged Item,4
user_67be3c14@gmail.com,TKT-007580,Late Delivery,5
user_438790b9@gmail.com,TKT-007581,Damaged Item,5
user_ec4cd7dd@gmail.com,TKT-007582,Damaged Item,3
user_4b0969f1@gmail.com,TKT-007583,Damaged Item,2
user_337c3661@gmail.com,TKT-007584,Late Delivery,4
user_fc9ec5e6@gmail.com,TKT-007585,Late Delivery,4
user_9294ad7d@gmail.com,TKT-007586,Late Delivery,3
user_b3e36a68@gmail.com,TKT-007587,Late Delivery,2
user_58703c81@gmail.com,TKT-007588,Damaged Item,5
user_b265d956@gmail.com,TKT-007589,Late Delivery,4
user_588e6801@gmail.com,TKT-007590,Damaged Item,5
user_e8af6532@gmail.com,TKT-007591,Late Delivery,4
user_8a3e2983@gmail.com,TKT-007592,Damaged Item,2
user_f6a3dd73@gmail.com,TKT-007593,Late Delivery,3
user_f9011ad4@gmail.com,TKT-007594,Damaged Item,1
user_8663d059@gmail.com,TKT-007595,Damaged Item,2
user_39c3f1da@gmail.com,TKT-007596,Damaged Item,4
user_a15e74c5@gmail.com,TKT-007597,Late Delivery,5
user_b5db5b64@gmail.com,TKT-007598,Damaged Item,2
user_d47c6a6d@gmail.com,TKT-007599,Damaged Item,1
user_5df96562@gmail.com,TKT-007600,Late Delivery,3
user_cbed4d50@gmail.com,TKT-007601,Damaged Item,2
user_568673ad@gmail.com,TKT-007602,Late Delivery,5
user_54a61767@gmail.com,TKT-007603,Late Delivery,2
user_75a1e841@gmail.com,TKT-007604,Damaged Item,2
user_0a1e3cbe@gmail.com,TKT-007605,Late Delivery,1
user_e9cae2a5@gmail.com,TKT-007606,Damaged Item,3
user_237dfb57@gmail.com,TKT-007607,Damaged Item,2
user_777681f9@gmail.com,TKT-007608,Damaged Item,5
user_92236d21@gmail.com,TKT-007609,Damaged Item,3
user_c1e46a3c@gmail.com,TKT-007610,Damaged Item,3
user_f5b5ccef@gmail.com,TKT-007611,Damaged Item,5
user_06951473@gmail.com,TKT-007612,Late Delivery,1
user_23f8c588@gmail.com,TKT-007613,Damaged Item,5
user_92ce8d58@gmail.com,TKT-007614,Late Delivery,1
user_ec993a13@gmail.com,TKT-007615,Late Delivery,3
user_522c6a57@gmail.com,TKT-007616,Late Delivery,1
user_3815f06e@gmail.com,TKT-007617,Late Delivery,5
user_27345197@gmail.com,TKT-007618,Damaged Item,5
user_5f349193@gmail.com,TKT-007619,Damaged Item,3
user_20abb106@gmail.com,TKT-007620,Damaged Item,3
user_0af06d73@gmail.com,TKT-007621,Damaged Item,4
user_f2ba66a2@gmail.com,TKT-007622,Damaged Item,2
user_e296eaba@gmail.com,TKT-007623,Late Delivery,1
user_e2361517@gmail.com,TKT-007624,Late Delivery,4
user_9e371d5a@gmail.com,TKT-007625,Damaged Item,2
user_aca152a8@gmail.com,TKT-007626,Late Delivery,3
user_e33e88f8@gmail.com,TKT-007627,Late Delivery,2
user_af8588ed@gmail.com,TKT-007628,Damaged Item,5
user_1669674e@gmail.com,TKT-007629,Late Delivery,4
user_cf83793d@gmail.com,TKT-007630,Damaged Item,2
user_48b511ca@gmail.com,TKT-007631,Damaged Item,4
user_86aae021@gmail.com,TKT-007632,Late Delivery,5
user_d79b4969@gmail.com,TKT-007633,Late Delivery,5
user_a479373f@gmail.com,TKT-007634,Late Delivery,5
user_65f0acd0@gmail.com,TKT-007635,Damaged Item,5
user_123e832e@gmail.com,TKT-007636,Late Delivery,1
user_554e48f3@gmail.com,TKT-007637,Late Delivery,3
user_923db900@gmail.com,TKT-007638,Damaged Item,5
user_7cf613c0@gmail.com,TKT-007639,Late Delivery,4
user_600018d7@gmail.com,TKT-007640,Damaged Item,3
user_5ac476df@gmail.com,TKT-007641,Damaged Item,3
user_dcab6749@gmail.com,TKT-007642,Late Delivery,1
user_06c20fa6@gmail.com,TKT-007643,Damaged Item,5
user_c740e4e1@gmail.com,TKT-007644,Damaged Item,5
user_c69ef885@gmail.com,TKT-007645,Damaged Item,1
user_8d7e10e1@gmail.com,TKT-007646,Late Delivery,1
user_31e4839e@gmail.com,TKT-007647,Late Delivery,4
user_7dd44399@gmail.com,TKT-007648,Damaged Item,5
user_b868216c@gmail.com,TKT-007649,Late Delivery,3
user_ff36be26@gmail.com,TKT-007650,Damaged Item,1
user_abf27353@gmail.com,TKT-007651,Late Delivery,2
user_413a6b89@gmail.com,TKT-007652,Damaged Item,3
user_e3a07a2f@gmail.com,TKT-007653,Damaged Item,5
user_8dc5c6a0@gmail.com,TKT-007654,Damaged Item,1
user_350e3849@gmail.com,TKT-007655,Late Delivery,1
user_c2692a72@gmail.com,TKT-007656,Late Delivery,5
user_613cde4b@gmail.com,TKT-007657,Damaged Item,5
user_231bc8f5@gmail.com,TKT-007658,Damaged Item,1
user_df87b0cb@gmail.com,TKT-007659,Late Delivery,2
user_185a2dfa@gmail.com,TKT-007660,Damaged Item,5
user_fc86194d@gmail.com,TKT-007661,Late Delivery,4
user_8fcf6361@gmail.com,TKT-007662,Damaged Item,2
user_28944c01@gmail.com,TKT-007663,Damaged Item,2
user_dc040d42@gmail.com,TKT-007664,Late Delivery,3
user_3c4eba03@gmail.com,TKT-007665,Late Delivery,4
user_37e1a83b@gmail.com,TKT-007666,Damaged Item,4
user_01897456@gmail.com,TKT-007667,Damaged Item,4
user_aa182eba@gmail.com,TKT-007668,Late Delivery,3
user_8570811b@gmail.com,TKT-007669,Late Delivery,1
user_fe8642c4@gmail.com,TKT-007670,Damaged Item,1
user_a9c1cbcf@gmail.com,TKT-007671,Damaged Item,3
user_b958e3d4@gmail.com,TKT-007672,Late Delivery,5
user_a390435a@gmail.com,TKT-007673,Damaged Item,3
user_e7aa3fbe@gmail.com,TKT-007674,Damaged Item,2
user_3f51ff99@gmail.com,TKT-007675,Damaged Item,5
user_b61de7fc@gmail.com,TKT-007676,Damaged Item,5
user_54038fda@gmail.com,TKT-007677,Late Delivery,2
user_f8a9e13b@gmail.com,TKT-007678,Damaged Item,3
user_f460746e@gmail.com,TKT-007679,Damaged Item,5
user_197e7a98@gmail.com,TKT-007680,Damaged Item,4
user_e5eb9dba@gmail.com,TKT-007681,Late Delivery,3
user_1c7ae978@gmail.com,TKT-007682,Late Delivery,3
user_7d571c4d@gmail.com,TKT-007683,Late Delivery,3
user_0af3c235@gmail.com,TKT-007684,Late Delivery,4
user_682c852f@gmail.com,TKT-007685,Damaged Item,1
user_5bf60146@gmail.com,TKT-007686,Late Delivery,5
user_f5c91ffa@gmail.com,TKT-007687,Late Delivery,4
user_a86e7932@gmail.com,TKT-007688,Late Delivery,5
user_f73eb4f6@gmail.com,TKT-007689,Late Delivery,1
user_95ca7408@gmail.com,TKT-007690,Damaged Item,4
user_02fbe4db@gmail.com,TKT-007691,Damaged Item,4
user_16b3aa03@gmail.com,TKT-007692,Damaged Item,1
user_beddbb1f@gmail.com,TKT-007693,Damaged Item,5
user_1c5aefec@gmail.com,TKT-007694,Late Delivery,2
user_2c359c1f@gmail.com,TKT-007695,Damaged Item,1
user_ed7cabe3@gmail.com,TKT-007696,Late Delivery,5
user_b197b3f5@gmail.com,TKT-007697,Late Delivery,2
user_c9896321@gmail.com,TKT-007698,Damaged Item,2
user_a580c65c@gmail.com,TKT-007699,Damaged Item,3
user_d09b44db@gmail.com,TKT-007700,Late Delivery,2
user_424307ee@gmail.com,TKT-007701,Late Delivery,2
user_34745b94@gmail.com,TKT-007702,Late Delivery,1
user_c8a8ad6b@gmail.com,TKT-007703,Late Delivery,3
user_7c5dfaa8@gmail.com,TKT-007704,Damaged Item,2
user_573c74af@gmail.com,TKT-007705,Late Delivery,3
user_47046e89@gmail.com,TKT-007706,Damaged Item,1
user_7d038363@gmail.com,TKT-007707,Late Delivery,5
user_f4a159a2@gmail.com,TKT-007708,Damaged Item,1
user_8cecf15f@gmail.com,TKT-007709,Late Delivery,5
user_87d947c9@gmail.com,TKT-007710,Damaged Item,1
user_a30ba8df@gmail.com,TKT-007711,Damaged Item,4
user_ec366396@gmail.com,TKT-007712,Late Delivery,3
user_223bc244@gmail.com,TKT-007713,Damaged Item,5
user_e3f84ad8@gmail.com,TKT-007714,Late Delivery,2
user_11beae31@gmail.com,TKT-007715,Damaged Item,1
user_e3f22c98@gmail.com,TKT-007716,Damaged Item,5
user_26c6ce4f@gmail.com,TKT-007717,Late Delivery,3
user_b2db866e@gmail.com,TKT-007718,Damaged Item,1
user_1a4b3261@gmail.com,TKT-007719,Damaged Item,2
user_0ca475c0@gmail.com,TKT-007720,Late Delivery,4
user_0dd75a89@gmail.com,TKT-007721,Late Delivery,2
user_e5c6d5e9@gmail.com,TKT-007722,Damaged Item,4
user_6d884f62@gmail.com,TKT-007723,Damaged Item,5
user_27f11250@gmail.com,TKT-007724,Damaged Item,2
user_33d786be@gmail.com,TKT-007725,Late Delivery,4
user_ba512a9d@gmail.com,TKT-007726,Damaged Item,3
user_4d40da5a@gmail.com,TKT-007727,Damaged Item,1
user_51855c3f@gmail.com,TKT-007728,Damaged Item,2
user_ae076dc3@gmail.com,TKT-007729,Late Delivery,3
user_3129dce5@gmail.com,TKT-007730,Damaged Item,2
user_22bc1f4a@gmail.com,TKT-007731,Damaged Item,5
user_e8c90a5e@gmail.com,TKT-007732,Late Delivery,4
user_54da3618@gmail.com,TKT-007733,Damaged Item,1
user_b5776ffa@gmail.com,TKT-007734,Damaged Item,4
user_96c6a3ce@gmail.com,TKT-007735,Late Delivery,3
user_cd8e98dd@gmail.com,TKT-007736,Damaged Item,5
user_41ba978e@gmail.com,TKT-007737,Late Delivery,5
user_d6b45d2f@gmail.com,TKT-007738,Late Delivery,5
user_d1516068@gmail.com,TKT-007739,Damaged Item,5
user_bd7287fd@gmail.com,TKT-007740,Damaged Item,4
user_b8d1e010@gmail.com,TKT-007741,Late Delivery,1
user_b4bb16d7@gmail.com,TKT-007742,Late Delivery,3
user_ca7afd2f@gmail.com,TKT-007743,Late Delivery,4
user_30120e13@gmail.com,TKT-007744,Damaged Item,5
user_513a4ee4@gmail.com,TKT-007745,Damaged Item,5
user_15c9f1f3@gmail.com,TKT-007746,Damaged Item,5
user_5db83eff@gmail.com,TKT-007747,Late Delivery,2
user_2119a279@gmail.com,TKT-007748,Damaged Item,1
user_eb4520b1@gmail.com,TKT-007749,Damaged Item,1
user_fbf1b27f@gmail.com,TKT-007750,Late Delivery,1
user_5c7e7268@gmail.com,TKT-007751,Damaged Item,1
user_4706af85@gmail.com,TKT-007752,Damaged Item,5
user_08dcc0dc@gmail.com,TKT-007753,Damaged Item,3
user_b55259dd@gmail.com,TKT-007754,Late Delivery,5
user_0af6f99c@gmail.com,TKT-007755,Late Delivery,4
user_1408e48c@gmail.com,TKT-007756,Late Delivery,2
user_7ace8d1b@gmail.com,TKT-007757,Late Delivery,5
user_f8c6e78a@gmail.com,TKT-007758,Late Delivery,5
user_7c53991e@gmail.com,TKT-007759,Late Delivery,5
user_ac1db35a@gmail.com,TKT-007760,Damaged Item,3
user_dda24f65@gmail.com,TKT-007761,Late Delivery,2
user_38debf1c@gmail.com,TKT-007762,Late Delivery,4
user_2e1f94c4@gmail.com,TKT-007763,Late Delivery,3
user_69877df4@gmail.com,TKT-007764,Late Delivery,1
user_e72afc8c@gmail.com,TKT-007765,Late Delivery,1
user_93dc2a2e@gmail.com,TKT-007766,Damaged Item,2
user_8add6b79@gmail.com,TKT-007767,Late Delivery,5
user_cbe5ebff@gmail.com,TKT-007768,Late Delivery,2
user_3309bbc8@gmail.com,TKT-007769,Damaged Item,1
user_d197c5a5@gmail.com,TKT-007770,Late Delivery,5
user_dab089fa@gmail.com,TKT-007771,Late Delivery,2
user_5e0ab408@gmail.com,TKT-007772,Damaged Item,2
user_ee5404be@gmail.com,TKT-007773,Damaged Item,5
user_14b68d0b@gmail.com,TKT-007774,Damaged Item,4
user_f5101c2f@gmail.com,TKT-007775,Late Delivery,2
user_9ac7b059@gmail.com,TKT-007776,Late Delivery,5
user_f5975a81@gmail.com,TKT-007777,Damaged Item,4
user_a8bdae25@gmail.com,TKT-007778,Late Delivery,3
user_4d708044@gmail.com,TKT-007779,Late Delivery,5
user_522d1f87@gmail.com,TKT-007780,Late Delivery,1
user_b5910f24@gmail.com,TKT-007781,Damaged Item,5
user_5c9f8eb1@gmail.com,TKT-007782,Damaged Item,4
user_0b6a5f56@gmail.com,TKT-007783,Damaged Item,3
user_141a4ead@gmail.com,TKT-007784,Late Delivery,3
user_559a8ee3@gmail.com,TKT-007785,Damaged Item,3
user_3a9c2c94@gmail.com,TKT-007786,Damaged Item,1
user_85fabe9e@gmail.com,TKT-007787,Late Delivery,1
user_26af64ad@gmail.com,TKT-007788,Late Delivery,3
user_d000e5a1@gmail.com,TKT-007789,Damaged Item,5
user_4de04a0b@gmail.com,TKT-007790,Late Delivery,3
user_c37566af@gmail.com,TKT-007791,Late Delivery,3
user_4465b2c2@gmail.com,TKT-007792,Late Delivery,2
user_a06cdd84@gmail.com,TKT-007793,Late Delivery,1
user_ae489dd4@gmail.com,TKT-007794,Damaged Item,4
user_e1aa8dee@gmail.com,TKT-007795,Late Delivery,1
user_4468d539@gmail.com,TKT-007796,Damaged Item,3
user_2204194c@gmail.com,TKT-007797,Late Delivery,3
user_3a3e10ae@gmail.com,TKT-007798,Damaged Item,5
user_46d16562@gmail.com,TKT-007799,Late Delivery,5
user_a130e5a3@gmail.com,TKT-007800,Late Delivery,1
user_cd15a11e@gmail.com,TKT-007801,Late Delivery,4
user_191b7046@gmail.com,TKT-007802,Damaged Item,1
user_bad6ccf4@gmail.com,TKT-007803,Damaged Item,2
user_09da3efe@gmail.com,TKT-007804,Damaged Item,3
user_326405d8@gmail.com,TKT-007805,Late Delivery,4
user_b2fda5c6@gmail.com,TKT-007806,Late Delivery,2
user_55a03f06@gmail.com,TKT-007807,Late Delivery,2
user_df9a5cf4@gmail.com,TKT-007808,Damaged Item,5
user_bec96391@gmail.com,TKT-007809,Late Delivery,3
user_8d6f2e86@gmail.com,TKT-007810,Late Delivery,4
user_fd9d893d@gmail.com,TKT-007811,Damaged Item,4
user_c358352a@gmail.com,TKT-007812,Late Delivery,5
user_f54f8223@gmail.com,TKT-007813,Damaged Item,4
user_f49c983a@gmail.com,TKT-007814,Late Delivery,4
user_c31eafe4@gmail.com,TKT-007815,Late Delivery,2
user_f6c872fc@gmail.com,TKT-007816,Damaged Item,1
user_6a3d2e4a@gmail.com,TKT-007817,Late Delivery,3
user_661d61e3@gmail.com,TKT-007818,Damaged Item,4
user_e6b2ebeb@gmail.com,TKT-007819,Damaged Item,4
user_552c8553@gmail.com,TKT-007820,Late Delivery,3
user_cd63fb1b@gmail.com,TKT-007821,Late Delivery,4
user_91dc92aa@gmail.com,TKT-007822,Late Delivery,1
user_e1463dca@gmail.com,TKT-007823,Late Delivery,5
user_6e6370df@gmail.com,TKT-007824,Late Delivery,2
user_7a59a36c@gmail.com,TKT-007825,Late Delivery,2
user_43aaa510@gmail.com,TKT-007826,Late Delivery,4
user_c8b1788d@gmail.com,TKT-007827,Damaged Item,5
user_6a7bb05f@gmail.com,TKT-007828,Damaged Item,3
user_f79c1eba@gmail.com,TKT-007829,Late Delivery,2
user_256c50d7@gmail.com,TKT-007830,Damaged Item,1
user_7afc250f@gmail.com,TKT-007831,Damaged Item,1
user_ea6a94cd@gmail.com,TKT-007832,Late Delivery,2
user_ce28a3a5@gmail.com,TKT-007833,Late Delivery,1
user_fcd67b63@gmail.com,TKT-007834,Late Delivery,4
user_c4552c64@gmail.com,TKT-007835,Damaged Item,1
user_8524ee11@gmail.com,TKT-007836,Late Delivery,1
user_565482c4@gmail.com,TKT-007837,Late Delivery,4
user_577c5a14@gmail.com,TKT-007838,Damaged Item,1
user_7c3a2789@gmail.com,TKT-007839,Late Delivery,1
user_92970e5a@gmail.com,TKT-007840,Late Delivery,5
user_f43b2415@gmail.com,TKT-007841,Damaged Item,1
user_9d0ace37@gmail.com,TKT-007842,Damaged Item,2
user_5ceff784@gmail.com,TKT-007843,Late Delivery,2
user_e4aa30e6@gmail.com,TKT-007844,Damaged Item,3
user_fb7832ae@gmail.com,TKT-007845,Damaged Item,3
user_883b752c@gmail.com,TKT-007846,Late Delivery,1
user_4a433c62@gmail.com,TKT-007847,Late Delivery,5
user_19913c41@gmail.com,TKT-007848,Damaged Item,4
user_772aa7da@gmail.com,TKT-007849,Late Delivery,1
user_c8e1cd9c@gmail.com,TKT-007850,Late Delivery,1
user_891bc63d@gmail.com,TKT-007851,Damaged Item,2
user_f31f4677@gmail.com,TKT-007852,Damaged Item,5
user_6ae6f0cf@gmail.com,TKT-007853,Damaged Item,5
user_e6ab43f1@gmail.com,TKT-007854,Late Delivery,2
user_fa5a0ca5@gmail.com,TKT-007855,Damaged Item,5
user_b1a1d5fd@gmail.com,TKT-007856,Late Delivery,4
user_ff18e380@gmail.com,TKT-007857,Late Delivery,3
user_1c1b513d@gmail.com,TKT-007858,Damaged Item,4
user_1c1af889@gmail.com,TKT-007859,Damaged Item,4
user_fa9303ec@gmail.com,TKT-007860,Damaged Item,5
user_cd255d3c@gmail.com,TKT-007861,Late Delivery,2
user_5d298672@gmail.com,TKT-007862,Damaged Item,5
user_135588ce@gmail.com,TKT-007863,Late Delivery,4
user_fa63d8f8@gmail.com,TKT-007864,Damaged Item,3
user_0e6381a2@gmail.com,TKT-007865,Late Delivery,5
user_529bf74e@gmail.com,TKT-007866,Damaged Item,1
user_b82efac2@gmail.com,TKT-007867,Late Delivery,3
user_ddaa84d9@gmail.com,TKT-007868,Damaged Item,5
user_4656bcd3@gmail.com,TKT-007869,Late Delivery,2
user_2ec0c3eb@gmail.com,TKT-007870,Damaged Item,3
user_df4a473f@gmail.com,TKT-007871,Damaged Item,2
user_d4a3c35b@gmail.com,TKT-007872,Late Delivery,2
user_9f45575a@gmail.com,TKT-007873,Late Delivery,4
user_7a5faa41@gmail.com,TKT-007874,Damaged Item,5
user_5b61931b@gmail.com,TKT-007875,Late Delivery,2
user_7f2da8c2@gmail.com,TKT-007876,Damaged Item,3
user_cd5f31db@gmail.com,TKT-007877,Damaged Item,2
user_e5c973ac@gmail.com,TKT-007878,Late Delivery,1
user_b5d1c2be@gmail.com,TKT-007879,Late Delivery,4
user_e3c85862@gmail.com,TKT-007880,Late Delivery,3
user_8ad100bc@gmail.com,TKT-007881,Late Delivery,3
user_e10c33b6@gmail.com,TKT-007882,Damaged Item,1
user_eb2c3eb3@gmail.com,TKT-007883,Damaged Item,2
user_de230e43@gmail.com,TKT-007884,Damaged Item,4
user_7b0ed181@gmail.com,TKT-007885,Damaged Item,1
user_1606270b@gmail.com,TKT-007886,Late Delivery,1
user_7edbc949@gmail.com,TKT-007887,Late Delivery,3
user_38c21a59@gmail.com,TKT-007888,Late Delivery,5
user_14a43f7b@gmail.com,TKT-007889,Damaged Item,4
user_8164c901@gmail.com,TKT-007890,Late Delivery,3
user_c8deb82e@gmail.com,TKT-007891,Damaged Item,2
user_7494c4f4@gmail.com,TKT-007892,Late Delivery,4
user_44098c46@gmail.com,TKT-007893,Damaged Item,2
user_bad142d6@gmail.com,TKT-007894,Damaged Item,4
user_03a7a36e@gmail.com,TKT-007895,Damaged Item,4
user_f9e6cc68@gmail.com,TKT-007896,Damaged Item,3
user_e3d83874@gmail.com,TKT-007897,Late Delivery,1
user_0d322d78@gmail.com,TKT-007898,Late Delivery,5
user_8f64a4dc@gmail.com,TKT-007899,Late Delivery,3
user_cfe31dd0@gmail.com,TKT-007900,Damaged Item,1
user_4d5f2027@gmail.com,TKT-007901,Late Delivery,4
user_b9bbb72c@gmail.com,TKT-007902,Damaged Item,3
user_817b80c7@gmail.com,TKT-007903,Late Delivery,4
user_98a9b171@gmail.com,TKT-007904,Late Delivery,5
user_9ed6c828@gmail.com,TKT-007905,Late Delivery,2
user_a98eca1e@gmail.com,TKT-007906,Late Delivery,2
user_8c339a37@gmail.com,TKT-007907,Damaged Item,2
user_b6fe9a0f@gmail.com,TKT-007908,Late Delivery,2
user_0cf46588@gmail.com,TKT-007909,Late Delivery,4
user_ad364a72@gmail.com,TKT-007910,Late Delivery,1
user_b4732f7f@gmail.com,TKT-007911,Late Delivery,5
user_d3202f53@gmail.com,TKT-007912,Late Delivery,2
user_03ef5112@gmail.com,TKT-007913,Late Delivery,1
user_995fe942@gmail.com,TKT-007914,Late Delivery,3
user_3c1b119e@gmail.com,TKT-007915,Damaged Item,4
user_4d3cd988@gmail.com,TKT-007916,Damaged Item,4
user_6b80cc7d@gmail.com,TKT-007917,Damaged Item,3
user_36f8e4ca@gmail.com,TKT-007918,Damaged Item,4
user_3c3b0bfa@gmail.com,TKT-007919,Late Delivery,1
user_f2cdfb76@gmail.com,TKT-007920,Late Delivery,4
user_6a39c9d6@gmail.com,TKT-007921,Late Delivery,1
user_a27aeb2d@gmail.com,TKT-007922,Damaged Item,3
user_60d08ee7@gmail.com,TKT-007923,Damaged Item,1
user_59aaf8a2@gmail.com,TKT-007924,Late Delivery,5
user_01593b82@gmail.com,TKT-007925,Late Delivery,1
user_f6d64b26@gmail.com,TKT-007926,Late Delivery,1
user_8d386257@gmail.com,TKT-007927,Damaged Item,5
user_8de6e7fe@gmail.com,TKT-007928,Late Delivery,1
user_8b50ee8c@gmail.com,TKT-007929,Late Delivery,3
user_eaf8b1aa@gmail.com,TKT-007930,Damaged Item,4
user_d73c3cf4@gmail.com,TKT-007931,Late Delivery,1
user_a8857a33@gmail.com,TKT-007932,Late Delivery,2
user_c94e2045@gmail.com,TKT-007933,Late Delivery,3
user_ccd14205@gmail.com,TKT-007934,Late Delivery,5
user_46c0a00d@gmail.com,TKT-007935,Damaged Item,3
user_b628a562@gmail.com,TKT-007936,Damaged Item,3
user_86b51c95@gmail.com,TKT-007937,Damaged Item,5
user_ba5b2d72@gmail.com,TKT-007938,Damaged Item,2
user_9649d4d5@gmail.com,TKT-007939,Late Delivery,5
user_2baa23a5@gmail.com,TKT-007940,Late Delivery,2
user_bfe08c22@gmail.com,TKT-007941,Damaged Item,3
user_81e63b98@gmail.com,TKT-007942,Late Delivery,4
user_854519a2@gmail.com,TKT-007943,Late Delivery,1
user_dafd3545@gmail.com,TKT-007944,Late Delivery,5
user_d504041b@gmail.com,TKT-007945,Damaged Item,3
user_f41e7c7b@gmail.com,TKT-007946,Damaged Item,2
user_7af7ebbe@gmail.com,TKT-007947,Late Delivery,3
user_ab0b3620@gmail.com,TKT-007948,Late Delivery,4
user_5d5605b6@gmail.com,TKT-007949,Late Delivery,5
user_188b92d1@gmail.com,TKT-007950,Damaged Item,4
user_dff5ff8f@gmail.com,TKT-007951,Damaged Item,4
user_2f155c1f@gmail.com,TKT-007952,Damaged Item,2
user_2e15add7@gmail.com,TKT-007953,Late Delivery,3
user_cb63cb03@gmail.com,TKT-007954,Late Delivery,5
user_2938f83a@gmail.com,TKT-007955,Late Delivery,1
user_6bdfe930@gmail.com,TKT-007956,Late Delivery,1
user_ba418dc2@gmail.com,TKT-007957,Late Delivery,5
user_b81dbf5a@gmail.com,TKT-007958,Late Delivery,4
user_91b84cfa@gmail.com,TKT-007959,Late Delivery,2
user_f72c62e3@gmail.com,TKT-007960,Late Delivery,5
user_525e9dbf@gmail.com,TKT-007961,Damaged Item,1
user_ab8a9a2a@gmail.com,TKT-007962,Damaged Item,5
user_68d5ca30@gmail.com,TKT-007963,Late Delivery,5
user_6185320e@gmail.com,TKT-007964,Damaged Item,2
user_41d57ab8@gmail.com,TKT-007965,Damaged Item,3
user_411b09ff@gmail.com,TKT-007966,Late Delivery,4
user_8562cb7b@gmail.com,TKT-007967,Damaged Item,1
user_7f0d5c5f@gmail.com,TKT-007968,Damaged Item,5
user_ca3f34ae@gmail.com,TKT-007969,Late Delivery,3
user_ab924939@gmail.com,TKT-007970,Late Delivery,5
user_60342c33@gmail.com,TKT-007971,Late Delivery,1
user_a8d062cd@gmail.com,TKT-007972,Damaged Item,2
user_c8e6e6ca@gmail.com,TKT-007973,Late Delivery,4
user_27bbdb1c@gmail.com,TKT-007974,Damaged Item,5
user_a3057829@gmail.com,TKT-007975,Damaged Item,3
user_37536986@gmail.com,TKT-007976,Late Delivery,5
user_86badf62@gmail.com,TKT-007977,Damaged Item,4
user_ddeb92c9@gmail.com,TKT-007978,Late Delivery,4
user_ad422bb9@gmail.com,TKT-007979,Damaged Item,1
user_44016db6@gmail.com,TKT-007980,Late Delivery,4
user_dd3db93b@gmail.com,TKT-007981,Damaged Item,1
user_48e450ed@gmail.com,TKT-007982,Damaged Item,3
user_b80112b1@gmail.com,TKT-007983,Late Delivery,5
user_9726a24d@gmail.com,TKT-007984,Damaged Item,5
user_27a79a1c@gmail.com,TKT-007985,Late Delivery,4
user_f36dfdc3@gmail.com,TKT-007986,Damaged Item,3
user_c79719fb@gmail.com,TKT-007987,Damaged Item,1
user_5c950be0@gmail.com,TKT-007988,Late Delivery,3
user_85f9a390@gmail.com,TKT-007989,Late Delivery,5
user_1db4fcda@gmail.com,TKT-007990,Damaged Item,3
user_83e62ab4@gmail.com,TKT-007991,Damaged Item,1
user_f3ec7fe1@gmail.com,TKT-007992,Late Delivery,5
user_064acbd9@gmail.com,TKT-007993,Late Delivery,2
user_ccab947e@gmail.com,TKT-007994,Damaged Item,5
user_9b97ef81@gmail.com,TKT-007995,Damaged Item,5
user_96da946e@gmail.com,TKT-007996,Damaged Item,5
user_d1d7e6b7@gmail.com,TKT-007997,Late Delivery,1
user_fb457a4b@gmail.com,TKT-007998,Damaged Item,1
user_a1ea218e@gmail.com,TKT-007999,Late Delivery,5
user_18d041e7@gmail.com,TKT-008000,Late Delivery,3
user_08d7c48c@gmail.com,TKT-008001,Late Delivery,2
user_65fc5068@gmail.com,TKT-008002,Damaged Item,1
user_981a779d@gmail.com,TKT-008003,Late Delivery,2
user_b9dbc8b2@gmail.com,TKT-008004,Damaged Item,2
user_73fd87bc@gmail.com,TKT-008005,Damaged Item,5
user_a42ab281@gmail.com,TKT-008006,Late Delivery,2
user_b2e804e7@gmail.com,TKT-008007,Damaged Item,1
user_3bec6798@gmail.com,TKT-008008,Damaged Item,3
user_0634b536@gmail.com,TKT-008009,Late Delivery,4
user_db305eea@gmail.com,TKT-008010,Damaged Item,1
user_db9fa487@gmail.com,TKT-008011,Damaged Item,5
user_a3b51213@gmail.com,TKT-008012,Late Delivery,4
user_8995437e@gmail.com,TKT-008013,Damaged Item,1
user_cd410179@gmail.com,TKT-008014,Late Delivery,4
user_87ded80c@gmail.com,TKT-008015,Damaged Item,4
user_428039d3@gmail.com,TKT-008016,Damaged Item,5
user_54a3400d@gmail.com,TKT-008017,Late Delivery,2
user_cdf5f1a1@gmail.com,TKT-008018,Damaged Item,4
user_9be2ea91@gmail.com,TKT-008019,Damaged Item,5
user_58f4bc15@gmail.com,TKT-008020,Damaged Item,1
user_ff49569c@gmail.com,TKT-008021,Late Delivery,1
user_f85e0629@gmail.com,TKT-008022,Damaged Item,1
user_af0ad37e@gmail.com,TKT-008023,Damaged Item,5
user_12d66046@gmail.com,TKT-008024,Late Delivery,5
user_d1139712@gmail.com,TKT-008025,Late Delivery,3
user_4f24d302@gmail.com,TKT-008026,Damaged Item,3
user_4644f1b1@gmail.com,TKT-008027,Late Delivery,1
user_c51a1ea9@gmail.com,TKT-008028,Damaged Item,1
user_4b26e5e3@gmail.com,TKT-008029,Late Delivery,4
user_f5b3798a@gmail.com,TKT-008030,Late Delivery,1
user_53a060ac@gmail.com,TKT-008031,Late Delivery,4
user_4ce627d5@gmail.com,TKT-008032,Late Delivery,5
user_9ba58531@gmail.com,TKT-008033,Late Delivery,4
user_bf8c4089@gmail.com,TKT-008034,Damaged Item,1
user_d2caf472@gmail.com,TKT-008035,Damaged Item,3
user_7d084c70@gmail.com,TKT-008036,Damaged Item,1
user_ba4f22f7@gmail.com,TKT-008037,Damaged Item,5
user_d1632ad6@gmail.com,TKT-008038,Late Delivery,5
user_db7ecd38@gmail.com,TKT-008039,Late Delivery,3
user_49223558@gmail.com,TKT-008040,Damaged Item,4
user_2e7c9e1f@gmail.com,TKT-008041,Damaged Item,4
user_e20b87f0@gmail.com,TKT-008042,Damaged Item,2
user_ae8ba972@gmail.com,TKT-008043,Late Delivery,2
user_65907b61@gmail.com,TKT-008044,Damaged Item,5
user_31f5b8dc@gmail.com,TKT-008045,Damaged Item,2
user_acbfaf28@gmail.com,TKT-008046,Late Delivery,5
user_b2e2fadc@gmail.com,TKT-008047,Damaged Item,1
user_3d33fa7b@gmail.com,TKT-008048,Damaged Item,5
user_5b95dc41@gmail.com,TKT-008049,Late Delivery,2
user_fb76fb54@gmail.com,TKT-008050,Late Delivery,3
user_e088a4de@gmail.com,TKT-008051,Damaged Item,3
user_d6af3a34@gmail.com,TKT-008052,Damaged Item,2
user_84647395@gmail.com,TKT-008053,Late Delivery,3
user_f9ee5e60@gmail.com,TKT-008054,Late Delivery,4
user_fb8a66c9@gmail.com,TKT-008055,Late Delivery,1
user_f8e965c3@gmail.com,TKT-008056,Damaged Item,2
user_413b6ee6@gmail.com,TKT-008057,Damaged Item,3
user_27a41f17@gmail.com,TKT-008058,Late Delivery,5
user_b4118908@gmail.com,TKT-008059,Damaged Item,5
user_401f04c5@gmail.com,TKT-008060,Late Delivery,5
user_c6e03a8f@gmail.com,TKT-008061,Damaged Item,5
user_0b11c9f6@gmail.com,TKT-008062,Late Delivery,4
user_11000823@gmail.com,TKT-008063,Damaged Item,5
user_52ce367c@gmail.com,TKT-008064,Late Delivery,3
user_ff282fc5@gmail.com,TKT-008065,Late Delivery,1
user_1864b0e8@gmail.com,TKT-008066,Damaged Item,5
user_926acce2@gmail.com,TKT-008067,Damaged Item,3
user_f8a516cf@gmail.com,TKT-008068,Late Delivery,4
user_ee515c21@gmail.com,TKT-008069,Late Delivery,1
user_0a13bd4a@gmail.com,TKT-008070,Damaged Item,4
user_20692496@gmail.com,TKT-008071,Damaged Item,3
user_595b7498@gmail.com,TKT-008072,Damaged Item,5
user_b9c40cf5@gmail.com,TKT-008073,Damaged Item,4
user_789d750b@gmail.com,TKT-008074,Damaged Item,3
user_c6133cd9@gmail.com,TKT-008075,Late Delivery,4
user_33d9976f@gmail.com,TKT-008076,Damaged Item,3
user_8d8abfd0@gmail.com,TKT-008077,Damaged Item,2
user_e62b03b8@gmail.com,TKT-008078,Late Delivery,2
user_531f8d2a@gmail.com,TKT-008079,Damaged Item,1
user_b8f20ea4@gmail.com,TKT-008080,Damaged Item,2
user_b65381b2@gmail.com,TKT-008081,Late Delivery,3
user_864a14bb@gmail.com,TKT-008082,Late Delivery,4
user_d01ba529@gmail.com,TKT-008083,Damaged Item,2
user_f28904ca@gmail.com,TKT-008084,Damaged Item,3
user_8e5874f6@gmail.com,TKT-008085,Late Delivery,4
user_4e299468@gmail.com,TKT-008086,Damaged Item,3
user_2d9f3f77@gmail.com,TKT-008087,Late Delivery,5
user_ddbead72@gmail.com,TKT-008088,Late Delivery,5
user_6b3b9211@gmail.com,TKT-008089,Late Delivery,2
user_84c48a18@gmail.com,TKT-008090,Late Delivery,5
user_55ee9b9b@gmail.com,TKT-008091,Damaged Item,4
user_497ba362@gmail.com,TKT-008092,Late Delivery,3
user_fe22f094@gmail.com,TKT-008093,Late Delivery,2
user_5502ab87@gmail.com,TKT-008094,Late Delivery,2
user_529e8994@gmail.com,TKT-008095,Damaged Item,2
user_eeb40a1c@gmail.com,TKT-008096,Late Delivery,2
user_6bd59f86@gmail.com,TKT-008097,Late Delivery,2
user_872104e5@gmail.com,TKT-008098,Damaged Item,3
user_d57b4e10@gmail.com,TKT-008099,Late Delivery,2
user_3361b983@gmail.com,TKT-008100,Late Delivery,3
user_80c5b9b8@gmail.com,TKT-008101,Damaged Item,4
user_3832efdd@gmail.com,TKT-008102,Late Delivery,4
user_3b2ae381@gmail.com,TKT-008103,Damaged Item,5
user_002feefe@gmail.com,TKT-008104,Damaged Item,1
user_571541de@gmail.com,TKT-008105,Damaged Item,5
user_5bb42b14@gmail.com,TKT-008106,Late Delivery,1
user_5d32324b@gmail.com,TKT-008107,Damaged Item,4
user_ba87a863@gmail.com,TKT-008108,Late Delivery,1
user_2c83a7ad@gmail.com,TKT-008109,Damaged Item,2
user_8f9c0dc5@gmail.com,TKT-008110,Damaged Item,2
user_5313d6ca@gmail.com,TKT-008111,Damaged Item,3
user_32dc2dbc@gmail.com,TKT-008112,Late Delivery,4
user_e371d10f@gmail.com,TKT-008113,Late Delivery,2
user_d8dd2cd7@gmail.com,TKT-008114,Damaged Item,3
user_2279fde4@gmail.com,TKT-008115,Damaged Item,2
user_4f47dce7@gmail.com,TKT-008116,Damaged Item,5
user_1b6d8925@gmail.com,TKT-008117,Damaged Item,4
user_dcdfef6e@gmail.com,TKT-008118,Late Delivery,4
user_ea8c650b@gmail.com,TKT-008119,Damaged Item,2
user_ec2ddda7@gmail.com,TKT-008120,Damaged Item,4
user_88535ce9@gmail.com,TKT-008121,Late Delivery,5
user_b8072b42@gmail.com,TKT-008122,Late Delivery,1
user_bf991384@gmail.com,TKT-008123,Late Delivery,5
user_d66bcdc1@gmail.com,TKT-008124,Damaged Item,4
user_544d68d2@gmail.com,TKT-008125,Damaged Item,5
user_365984da@gmail.com,TKT-008126,Late Delivery,2
user_4c2ea7d5@gmail.com,TKT-008127,Damaged Item,4
user_c50c256e@gmail.com,TKT-008128,Damaged Item,2
user_515dae46@gmail.com,TKT-008129,Damaged Item,2
user_920cafb7@gmail.com,TKT-008130,Late Delivery,3
user_979c2ceb@gmail.com,TKT-008131,Damaged Item,4
user_a854d453@gmail.com,TKT-008132,Damaged Item,2
user_994aad8d@gmail.com,TKT-008133,Damaged Item,3
user_e9dc392c@gmail.com,TKT-008134,Damaged Item,3
user_89f9d834@gmail.com,TKT-008135,Damaged Item,3
user_01252001@gmail.com,TKT-008136,Late Delivery,1
user_3ac3dd3c@gmail.com,TKT-008137,Late Delivery,1
user_fa8a3230@gmail.com,TKT-008138,Damaged Item,4
user_1c31e9e0@gmail.com,TKT-008139,Late Delivery,3
user_20fd95a8@gmail.com,TKT-008140,Late Delivery,3
user_8d571f38@gmail.com,TKT-008141,Late Delivery,3
user_82ce7c60@gmail.com,TKT-008142,Damaged Item,1
user_62aed189@gmail.com,TKT-008143,Damaged Item,4
user_3e00bcc9@gmail.com,TKT-008144,Damaged Item,1
user_1a674d0b@gmail.com,TKT-008145,Late Delivery,4
user_5f37e3a4@gmail.com,TKT-008146,Damaged Item,5
user_5ad755f2@gmail.com,TKT-008147,Damaged Item,1
user_80d5bfd3@gmail.com,TKT-008148,Late Delivery,2
user_e7cdc794@gmail.com,TKT-008149,Late Delivery,4
user_29af6248@gmail.com,TKT-008150,Late Delivery,5
user_f08bb7f0@gmail.com,TKT-008151,Damaged Item,4
user_b0b7f2d1@gmail.com,TKT-008152,Late Delivery,1
user_5ffc432d@gmail.com,TKT-008153,Late Delivery,4
user_bdc1daf3@gmail.com,TKT-008154,Late Delivery,5
user_46b3daf1@gmail.com,TKT-008155,Damaged Item,1
user_bc93d09a@gmail.com,TKT-008156,Late Delivery,5
user_f953c594@gmail.com,TKT-008157,Damaged Item,2
user_868c9f66@gmail.com,TKT-008158,Late Delivery,1
user_3c526c44@gmail.com,TKT-008159,Late Delivery,5
user_960fed9d@gmail.com,TKT-008160,Damaged Item,3
user_b78f1002@gmail.com,TKT-008161,Damaged Item,5
user_8e617bc9@gmail.com,TKT-008162,Late Delivery,1
user_7425df6f@gmail.com,TKT-008163,Damaged Item,1
user_704c21a0@gmail.com,TKT-008164,Damaged Item,1
user_e23e90a0@gmail.com,TKT-008165,Damaged Item,4
user_6a9df708@gmail.com,TKT-008166,Damaged Item,3
user_de59b010@gmail.com,TKT-008167,Late Delivery,2
user_8d56fea7@gmail.com,TKT-008168,Damaged Item,5
user_d26420cc@gmail.com,TKT-008169,Late Delivery,1
user_679035e8@gmail.com,TKT-008170,Damaged Item,4
user_441b31db@gmail.com,TKT-008171,Damaged Item,1
user_a54b7270@gmail.com,TKT-008172,Damaged Item,2
user_1a391ee8@gmail.com,TKT-008173,Damaged Item,2
user_d033eae5@gmail.com,TKT-008174,Late Delivery,2
user_a437e42f@gmail.com,TKT-008175,Late Delivery,1
user_7b63dc60@gmail.com,TKT-008176,Damaged Item,1
user_ea0a7780@gmail.com,TKT-008177,Damaged Item,2
user_d9d6f7cb@gmail.com,TKT-008178,Damaged Item,3
user_cdf40f3d@gmail.com,TKT-008179,Damaged Item,4
user_e84e318f@gmail.com,TKT-008180,Late Delivery,3
user_612dc224@gmail.com,TKT-008181,Damaged Item,1
user_ef9fdb35@gmail.com,TKT-008182,Damaged Item,5
user_c32294d5@gmail.com,TKT-008183,Damaged Item,4
user_37cef7fb@gmail.com,TKT-008184,Damaged Item,3
user_f56e1b8f@gmail.com,TKT-008185,Damaged Item,4
user_c05330a4@gmail.com,TKT-008186,Damaged Item,3
user_8634c5c4@gmail.com,TKT-008187,Damaged Item,4
user_814286cc@gmail.com,TKT-008188,Late Delivery,4
user_6f536077@gmail.com,TKT-008189,Late Delivery,1
user_987c9b1d@gmail.com,TKT-008190,Late Delivery,2
user_e2ba6813@gmail.com,TKT-008191,Damaged Item,4
user_ee201d92@gmail.com,TKT-008192,Late Delivery,5
user_4046dcae@gmail.com,TKT-008193,Late Delivery,2
user_936f9d5a@gmail.com,TKT-008194,Damaged Item,5
user_11301f32@gmail.com,TKT-008195,Damaged Item,3
user_1b6df945@gmail.com,TKT-008196,Damaged Item,5
user_24da7b2f@gmail.com,TKT-008197,Late Delivery,3
user_5bc38558@gmail.com,TKT-008198,Late Delivery,2
user_9388f972@gmail.com,TKT-008199,Damaged Item,3
user_014dcb5d@gmail.com,TKT-008200,Damaged Item,4
user_4c0d422b@gmail.com,TKT-008201,Late Delivery,3
user_28035453@gmail.com,TKT-008202,Damaged Item,2
user_d148f9ed@gmail.com,TKT-008203,Damaged Item,2
user_c1ecebb0@gmail.com,TKT-008204,Late Delivery,3
user_785f2b06@gmail.com,TKT-008205,Late Delivery,4
user_ad822187@gmail.com,TKT-008206,Damaged Item,4
user_5df731f1@gmail.com,TKT-008207,Damaged Item,2
user_df7302c3@gmail.com,TKT-008208,Damaged Item,1
user_83aafc33@gmail.com,TKT-008209,Damaged Item,5
user_dfd8d1d8@gmail.com,TKT-008210,Damaged Item,3
user_5f804c4f@gmail.com,TKT-008211,Damaged Item,2
user_c8ac3fa9@gmail.com,TKT-008212,Late Delivery,1
user_28325f61@gmail.com,TKT-008213,Damaged Item,1
user_e356256f@gmail.com,TKT-008214,Late Delivery,2
user_cd5740d4@gmail.com,TKT-008215,Late Delivery,2
user_1389cf69@gmail.com,TKT-008216,Damaged Item,3
user_c8df76bf@gmail.com,TKT-008217,Late Delivery,1
user_500b6d63@gmail.com,TKT-008218,Late Delivery,5
user_08adaa3c@gmail.com,TKT-008219,Damaged Item,2
user_006e937b@gmail.com,TKT-008220,Damaged Item,5
user_e7ad662b@gmail.com,TKT-008221,Late Delivery,3
user_2ba2a64e@gmail.com,TKT-008222,Damaged Item,4
user_a5fe71d4@gmail.com,TKT-008223,Late Delivery,1
user_0214a286@gmail.com,TKT-008224,Late Delivery,3
user_3cca4854@gmail.com,TKT-008225,Late Delivery,3
user_0376362c@gmail.com,TKT-008226,Late Delivery,5
user_e44d546b@gmail.com,TKT-008227,Damaged Item,4
user_3d0a3309@gmail.com,TKT-008228,Damaged Item,4
user_c095f09a@gmail.com,TKT-008229,Damaged Item,5
user_7f8edb8a@gmail.com,TKT-008230,Late Delivery,1
user_1372bab9@gmail.com,TKT-008231,Damaged Item,4
user_776ec4e5@gmail.com,TKT-008232,Late Delivery,5
user_55fe382a@gmail.com,TKT-008233,Late Delivery,3
user_67e22f72@gmail.com,TKT-008234,Late Delivery,2
user_69ce6940@gmail.com,TKT-008235,Damaged Item,4
user_f42ed528@gmail.com,TKT-008236,Damaged Item,3
user_c59d44a7@gmail.com,TKT-008237,Late Delivery,4
user_e2e8279e@gmail.com,TKT-008238,Late Delivery,4
user_f152835c@gmail.com,TKT-008239,Damaged Item,2
user_a72b7223@gmail.com,TKT-008240,Late Delivery,1
user_1ccd4d08@gmail.com,TKT-008241,Late Delivery,2
user_6358b15e@gmail.com,TKT-008242,Damaged Item,5
user_7aeb3fe3@gmail.com,TKT-008243,Damaged Item,1
user_fd4f1bb7@gmail.com,TKT-008244,Damaged Item,3
user_6e4afe45@gmail.com,TKT-008245,Late Delivery,5
user_aac46148@gmail.com,TKT-008246,Damaged Item,2
user_8011414e@gmail.com,TKT-008247,Late Delivery,3
user_a15839b3@gmail.com,TKT-008248,Damaged Item,5
user_3cde83f9@gmail.com,TKT-008249,Late Delivery,5
user_af575381@gmail.com,TKT-008250,Late Delivery,4
user_51d2d07d@gmail.com,TKT-008251,Late Delivery,1
user_d3308406@gmail.com,TKT-008252,Late Delivery,5
user_f86947d4@gmail.com,TKT-008253,Late Delivery,2
user_531d4cd6@gmail.com,TKT-008254,Damaged Item,1
user_e45746a1@gmail.com,TKT-008255,Late Delivery,3
user_f614398f@gmail.com,TKT-008256,Damaged Item,1
user_b88755fc@gmail.com,TKT-008257,Late Delivery,3
user_a9898a92@gmail.com,TKT-008258,Damaged Item,4
user_f3276589@gmail.com,TKT-008259,Damaged Item,4
user_22b59a78@gmail.com,TKT-008260,Late Delivery,2
user_210e7192@gmail.com,TKT-008261,Damaged Item,3
user_e976616d@gmail.com,TKT-008262,Damaged Item,4
user_3dc7cc4f@gmail.com,TKT-008263,Late Delivery,5
user_caced00c@gmail.com,TKT-008264,Late Delivery,4
user_6f7f018c@gmail.com,TKT-008265,Damaged Item,1
user_02e8d64e@gmail.com,TKT-008266,Late Delivery,2
user_3bea625d@gmail.com,TKT-008267,Damaged Item,5
user_b735c342@gmail.com,TKT-008268,Late Delivery,2
user_fe797777@gmail.com,TKT-008269,Late Delivery,5
user_6bda5f62@gmail.com,TKT-008270,Damaged Item,4
user_56e6c18a@gmail.com,TKT-008271,Damaged Item,1
user_4a293653@gmail.com,TKT-008272,Late Delivery,1
user_4fac04a6@gmail.com,TKT-008273,Damaged Item,3
user_56e674dd@gmail.com,TKT-008274,Late Delivery,3
user_169207d4@gmail.com,TKT-008275,Damaged Item,3
user_f9279d6e@gmail.com,TKT-008276,Damaged Item,1
user_c804d7da@gmail.com,TKT-008277,Damaged Item,5
user_938fd79b@gmail.com,TKT-008278,Damaged Item,4
user_794a5424@gmail.com,TKT-008279,Damaged Item,4
user_9d482a82@gmail.com,TKT-008280,Late Delivery,5
user_1cb19c76@gmail.com,TKT-008281,Late Delivery,3
user_55e6a20b@gmail.com,TKT-008282,Damaged Item,4
user_38cabae7@gmail.com,TKT-008283,Damaged Item,4
user_13114b70@gmail.com,TKT-008284,Late Delivery,1
user_611d9e85@gmail.com,TKT-008285,Late Delivery,4
user_39fc173a@gmail.com,TKT-008286,Late Delivery,3
user_7a7dba93@gmail.com,TKT-008287,Late Delivery,1
user_16d39408@gmail.com,TKT-008288,Damaged Item,1
user_0da196ee@gmail.com,TKT-008289,Damaged Item,4
user_1849b414@gmail.com,TKT-008290,Late Delivery,5
user_8e2026db@gmail.com,TKT-008291,Damaged Item,5
user_61052135@gmail.com,TKT-008292,Late Delivery,2
user_cb3d733c@gmail.com,TKT-008293,Late Delivery,5
user_541f15d6@gmail.com,TKT-008294,Late Delivery,3
user_ef5b6bd0@gmail.com,TKT-008295,Late Delivery,5
user_e5a90dea@gmail.com,TKT-008296,Late Delivery,1
user_3d27ae84@gmail.com,TKT-008297,Late Delivery,3
user_14e45ce4@gmail.com,TKT-008298,Damaged Item,3
user_ea3e8c19@gmail.com,TKT-008299,Damaged Item,3
user_1cddb7d9@gmail.com,TKT-008300,Late Delivery,4
user_90c329ef@gmail.com,TKT-008301,Late Delivery,3
user_0718a12f@gmail.com,TKT-008302,Late Delivery,5
user_0f4b07a8@gmail.com,TKT-008303,Damaged Item,1
user_af58c697@gmail.com,TKT-008304,Late Delivery,1
user_5b1f0539@gmail.com,TKT-008305,Late Delivery,2
user_02578a30@gmail.com,TKT-008306,Late Delivery,5
user_1135e8dd@gmail.com,TKT-008307,Damaged Item,5
user_00e6c1a9@gmail.com,TKT-008308,Damaged Item,4
user_a70bf93a@gmail.com,TKT-008309,Late Delivery,4
user_059ba840@gmail.com,TKT-008310,Damaged Item,2
user_40d63a55@gmail.com,TKT-008311,Damaged Item,1
user_2e25e412@gmail.com,TKT-008312,Late Delivery,2
user_31bebad2@gmail.com,TKT-008313,Late Delivery,2
user_83d4f036@gmail.com,TKT-008314,Damaged Item,5
user_9ed22226@gmail.com,TKT-008315,Damaged Item,3
user_5bc2fbba@gmail.com,TKT-008316,Damaged Item,4
user_b2a394fe@gmail.com,TKT-008317,Late Delivery,3
user_992143af@gmail.com,TKT-008318,Damaged Item,2
user_55a36fca@gmail.com,TKT-008319,Damaged Item,3
user_a1fac785@gmail.com,TKT-008320,Late Delivery,2
user_5b637c1a@gmail.com,TKT-008321,Damaged Item,4
user_a52a0d69@gmail.com,TKT-008322,Damaged Item,2
user_8d852ea9@gmail.com,TKT-008323,Damaged Item,3
user_a083db55@gmail.com,TKT-008324,Damaged Item,3
user_3ef15e55@gmail.com,TKT-008325,Damaged Item,5
user_a9b3796c@gmail.com,TKT-008326,Damaged Item,2
user_ea77749b@gmail.com,TKT-008327,Damaged Item,3
user_c58d9c1a@gmail.com,TKT-008328,Damaged Item,4
user_c54486ed@gmail.com,TKT-008329,Late Delivery,3
user_9bbd4425@gmail.com,TKT-008330,Late Delivery,2
user_69181a38@gmail.com,TKT-008331,Late Delivery,3
user_fdaa79b9@gmail.com,TKT-008332,Late Delivery,5
user_f9e8fc5c@gmail.com,TKT-008333,Late Delivery,1
user_150100a8@gmail.com,TKT-008334,Late Delivery,5
user_5a320ceb@gmail.com,TKT-008335,Late Delivery,1
user_60b1f3a6@gmail.com,TKT-008336,Damaged Item,1
user_6ab722fe@gmail.com,TKT-008337,Late Delivery,3
user_f3aaf0c4@gmail.com,TKT-008338,Damaged Item,4
user_0afdd270@gmail.com,TKT-008339,Damaged Item,2
user_987b693e@gmail.com,TKT-008340,Late Delivery,4
user_b1605f0b@gmail.com,TKT-008341,Damaged Item,2
user_23fd47f3@gmail.com,TKT-008342,Late Delivery,4
user_d86b3617@gmail.com,TKT-008343,Damaged Item,1
user_0d9656f7@gmail.com,TKT-008344,Late Delivery,1
user_46e332b1@gmail.com,TKT-008345,Damaged Item,5
user_0d03f42b@gmail.com,TKT-008346,Late Delivery,3
user_6da211b3@gmail.com,TKT-008347,Late Delivery,5
user_16bab69a@gmail.com,TKT-008348,Damaged Item,5
user_8a4a95cd@gmail.com,TKT-008349,Late Delivery,3
user_a61a054b@gmail.com,TKT-008350,Damaged Item,4
user_1822f701@gmail.com,TKT-008351,Damaged Item,5
user_7dabcdb0@gmail.com,TKT-008352,Late Delivery,4
user_10a63069@gmail.com,TKT-008353,Damaged Item,3
user_1b93bce5@gmail.com,TKT-008354,Damaged Item,3
user_51d844b5@gmail.com,TKT-008355,Late Delivery,2
user_bb81df0a@gmail.com,TKT-008356,Damaged Item,1
user_348d2d19@gmail.com,TKT-008357,Late Delivery,2
user_c5a525c4@gmail.com,TKT-008358,Damaged Item,5
user_c36e48dd@gmail.com,TKT-008359,Late Delivery,2
user_626802ad@gmail.com,TKT-008360,Late Delivery,3
user_40f94a38@gmail.com,TKT-008361,Late Delivery,1
user_71e1f051@gmail.com,TKT-008362,Damaged Item,4
user_502560a6@gmail.com,TKT-008363,Late Delivery,2
user_15e92779@gmail.com,TKT-008364,Late Delivery,2
user_e0abe989@gmail.com,TKT-008365,Late Delivery,4
user_311dff8c@gmail.com,TKT-008366,Damaged Item,5
user_4b53ef99@gmail.com,TKT-008367,Damaged Item,4
user_4a23e032@gmail.com,TKT-008368,Late Delivery,3
user_762efb8c@gmail.com,TKT-008369,Damaged Item,4
user_a6154474@gmail.com,TKT-008370,Late Delivery,3
user_08aaa460@gmail.com,TKT-008371,Damaged Item,1
user_ec246a88@gmail.com,TKT-008372,Late Delivery,3
user_bc1599d9@gmail.com,TKT-008373,Late Delivery,4
user_43889325@gmail.com,TKT-008374,Late Delivery,5
user_16ceb4d7@gmail.com,TKT-008375,Damaged Item,4
user_f141ef71@gmail.com,TKT-008376,Damaged Item,3
user_57fd460d@gmail.com,TKT-008377,Late Delivery,2
user_ed712a2f@gmail.com,TKT-008378,Late Delivery,2
user_59c2d3b8@gmail.com,TKT-008379,Damaged Item,3
user_d8c307f8@gmail.com,TKT-008380,Late Delivery,1
user_15f16319@gmail.com,TKT-008381,Late Delivery,5
user_049ac10f@gmail.com,TKT-008382,Damaged Item,2
user_cb6e6d4b@gmail.com,TKT-008383,Late Delivery,3
user_aae29687@gmail.com,TKT-008384,Late Delivery,3
user_707fef9e@gmail.com,TKT-008385,Damaged Item,2
user_43a0029d@gmail.com,TKT-008386,Damaged Item,1
user_5365b76b@gmail.com,TKT-008387,Damaged Item,4
user_bcd8b858@gmail.com,TKT-008388,Late Delivery,4
user_9f883238@gmail.com,TKT-008389,Damaged Item,3
user_319f4c4b@gmail.com,TKT-008390,Damaged Item,2
user_c8893ce8@gmail.com,TKT-008391,Damaged Item,2
user_ef0d6b43@gmail.com,TKT-008392,Late Delivery,4
user_16f3ea0f@gmail.com,TKT-008393,Late Delivery,2
user_f9888668@gmail.com,TKT-008394,Late Delivery,4
user_e1d21850@gmail.com,TKT-008395,Late Delivery,4
user_52cf00bf@gmail.com,TKT-008396,Damaged Item,5
user_d557ddc6@gmail.com,TKT-008397,Late Delivery,4
user_fbacf559@gmail.com,TKT-008398,Late Delivery,3
user_3eba71e7@gmail.com,TKT-008399,Damaged Item,3
user_dd71e2c1@gmail.com,TKT-008400,Late Delivery,2
user_0810492c@gmail.com,TKT-008401,Damaged Item,1
user_229dbc2f@gmail.com,TKT-008402,Damaged Item,5
user_692c825d@gmail.com,TKT-008403,Damaged Item,1
user_6b72249e@gmail.com,TKT-008404,Damaged Item,1
user_e7241999@gmail.com,TKT-008405,Late Delivery,5
user_e5f54c5a@gmail.com,TKT-008406,Late Delivery,3
user_8a0f2d82@gmail.com,TKT-008407,Damaged Item,2
user_3b0d58da@gmail.com,TKT-008408,Damaged Item,5
user_89b410e4@gmail.com,TKT-008409,Damaged Item,1
user_523cc30f@gmail.com,TKT-008410,Late Delivery,2
user_00380016@gmail.com,TKT-008411,Damaged Item,5
user_b06262e8@gmail.com,TKT-008412,Damaged Item,2
user_8e303e93@gmail.com,TKT-008413,Late Delivery,4
user_9fde7d5b@gmail.com,TKT-008414,Damaged Item,5
user_54f304d1@gmail.com,TKT-008415,Late Delivery,5
user_e53fbafa@gmail.com,TKT-008416,Late Delivery,3
user_d9cd2ba0@gmail.com,TKT-008417,Damaged Item,3
user_ccabf7db@gmail.com,TKT-008418,Damaged Item,1
user_9d5a965a@gmail.com,TKT-008419,Late Delivery,5
user_2a371d66@gmail.com,TKT-008420,Damaged Item,3
user_31b8437b@gmail.com,TKT-008421,Late Delivery,5
user_2f37a695@gmail.com,TKT-008422,Late Delivery,5
user_0c13df50@gmail.com,TKT-008423,Damaged Item,4
user_618ab23c@gmail.com,TKT-008424,Late Delivery,5
user_92024211@gmail.com,TKT-008425,Damaged Item,5
user_3ec645c5@gmail.com,TKT-008426,Late Delivery,1
user_2d7c6bd6@gmail.com,TKT-008427,Damaged Item,5
user_3c183c9a@gmail.com,TKT-008428,Damaged Item,1
user_1bde8242@gmail.com,TKT-008429,Damaged Item,4
user_b269cc05@gmail.com,TKT-008430,Late Delivery,3
user_1af9e09c@gmail.com,TKT-008431,Late Delivery,4
user_19c31790@gmail.com,TKT-008432,Late Delivery,2
user_4dc9a318@gmail.com,TKT-008433,Damaged Item,5
user_4ced4e7e@gmail.com,TKT-008434,Late Delivery,4
user_a6d5615d@gmail.com,TKT-008435,Late Delivery,3
user_82ff394f@gmail.com,TKT-008436,Damaged Item,2
user_10c0a80d@gmail.com,TKT-008437,Late Delivery,2
user_39e415a9@gmail.com,TKT-008438,Damaged Item,5
user_f52a2716@gmail.com,TKT-008439,Damaged Item,2
user_ec5cb2f4@gmail.com,TKT-008440,Late Delivery,2
user_6d73eb39@gmail.com,TKT-008441,Late Delivery,1
user_ba8121a9@gmail.com,TKT-008442,Damaged Item,5
user_95542662@gmail.com,TKT-008443,Damaged Item,5
user_82f63f26@gmail.com,TKT-008444,Late Delivery,5
user_be1401bb@gmail.com,TKT-008445,Late Delivery,2
user_f1bc47b6@gmail.com,TKT-008446,Damaged Item,1
user_548d1336@gmail.com,TKT-008447,Damaged Item,5
user_b4c4754a@gmail.com,TKT-008448,Late Delivery,5
user_5267a8c9@gmail.com,TKT-008449,Damaged Item,5
user_9ad97552@gmail.com,TKT-008450,Late Delivery,2
user_26546347@gmail.com,TKT-008451,Late Delivery,1
user_d8634c40@gmail.com,TKT-008452,Damaged Item,5
user_c8a61051@gmail.com,TKT-008453,Damaged Item,1
user_dfdeced6@gmail.com,TKT-008454,Late Delivery,5
user_0651cfbe@gmail.com,TKT-008455,Damaged Item,1
user_4cd05fe0@gmail.com,TKT-008456,Late Delivery,3
user_512cf0c6@gmail.com,TKT-008457,Damaged Item,3
user_9e36bbbf@gmail.com,TKT-008458,Late Delivery,1
user_6eead3dc@gmail.com,TKT-008459,Late Delivery,1
user_7bec5e6b@gmail.com,TKT-008460,Late Delivery,2
user_461d8e6b@gmail.com,TKT-008461,Damaged Item,1
user_10d5890e@gmail.com,TKT-008462,Late Delivery,1
user_64230872@gmail.com,TKT-008463,Late Delivery,5
user_91dd7f16@gmail.com,TKT-008464,Late Delivery,4
user_8f16f4af@gmail.com,TKT-008465,Damaged Item,1
user_b1154cb6@gmail.com,TKT-008466,Late Delivery,1
user_79011b99@gmail.com,TKT-008467,Late Delivery,3
user_089967e5@gmail.com,TKT-008468,Late Delivery,3
user_d1e7147f@gmail.com,TKT-008469,Damaged Item,2
user_8a86daed@gmail.com,TKT-008470,Damaged Item,3
user_82689e66@gmail.com,TKT-008471,Damaged Item,2
user_0994750c@gmail.com,TKT-008472,Damaged Item,5
user_37f6687f@gmail.com,TKT-008473,Damaged Item,1
user_fdc5ce08@gmail.com,TKT-008474,Late Delivery,1
user_435ee7de@gmail.com,TKT-008475,Damaged Item,5
user_67cb90a6@gmail.com,TKT-008476,Damaged Item,4
user_c7b7d893@gmail.com,TKT-008477,Damaged Item,1
user_6b4f7aec@gmail.com,TKT-008478,Damaged Item,3
user_8f060d52@gmail.com,TKT-008479,Damaged Item,5
user_08864f72@gmail.com,TKT-008480,Late Delivery,1
user_24b19fe3@gmail.com,TKT-008481,Damaged Item,4
user_fec38f65@gmail.com,TKT-008482,Late Delivery,3
user_2798f00a@gmail.com,TKT-008483,Late Delivery,1
user_57c8e6cd@gmail.com,TKT-008484,Damaged Item,3
user_0330ce74@gmail.com,TKT-008485,Late Delivery,1
user_99bcd724@gmail.com,TKT-008486,Late Delivery,4
user_f06682b3@gmail.com,TKT-008487,Damaged Item,5
user_54ca9ac4@gmail.com,TKT-008488,Late Delivery,5
user_84b30a39@gmail.com,TKT-008489,Damaged Item,4
user_a28722ee@gmail.com,TKT-008490,Late Delivery,1
user_6204c4e5@gmail.com,TKT-008491,Damaged Item,3
user_eb497e4d@gmail.com,TKT-008492,Damaged Item,3
user_eb0676b9@gmail.com,TKT-008493,Late Delivery,1
user_16612089@gmail.com,TKT-008494,Late Delivery,5
user_8a0bf5d1@gmail.com,TKT-008495,Damaged Item,5
user_221bfe30@gmail.com,TKT-008496,Late Delivery,5
user_a3e95ec0@gmail.com,TKT-008497,Damaged Item,2
user_d56bcceb@gmail.com,TKT-008498,Damaged Item,3
user_035f60af@gmail.com,TKT-008499,Late Delivery,5
user_7e87e67b@gmail.com,TKT-008500,Damaged Item,5
user_c5a23eff@gmail.com,TKT-008501,Damaged Item,5
user_83b82ec5@gmail.com,TKT-008502,Damaged Item,3
user_dad8e6ee@gmail.com,TKT-008503,Late Delivery,2
user_5c3be54a@gmail.com,TKT-008504,Late Delivery,1
user_94e6fc51@gmail.com,TKT-008505,Damaged Item,2
user_f16ed8e2@gmail.com,TKT-008506,Late Delivery,5
user_55e48ff1@gmail.com,TKT-008507,Damaged Item,2
user_4004558a@gmail.com,TKT-008508,Late Delivery,4
user_30843e15@gmail.com,TKT-008509,Damaged Item,5
user_c8e70a09@gmail.com,TKT-008510,Late Delivery,1
user_19453e9e@gmail.com,TKT-008511,Late Delivery,4
user_7424e86c@gmail.com,TKT-008512,Late Delivery,4
user_0aca68d6@gmail.com,TKT-008513,Late Delivery,4
user_15dde413@gmail.com,TKT-008514,Damaged Item,3
user_8f05a9a8@gmail.com,TKT-008515,Damaged Item,1
user_ccca36b4@gmail.com,TKT-008516,Late Delivery,3
user_67b96b3e@gmail.com,TKT-008517,Late Delivery,4
user_4bc0f4ad@gmail.com,TKT-008518,Late Delivery,1
user_aaef5201@gmail.com,TKT-008519,Damaged Item,4
user_c6b99a3f@gmail.com,TKT-008520,Late Delivery,4
user_6ece5e46@gmail.com,TKT-008521,Damaged Item,5
user_33aa371b@gmail.com,TKT-008522,Late Delivery,3
user_f8f3ecaf@gmail.com,TKT-008523,Damaged Item,3
user_b3844f3d@gmail.com,TKT-008524,Damaged Item,2
user_1cebf1f6@gmail.com,TKT-008525,Late Delivery,1
user_97a502d1@gmail.com,TKT-008526,Late Delivery,3
user_d9713ac4@gmail.com,TKT-008527,Late Delivery,5
user_c7c581c5@gmail.com,TKT-008528,Damaged Item,5
user_e0d9036a@gmail.com,TKT-008529,Damaged Item,3
user_410f9b98@gmail.com,TKT-008530,Late Delivery,3
user_e264ef07@gmail.com,TKT-008531,Late Delivery,3
user_999fa0b8@gmail.com,TKT-008532,Late Delivery,4
user_879e5135@gmail.com,TKT-008533,Damaged Item,3
user_1b1899b3@gmail.com,TKT-008534,Late Delivery,1
user_4e120f53@gmail.com,TKT-008535,Late Delivery,3
user_64318e7c@gmail.com,TKT-008536,Damaged Item,5
user_12138e8b@gmail.com,TKT-008537,Damaged Item,4
user_125b4e48@gmail.com,TKT-008538,Damaged Item,4
user_640c4c9d@gmail.com,TKT-008539,Damaged Item,2
user_42912d3b@gmail.com,TKT-008540,Damaged Item,4
user_ac1a5281@gmail.com,TKT-008541,Late Delivery,3
user_a54a66b3@gmail.com,TKT-008542,Late Delivery,2
user_c515db5d@gmail.com,TKT-008543,Late Delivery,4
user_70505686@gmail.com,TKT-008544,Late Delivery,5
user_ac41f579@gmail.com,TKT-008545,Damaged Item,1
user_388d0b77@gmail.com,TKT-008546,Damaged Item,5
user_adc3936a@gmail.com,TKT-008547,Late Delivery,1
user_6ac343df@gmail.com,TKT-008548,Damaged Item,1
user_fab210ae@gmail.com,TKT-008549,Late Delivery,3
user_6554c017@gmail.com,TKT-008550,Late Delivery,1
user_45177820@gmail.com,TKT-008551,Late Delivery,5
user_ce5ff92b@gmail.com,TKT-008552,Damaged Item,4
user_60d23aec@gmail.com,TKT-008553,Late Delivery,1
user_73daba56@gmail.com,TKT-008554,Damaged Item,2
user_35bbb96d@gmail.com,TKT-008555,Late Delivery,4
user_7670b105@gmail.com,TKT-008556,Late Delivery,3
user_29368e4a@gmail.com,TKT-008557,Damaged Item,3
user_9d85f9ce@gmail.com,TKT-008558,Damaged Item,2
user_d0c5e56e@gmail.com,TKT-008559,Damaged Item,5
user_8311c5c0@gmail.com,TKT-008560,Damaged Item,2
user_683714a0@gmail.com,TKT-008561,Damaged Item,4
user_6c6ff848@gmail.com,TKT-008562,Damaged Item,2
user_47f60d4d@gmail.com,TKT-008563,Damaged Item,2
user_791fd1aa@gmail.com,TKT-008564,Late Delivery,3
user_a614d6cd@gmail.com,TKT-008565,Late Delivery,2
user_7b89a5dd@gmail.com,TKT-008566,Damaged Item,1
user_aba50a72@gmail.com,TKT-008567,Late Delivery,5
user_e261dace@gmail.com,TKT-008568,Late Delivery,1
user_2e9fa615@gmail.com,TKT-008569,Damaged Item,1
user_01d7b0d6@gmail.com,TKT-008570,Damaged Item,3
user_795edd54@gmail.com,TKT-008571,Damaged Item,3
user_9503f4ab@gmail.com,TKT-008572,Late Delivery,5
user_514e32c6@gmail.com,TKT-008573,Damaged Item,1
user_22d4b769@gmail.com,TKT-008574,Late Delivery,1
user_588d9c53@gmail.com,TKT-008575,Late Delivery,5
user_88a1d0f4@gmail.com,TKT-008576,Late Delivery,1
user_4b4ea88a@gmail.com,TKT-008577,Late Delivery,5
user_7f5ca6db@gmail.com,TKT-008578,Damaged Item,1
user_f598ccdf@gmail.com,TKT-008579,Damaged Item,2
user_f5dd0cbc@gmail.com,TKT-008580,Damaged Item,1
user_26da0172@gmail.com,TKT-008581,Late Delivery,3
user_66646079@gmail.com,TKT-008582,Late Delivery,2
user_9298fccf@gmail.com,TKT-008583,Late Delivery,2
user_5325483b@gmail.com,TKT-008584,Late Delivery,1
user_0305a6e7@gmail.com,TKT-008585,Late Delivery,1
user_0d508bb2@gmail.com,TKT-008586,Late Delivery,4
user_bc1a88c9@gmail.com,TKT-008587,Late Delivery,4
user_c9527b93@gmail.com,TKT-008588,Damaged Item,2
user_5d986ad9@gmail.com,TKT-008589,Late Delivery,3
user_9c4b23d7@gmail.com,TKT-008590,Damaged Item,4
user_8534a193@gmail.com,TKT-008591,Damaged Item,2
user_d4936459@gmail.com,TKT-008592,Late Delivery,1
user_1a7b4d6d@gmail.com,TKT-008593,Late Delivery,2
user_f462519e@gmail.com,TKT-008594,Damaged Item,2
user_06c5a017@gmail.com,TKT-008595,Late Delivery,5
user_8e44f646@gmail.com,TKT-008596,Damaged Item,2
user_737adc17@gmail.com,TKT-008597,Late Delivery,1
user_f2f2b773@gmail.com,TKT-008598,Late Delivery,1
user_920bd0e1@gmail.com,TKT-008599,Damaged Item,3
user_61097dc6@gmail.com,TKT-008600,Damaged Item,5
user_04716d60@gmail.com,TKT-008601,Late Delivery,2
user_eaaacf91@gmail.com,TKT-008602,Late Delivery,5
user_988fb9fe@gmail.com,TKT-008603,Late Delivery,1
user_bc5fbc98@gmail.com,TKT-008604,Late Delivery,3
user_1b7c39d6@gmail.com,TKT-008605,Damaged Item,4
user_0d4ee85e@gmail.com,TKT-008606,Damaged Item,5
user_2a180de9@gmail.com,TKT-008607,Damaged Item,2
user_641c355f@gmail.com,TKT-008608,Damaged Item,1
user_ed1356ee@gmail.com,TKT-008609,Damaged Item,1
user_882cc961@gmail.com,TKT-008610,Damaged Item,3
user_b1d2b7f5@gmail.com,TKT-008611,Damaged Item,4
user_1a253bef@gmail.com,TKT-008612,Late Delivery,2
user_530bfffc@gmail.com,TKT-008613,Late Delivery,2
user_814ff878@gmail.com,TKT-008614,Damaged Item,5
user_b3e4b9bc@gmail.com,TKT-008615,Late Delivery,5
user_1a7a10a2@gmail.com,TKT-008616,Damaged Item,3
user_a9fff7b5@gmail.com,TKT-008617,Damaged Item,1
user_0a8de09b@gmail.com,TKT-008618,Damaged Item,3
user_2021f54a@gmail.com,TKT-008619,Damaged Item,3
user_ba546505@gmail.com,TKT-008620,Late Delivery,4
user_0422bf9c@gmail.com,TKT-008621,Late Delivery,2
user_1a52e558@gmail.com,TKT-008622,Damaged Item,5
user_05d6cbef@gmail.com,TKT-008623,Damaged Item,1
user_9e622819@gmail.com,TKT-008624,Damaged Item,3
user_23522c7e@gmail.com,TKT-008625,Late Delivery,3
user_c6e818fd@gmail.com,TKT-008626,Damaged Item,1
user_7bd99d7b@gmail.com,TKT-008627,Damaged Item,4
user_f6a518ea@gmail.com,TKT-008628,Late Delivery,3
user_fb58528e@gmail.com,TKT-008629,Damaged Item,4
user_81bbbd16@gmail.com,TKT-008630,Late Delivery,2
user_d888af68@gmail.com,TKT-008631,Damaged Item,1
user_edfa9c76@gmail.com,TKT-008632,Damaged Item,2
user_7aeb8dc1@gmail.com,TKT-008633,Late Delivery,3
user_55029bc1@gmail.com,TKT-008634,Damaged Item,1
user_183b6a83@gmail.com,TKT-008635,Late Delivery,4
user_719a735e@gmail.com,TKT-008636,Late Delivery,4
user_8f4b5931@gmail.com,TKT-008637,Damaged Item,4
user_56437a02@gmail.com,TKT-008638,Late Delivery,4
user_77d0b64c@gmail.com,TKT-008639,Damaged Item,5
user_84df8639@gmail.com,TKT-008640,Damaged Item,3
user_a4e3479d@gmail.com,TKT-008641,Late Delivery,4
user_84c09bb5@gmail.com,TKT-008642,Late Delivery,2
user_bb1ec977@gmail.com,TKT-008643,Damaged Item,2
user_bfdef8ee@gmail.com,TKT-008644,Damaged Item,5
user_7724b0dd@gmail.com,TKT-008645,Damaged Item,1
user_a1f24259@gmail.com,TKT-008646,Late Delivery,2
user_6b9e1eaa@gmail.com,TKT-008647,Damaged Item,1
user_fea86273@gmail.com,TKT-008648,Damaged Item,5
user_34521734@gmail.com,TKT-008649,Late Delivery,2
user_88fd6a9e@gmail.com,TKT-008650,Late Delivery,4
user_02a77600@gmail.com,TKT-008651,Late Delivery,4
user_8d53ffec@gmail.com,TKT-008652,Late Delivery,2
user_5f3aed31@gmail.com,TKT-008653,Damaged Item,2
user_6b7aef98@gmail.com,TKT-008654,Late Delivery,3
user_06303a4b@gmail.com,TKT-008655,Damaged Item,2
user_26f835ee@gmail.com,TKT-008656,Late Delivery,5
user_ff9e81db@gmail.com,TKT-008657,Damaged Item,4
user_c114c445@gmail.com,TKT-008658,Damaged Item,1
user_0413683c@gmail.com,TKT-008659,Late Delivery,3
user_41c181fa@gmail.com,TKT-008660,Late Delivery,1
user_44b0a365@gmail.com,TKT-008661,Late Delivery,5
user_1e7fc41a@gmail.com,TKT-008662,Late Delivery,4
user_6e46d472@gmail.com,TKT-008663,Late Delivery,5
user_a53594ed@gmail.com,TKT-008664,Late Delivery,4
user_628cbfa2@gmail.com,TKT-008665,Damaged Item,1
user_e08869b1@gmail.com,TKT-008666,Damaged Item,2
user_a06f91da@gmail.com,TKT-008667,Late Delivery,1
user_5f3c0081@gmail.com,TKT-008668,Damaged Item,2
user_9c4b6000@gmail.com,TKT-008669,Damaged Item,2
user_60570cfe@gmail.com,TKT-008670,Late Delivery,4
user_e00ff363@gmail.com,TKT-008671,Late Delivery,4
user_08056efa@gmail.com,TKT-008672,Damaged Item,3
user_43185a1a@gmail.com,TKT-008673,Late Delivery,5
user_d8e317f6@gmail.com,TKT-008674,Late Delivery,1
user_1971f30a@gmail.com,TKT-008675,Late Delivery,4
user_cbfbf68c@gmail.com,TKT-008676,Damaged Item,5
user_fae9bd6c@gmail.com,TKT-008677,Late Delivery,3
user_c59b1d2c@gmail.com,TKT-008678,Late Delivery,3
user_6f02dc88@gmail.com,TKT-008679,Late Delivery,1
user_7b5c1689@gmail.com,TKT-008680,Damaged Item,3
user_8c99c0cb@gmail.com,TKT-008681,Late Delivery,3
user_09d9c1ca@gmail.com,TKT-008682,Late Delivery,1
user_cbb37819@gmail.com,TKT-008683,Late Delivery,4
user_b0635c2b@gmail.com,TKT-008684,Damaged Item,2
user_58ffbb50@gmail.com,TKT-008685,Damaged Item,1
user_851806f4@gmail.com,TKT-008686,Damaged Item,1
user_24778d48@gmail.com,TKT-008687,Damaged Item,2
user_a6946426@gmail.com,TKT-008688,Late Delivery,5
user_7058c13a@gmail.com,TKT-008689,Late Delivery,2
user_8ef9add6@gmail.com,TKT-008690,Damaged Item,2
user_ce5e98ba@gmail.com,TKT-008691,Damaged Item,4
user_d6c931d3@gmail.com,TKT-008692,Damaged Item,4
user_35f74ae9@gmail.com,TKT-008693,Damaged Item,1
user_e8bab621@gmail.com,TKT-008694,Late Delivery,4
user_75ac1e37@gmail.com,TKT-008695,Late Delivery,5
user_af18cc21@gmail.com,TKT-008696,Late Delivery,1
user_5c9513d1@gmail.com,TKT-008697,Late Delivery,5
user_1a2064ab@gmail.com,TKT-008698,Damaged Item,1
user_425697ce@gmail.com,TKT-008699,Late Delivery,2
user_77c9e962@gmail.com,TKT-008700,Damaged Item,2
user_f9125a51@gmail.com,TKT-008701,Damaged Item,2
user_2b5b2f06@gmail.com,TKT-008702,Damaged Item,1
user_0f5f1f84@gmail.com,TKT-008703,Damaged Item,5
user_67e3a59f@gmail.com,TKT-008704,Late Delivery,3
user_167a476d@gmail.com,TKT-008705,Late Delivery,2
user_6ddba74d@gmail.com,TKT-008706,Damaged Item,3
user_721d3d94@gmail.com,TKT-008707,Damaged Item,2
user_07716110@gmail.com,TKT-008708,Damaged Item,1
user_3751b4d2@gmail.com,TKT-008709,Damaged Item,4
user_41415f9d@gmail.com,TKT-008710,Damaged Item,1
user_7ad21c71@gmail.com,TKT-008711,Late Delivery,3
user_fd966da9@gmail.com,TKT-008712,Damaged Item,4
user_9a6291b0@gmail.com,TKT-008713,Damaged Item,2
user_179f496c@gmail.com,TKT-008714,Late Delivery,5
user_fc061160@gmail.com,TKT-008715,Late Delivery,5
user_e731a00e@gmail.com,TKT-008716,Late Delivery,5
user_e839a76d@gmail.com,TKT-008717,Late Delivery,2
user_17cf7606@gmail.com,TKT-008718,Damaged Item,4
user_86a92bfa@gmail.com,TKT-008719,Damaged Item,3
user_1ccfba98@gmail.com,TKT-008720,Damaged Item,5
user_cb1ee2e0@gmail.com,TKT-008721,Late Delivery,4
user_015e470a@gmail.com,TKT-008722,Damaged Item,5
user_7be486c2@gmail.com,TKT-008723,Late Delivery,3
user_80983160@gmail.com,TKT-008724,Late Delivery,1
user_e17389ee@gmail.com,TKT-008725,Late Delivery,3
user_f3fd6eb9@gmail.com,TKT-008726,Damaged Item,5
user_b6bfa667@gmail.com,TKT-008727,Damaged Item,1
user_6e7932d6@gmail.com,TKT-008728,Damaged Item,5
user_5373d3bd@gmail.com,TKT-008729,Damaged Item,4
user_fee7f74f@gmail.com,TKT-008730,Damaged Item,2
user_5be30229@gmail.com,TKT-008731,Damaged Item,3
user_507dc9be@gmail.com,TKT-008732,Damaged Item,1
user_9014bdf7@gmail.com,TKT-008733,Late Delivery,1
user_bc2d26c5@gmail.com,TKT-008734,Late Delivery,2
user_ff9c030f@gmail.com,TKT-008735,Late Delivery,2
user_154ec3f7@gmail.com,TKT-008736,Damaged Item,5
user_7cc84ca2@gmail.com,TKT-008737,Late Delivery,3
user_825f7c16@gmail.com,TKT-008738,Damaged Item,1
user_109ee694@gmail.com,TKT-008739,Damaged Item,4
user_cc2b5dc7@gmail.com,TKT-008740,Damaged Item,5
user_7a762459@gmail.com,TKT-008741,Late Delivery,3
user_aea5f192@gmail.com,TKT-008742,Damaged Item,5
user_2f848741@gmail.com,TKT-008743,Damaged Item,2
user_7ad6ce39@gmail.com,TKT-008744,Damaged Item,3
user_221f0299@gmail.com,TKT-008745,Late Delivery,1
user_5451dcc4@gmail.com,TKT-008746,Damaged Item,5
user_c988628b@gmail.com,TKT-008747,Late Delivery,4
user_82809cee@gmail.com,TKT-008748,Damaged Item,5
user_167710b9@gmail.com,TKT-008749,Damaged Item,2
user_5014640d@gmail.com,TKT-008750,Late Delivery,1
user_c2669f11@gmail.com,TKT-008751,Late Delivery,4
user_918c948e@gmail.com,TKT-008752,Late Delivery,5
user_7d926083@gmail.com,TKT-008753,Late Delivery,1
user_e4b3b82b@gmail.com,TKT-008754,Damaged Item,3
user_5d9f1482@gmail.com,TKT-008755,Late Delivery,2
user_f4df1bc0@gmail.com,TKT-008756,Damaged Item,2
user_1ee5a10e@gmail.com,TKT-008757,Damaged Item,1
user_d0107bdc@gmail.com,TKT-008758,Damaged Item,2
user_16eb488d@gmail.com,TKT-008759,Damaged Item,2
user_cdafe634@gmail.com,TKT-008760,Damaged Item,2
user_54982b0c@gmail.com,TKT-008761,Damaged Item,1
user_f172e87c@gmail.com,TKT-008762,Damaged Item,4
user_01ea7dfd@gmail.com,TKT-008763,Late Delivery,3
user_fd08d561@gmail.com,TKT-008764,Damaged Item,2
user_db98683c@gmail.com,TKT-008765,Damaged Item,2
user_6f7f41a4@gmail.com,TKT-008766,Damaged Item,3
user_5f32e35f@gmail.com,TKT-008767,Damaged Item,4
user_9a22702b@gmail.com,TKT-008768,Late Delivery,5
user_2bf93b99@gmail.com,TKT-008769,Damaged Item,1
user_f4f57b6d@gmail.com,TKT-008770,Late Delivery,4
user_ed05a1bb@gmail.com,TKT-008771,Late Delivery,5
user_3120f374@gmail.com,TKT-008772,Late Delivery,4
user_9c0d3116@gmail.com,TKT-008773,Damaged Item,4
user_414f2abc@gmail.com,TKT-008774,Damaged Item,4
user_a1c95ad9@gmail.com,TKT-008775,Damaged Item,4
user_7a15821a@gmail.com,TKT-008776,Damaged Item,2
user_4c8435d3@gmail.com,TKT-008777,Late Delivery,1
user_2e941e4b@gmail.com,TKT-008778,Damaged Item,3
user_9d614269@gmail.com,TKT-008779,Late Delivery,4
user_463d3789@gmail.com,TKT-008780,Damaged Item,2
user_b3c80916@gmail.com,TKT-008781,Late Delivery,5
user_f4c57f34@gmail.com,TKT-008782,Late Delivery,5
user_3de8a3be@gmail.com,TKT-008783,Late Delivery,1
user_c6f624cf@gmail.com,TKT-008784,Damaged Item,5
user_a3e0645d@gmail.com,TKT-008785,Late Delivery,2
user_030e2ece@gmail.com,TKT-008786,Late Delivery,5
user_8d1053da@gmail.com,TKT-008787,Damaged Item,3
user_32966c8b@gmail.com,TKT-008788,Late Delivery,5
user_f139f07d@gmail.com,TKT-008789,Damaged Item,1
user_3aa5cf59@gmail.com,TKT-008790,Late Delivery,3
user_bd46e941@gmail.com,TKT-008791,Late Delivery,4
user_94565844@gmail.com,TKT-008792,Late Delivery,1
user_707257a8@gmail.com,TKT-008793,Damaged Item,4
user_ec32972b@gmail.com,TKT-008794,Late Delivery,1
user_a2d6e2bd@gmail.com,TKT-008795,Late Delivery,4
user_235df302@gmail.com,TKT-008796,Damaged Item,2
user_34f15eaf@gmail.com,TKT-008797,Late Delivery,2
user_605ab381@gmail.com,TKT-008798,Late Delivery,3
user_84380748@gmail.com,TKT-008799,Late Delivery,3
user_9e7aef9f@gmail.com,TKT-008800,Late Delivery,5
user_925d26d2@gmail.com,TKT-008801,Damaged Item,1
user_efcac27a@gmail.com,TKT-008802,Damaged Item,1
user_826b8731@gmail.com,TKT-008803,Late Delivery,4
user_4e5fccc1@gmail.com,TKT-008804,Damaged Item,2
user_bc52ac35@gmail.com,TKT-008805,Late Delivery,5
user_ea3d952c@gmail.com,TKT-008806,Late Delivery,1
user_6aaf63fd@gmail.com,TKT-008807,Damaged Item,5
user_56f03632@gmail.com,TKT-008808,Damaged Item,4
user_ee3c2157@gmail.com,TKT-008809,Damaged Item,1
user_4334b6ae@gmail.com,TKT-008810,Late Delivery,4
user_25398249@gmail.com,TKT-008811,Late Delivery,1
user_80d1acba@gmail.com,TKT-008812,Late Delivery,3
user_1dc7fd7b@gmail.com,TKT-008813,Late Delivery,2
user_8293bf2e@gmail.com,TKT-008814,Damaged Item,4
user_5d2271e4@gmail.com,TKT-008815,Late Delivery,3
user_da585844@gmail.com,TKT-008816,Damaged Item,3
user_c6ba6906@gmail.com,TKT-008817,Damaged Item,1
user_56352163@gmail.com,TKT-008818,Late Delivery,5
user_bb90af9d@gmail.com,TKT-008819,Damaged Item,2
user_57b9cb9f@gmail.com,TKT-008820,Damaged Item,1
user_cb2e3aee@gmail.com,TKT-008821,Damaged Item,1
user_5a21ec58@gmail.com,TKT-008822,Damaged Item,4
user_6320bb18@gmail.com,TKT-008823,Late Delivery,5
user_14961d58@gmail.com,TKT-008824,Damaged Item,5
user_2bfc986b@gmail.com,TKT-008825,Damaged Item,3
user_68c7baaf@gmail.com,TKT-008826,Damaged Item,3
user_042d637a@gmail.com,TKT-008827,Damaged Item,4
user_1dcd5cc7@gmail.com,TKT-008828,Late Delivery,2
user_ca68a08b@gmail.com,TKT-008829,Late Delivery,1
user_238b4747@gmail.com,TKT-008830,Damaged Item,2
user_fbc31724@gmail.com,TKT-008831,Damaged Item,2
user_e41a8efb@gmail.com,TKT-008832,Late Delivery,2
user_ce97b9e2@gmail.com,TKT-008833,Late Delivery,1
user_02f3cc68@gmail.com,TKT-008834,Late Delivery,5
user_3a8bf1c7@gmail.com,TKT-008835,Late Delivery,4
user_aa0a6b3d@gmail.com,TKT-008836,Damaged Item,3
user_d0624ca0@gmail.com,TKT-008837,Late Delivery,2
user_2c571cb0@gmail.com,TKT-008838,Late Delivery,1
user_b9cb2be1@gmail.com,TKT-008839,Late Delivery,5
user_6144b9db@gmail.com,TKT-008840,Late Delivery,5
user_085bac99@gmail.com,TKT-008841,Late Delivery,4
user_5a78f085@gmail.com,TKT-008842,Damaged Item,3
user_a89041fc@gmail.com,TKT-008843,Damaged Item,1
user_1d88af81@gmail.com,TKT-008844,Late Delivery,4
user_ba7fa0a9@gmail.com,TKT-008845,Late Delivery,5
user_2476d7ec@gmail.com,TKT-008846,Late Delivery,1
user_83935d75@gmail.com,TKT-008847,Late Delivery,1
user_68a58338@gmail.com,TKT-008848,Late Delivery,2
user_268948c5@gmail.com,TKT-008849,Damaged Item,2
user_e62bcabd@gmail.com,TKT-008850,Late Delivery,2
user_11859b0a@gmail.com,TKT-008851,Late Delivery,1
user_61fa90fb@gmail.com,TKT-008852,Damaged Item,1
user_c8afb8e6@gmail.com,TKT-008853,Late Delivery,5
user_ba93a4e4@gmail.com,TKT-008854,Late Delivery,4
user_49e94626@gmail.com,TKT-008855,Damaged Item,3
user_a3dabbbe@gmail.com,TKT-008856,Late Delivery,2
user_1ee5b0e2@gmail.com,TKT-008857,Late Delivery,1
user_cf7648ab@gmail.com,TKT-008858,Damaged Item,2
user_df5ff0c8@gmail.com,TKT-008859,Damaged Item,1
user_9a09a09e@gmail.com,TKT-008860,Late Delivery,2
user_8a3b2a4c@gmail.com,TKT-008861,Late Delivery,3
user_430728ed@gmail.com,TKT-008862,Damaged Item,5
user_1a39704f@gmail.com,TKT-008863,Late Delivery,5
user_8111e352@gmail.com,TKT-008864,Late Delivery,4
user_12a2d9fc@gmail.com,TKT-008865,Late Delivery,2
user_09ffbf8f@gmail.com,TKT-008866,Late Delivery,1
user_6c741c58@gmail.com,TKT-008867,Damaged Item,5
user_81a0592f@gmail.com,TKT-008868,Damaged Item,1
user_8a137835@gmail.com,TKT-008869,Damaged Item,1
user_ed64deed@gmail.com,TKT-008870,Late Delivery,3
user_e5f3e17c@gmail.com,TKT-008871,Damaged Item,5
user_d461a6e1@gmail.com,TKT-008872,Late Delivery,4
user_e8b7b7d4@gmail.com,TKT-008873,Damaged Item,5
user_03f2463d@gmail.com,TKT-008874,Late Delivery,3
user_2a2a3588@gmail.com,TKT-008875,Damaged Item,1
user_94b8d7c5@gmail.com,TKT-008876,Late Delivery,3
user_c71e415c@gmail.com,TKT-008877,Damaged Item,2
user_4e101803@gmail.com,TKT-008878,Damaged Item,4
user_d4c02644@gmail.com,TKT-008879,Damaged Item,3
user_f3a3d394@gmail.com,TKT-008880,Damaged Item,1
user_3eff2684@gmail.com,TKT-008881,Late Delivery,4
user_169815e2@gmail.com,TKT-008882,Damaged Item,3
user_d2039db3@gmail.com,TKT-008883,Late Delivery,3
user_10970b05@gmail.com,TKT-008884,Late Delivery,2
user_9c043ff6@gmail.com,TKT-008885,Late Delivery,2
user_94482ff4@gmail.com,TKT-008886,Late Delivery,1
user_a84965c1@gmail.com,TKT-008887,Late Delivery,1
user_d7a4ea17@gmail.com,TKT-008888,Damaged Item,4
user_39861f80@gmail.com,TKT-008889,Damaged Item,2
user_aec43889@gmail.com,TKT-008890,Late Delivery,5
user_7fc1f38f@gmail.com,TKT-008891,Damaged Item,3
user_d6414a6d@gmail.com,TKT-008892,Damaged Item,3
user_3799155b@gmail.com,TKT-008893,Late Delivery,2
user_ec4ea66c@gmail.com,TKT-008894,Late Delivery,2
user_116cd829@gmail.com,TKT-008895,Damaged Item,1
user_a25d5f94@gmail.com,TKT-008896,Damaged Item,5
user_c23fffae@gmail.com,TKT-008897,Damaged Item,5
user_ce8c3a91@gmail.com,TKT-008898,Damaged Item,3
user_53740dd6@gmail.com,TKT-008899,Late Delivery,5
user_fba82fc4@gmail.com,TKT-008900,Late Delivery,4
user_c4750b08@gmail.com,TKT-008901,Late Delivery,3
user_cbaf7f97@gmail.com,TKT-008902,Damaged Item,4
user_eca4ebbc@gmail.com,TKT-008903,Late Delivery,2
user_37b1f3a3@gmail.com,TKT-008904,Damaged Item,5
user_0412b228@gmail.com,TKT-008905,Damaged Item,5
user_5b1beee2@gmail.com,TKT-008906,Damaged Item,4
user_bbf773b1@gmail.com,TKT-008907,Late Delivery,2
user_6f271277@gmail.com,TKT-008908,Damaged Item,2
user_5df5e995@gmail.com,TKT-008909,Damaged Item,2
user_51c0a2b8@gmail.com,TKT-008910,Damaged Item,3
user_2078ab49@gmail.com,TKT-008911,Damaged Item,1
user_9b3080a1@gmail.com,TKT-008912,Damaged Item,4
user_f2c56ec4@gmail.com,TKT-008913,Damaged Item,2
user_b9f72144@gmail.com,TKT-008914,Damaged Item,3
user_41f6c1e8@gmail.com,TKT-008915,Late Delivery,2
user_793cd0b1@gmail.com,TKT-008916,Late Delivery,1
user_c96f5b41@gmail.com,TKT-008917,Damaged Item,3
user_1b365650@gmail.com,TKT-008918,Damaged Item,2
user_f36d0ad1@gmail.com,TKT-008919,Late Delivery,3
user_866950ac@gmail.com,TKT-008920,Late Delivery,1
user_852d914b@gmail.com,TKT-008921,Late Delivery,3
user_3e362e76@gmail.com,TKT-008922,Damaged Item,5
user_f5edf007@gmail.com,TKT-008923,Late Delivery,1
user_c21575db@gmail.com,TKT-008924,Damaged Item,4
user_12602d18@gmail.com,TKT-008925,Damaged Item,4
user_7aa39b50@gmail.com,TKT-008926,Damaged Item,4
user_5d631fc8@gmail.com,TKT-008927,Damaged Item,2
user_cd784960@gmail.com,TKT-008928,Late Delivery,1
user_a2c849f2@gmail.com,TKT-008929,Damaged Item,4
user_5ef5ee5d@gmail.com,TKT-008930,Damaged Item,4
user_1c4ad540@gmail.com,TKT-008931,Damaged Item,5
user_5c72a10b@gmail.com,TKT-008932,Damaged Item,3
user_539b3322@gmail.com,TKT-008933,Damaged Item,4
user_7b42fe72@gmail.com,TKT-008934,Damaged Item,5
user_e9f56896@gmail.com,TKT-008935,Damaged Item,5
user_f801278d@gmail.com,TKT-008936,Damaged Item,2
user_cad3225d@gmail.com,TKT-008937,Late Delivery,1
user_027803eb@gmail.com,TKT-008938,Damaged Item,3
user_649e1c7d@gmail.com,TKT-008939,Late Delivery,5
user_634c7fe1@gmail.com,TKT-008940,Damaged Item,2
user_b638efc3@gmail.com,TKT-008941,Damaged Item,3
user_8912a047@gmail.com,TKT-008942,Late Delivery,2
user_7b01541b@gmail.com,TKT-008943,Damaged Item,2
user_0665dfc7@gmail.com,TKT-008944,Late Delivery,2
user_72ac8059@gmail.com,TKT-008945,Damaged Item,3
user_ac79ea6e@gmail.com,TKT-008946,Late Delivery,5
user_66868237@gmail.com,TKT-008947,Damaged Item,4
user_953514c8@gmail.com,TKT-008948,Late Delivery,2
user_33db35ec@gmail.com,TKT-008949,Late Delivery,5
user_c9622482@gmail.com,TKT-008950,Damaged Item,5
user_61159604@gmail.com,TKT-008951,Damaged Item,5
user_fa26d4d4@gmail.com,TKT-008952,Late Delivery,2
user_e6765cc5@gmail.com,TKT-008953,Damaged Item,5
user_5dd8aa78@gmail.com,TKT-008954,Damaged Item,3
user_f9e7b09e@gmail.com,TKT-008955,Late Delivery,5
user_4df2d725@gmail.com,TKT-008956,Damaged Item,5
user_e97cafb8@gmail.com,TKT-008957,Damaged Item,1
user_06a65820@gmail.com,TKT-008958,Late Delivery,5
user_2092a83c@gmail.com,TKT-008959,Damaged Item,1
user_5bb5edf0@gmail.com,TKT-008960,Late Delivery,4
user_06e3f686@gmail.com,TKT-008961,Damaged Item,5
user_a57cea49@gmail.com,TKT-008962,Damaged Item,3
user_d0d8fa36@gmail.com,TKT-008963,Damaged Item,3
user_9b54d8ce@gmail.com,TKT-008964,Late Delivery,2
user_645dc4ae@gmail.com,TKT-008965,Late Delivery,5
user_44c7963c@gmail.com,TKT-008966,Late Delivery,4
user_f410f5e9@gmail.com,TKT-008967,Late Delivery,5
user_a25de8f8@gmail.com,TKT-008968,Damaged Item,3
user_454e4434@gmail.com,TKT-008969,Late Delivery,1
user_8537fc70@gmail.com,TKT-008970,Damaged Item,3
user_a24799ff@gmail.com,TKT-008971,Damaged Item,1
user_b8471c33@gmail.com,TKT-008972,Late Delivery,5
user_74f1c30f@gmail.com,TKT-008973,Late Delivery,5
user_9f78539e@gmail.com,TKT-008974,Damaged Item,2
user_c3728d4b@gmail.com,TKT-008975,Late Delivery,3
user_270dddd3@gmail.com,TKT-008976,Late Delivery,2
user_3109f64c@gmail.com,TKT-008977,Late Delivery,1
user_059e7585@gmail.com,TKT-008978,Late Delivery,5
user_568121d1@gmail.com,TKT-008979,Damaged Item,4
user_08c1b64f@gmail.com,TKT-008980,Late Delivery,2
user_a8d97362@gmail.com,TKT-008981,Damaged Item,3
user_be6b1b6f@gmail.com,TKT-008982,Late Delivery,3
user_2ec2e8e0@gmail.com,TKT-008983,Damaged Item,4
user_f120fc6d@gmail.com,TKT-008984,Damaged Item,3
user_a149aa32@gmail.com,TKT-008985,Damaged Item,3
user_d9cb476b@gmail.com,TKT-008986,Damaged Item,5
user_43dbac65@gmail.com,TKT-008987,Late Delivery,1
user_14054237@gmail.com,TKT-008988,Damaged Item,5
user_02a2144d@gmail.com,TKT-008989,Late Delivery,3
user_e9e140a3@gmail.com,TKT-008990,Damaged Item,3
user_a508365a@gmail.com,TKT-008991,Damaged Item,1
user_e029dff6@gmail.com,TKT-008992,Late Delivery,2
user_ff176d08@gmail.com,TKT-008993,Late Delivery,2
user_a8c769bb@gmail.com,TKT-008994,Late Delivery,5
user_a6aa6fac@gmail.com,TKT-008995,Late Delivery,5
user_33721607@gmail.com,TKT-008996,Damaged Item,2
user_5a819fa9@gmail.com,TKT-008997,Late Delivery,2
user_0cc2c169@gmail.com,TKT-008998,Late Delivery,3
user_d022f603@gmail.com,TKT-008999,Damaged Item,5
user_117d2f5d@gmail.com,TKT-009000,Damaged Item,1
user_93b3ffa5@gmail.com,TKT-009001,Damaged Item,1
user_c3ddcb8c@gmail.com,TKT-009002,Damaged Item,1
user_a57efc75@gmail.com,TKT-009003,Late Delivery,2
user_f4dd7dc4@gmail.com,TKT-009004,Damaged Item,1
user_9ec45685@gmail.com,TKT-009005,Damaged Item,1
user_a1ec4ef2@gmail.com,TKT-009006,Late Delivery,4
user_531a1a61@gmail.com,TKT-009007,Damaged Item,4
user_0a0775d9@gmail.com,TKT-009008,Late Delivery,2
user_b17f2da0@gmail.com,TKT-009009,Late Delivery,2
user_64760396@gmail.com,TKT-009010,Damaged Item,3
user_70c979e1@gmail.com,TKT-009011,Late Delivery,5
user_037b6dbe@gmail.com,TKT-009012,Late Delivery,2
user_9e0ffa36@gmail.com,TKT-009013,Damaged Item,3
user_0edf2c99@gmail.com,TKT-009014,Damaged Item,5
user_ea528516@gmail.com,TKT-009015,Damaged Item,3
user_f9d70205@gmail.com,TKT-009016,Late Delivery,1
user_a68ad412@gmail.com,TKT-009017,Damaged Item,3
user_6ea9faac@gmail.com,TKT-009018,Damaged Item,4
user_e868f393@gmail.com,TKT-009019,Damaged Item,5
user_4313fa54@gmail.com,TKT-009020,Late Delivery,2
user_e51a6905@gmail.com,TKT-009021,Damaged Item,4
user_8c7161f8@gmail.com,TKT-009022,Late Delivery,2
user_1439868e@gmail.com,TKT-009023,Damaged Item,5
user_b0cc15ee@gmail.com,TKT-009024,Late Delivery,4
user_4d9e1047@gmail.com,TKT-009025,Damaged Item,2
user_05cf4ddb@gmail.com,TKT-009026,Late Delivery,1
user_8dd0fe42@gmail.com,TKT-009027,Damaged Item,2
user_dd992305@gmail.com,TKT-009028,Damaged Item,3
user_fcb28b06@gmail.com,TKT-009029,Late Delivery,3
user_29765d0c@gmail.com,TKT-009030,Late Delivery,1
user_b83f14e1@gmail.com,TKT-009031,Late Delivery,2
user_b4678349@gmail.com,TKT-009032,Late Delivery,2
user_6ed5269a@gmail.com,TKT-009033,Late Delivery,3
user_a48c16e3@gmail.com,TKT-009034,Damaged Item,5
user_0151b5ff@gmail.com,TKT-009035,Late Delivery,3
user_5f8840d7@gmail.com,TKT-009036,Late Delivery,5
user_7ee99f5c@gmail.com,TKT-009037,Late Delivery,5
user_c2e59e1a@gmail.com,TKT-009038,Damaged Item,4
user_678939d6@gmail.com,TKT-009039,Damaged Item,1
user_923aff16@gmail.com,TKT-009040,Damaged Item,4
user_5e03021a@gmail.com,TKT-009041,Damaged Item,2
user_40bbfd65@gmail.com,TKT-009042,Late Delivery,1
user_2f4da4d9@gmail.com,TKT-009043,Late Delivery,4
user_c0c85f4c@gmail.com,TKT-009044,Damaged Item,2
user_79562ecc@gmail.com,TKT-009045,Late Delivery,4
user_55e4f5af@gmail.com,TKT-009046,Damaged Item,3
user_da290ce1@gmail.com,TKT-009047,Late Delivery,5
user_ca886941@gmail.com,TKT-009048,Late Delivery,2
user_be8b5107@gmail.com,TKT-009049,Damaged Item,5
user_8763996f@gmail.com,TKT-009050,Damaged Item,1
user_e49eafd7@gmail.com,TKT-009051,Late Delivery,2
user_728bf5e2@gmail.com,TKT-009052,Late Delivery,5
user_d395b5c9@gmail.com,TKT-009053,Late Delivery,2
user_fbe97b93@gmail.com,TKT-009054,Damaged Item,1
user_1d773897@gmail.com,TKT-009055,Late Delivery,1
user_918e31f7@gmail.com,TKT-009056,Late Delivery,5
user_eaf7e9bd@gmail.com,TKT-009057,Late Delivery,1
user_0c51f8d4@gmail.com,TKT-009058,Damaged Item,4
user_aa7c5ecd@gmail.com,TKT-009059,Damaged Item,1
user_78e55618@gmail.com,TKT-009060,Late Delivery,5
user_49eb459c@gmail.com,TKT-009061,Late Delivery,5
user_59c71ab8@gmail.com,TKT-009062,Late Delivery,4
user_00575b20@gmail.com,TKT-009063,Late Delivery,2
user_6d0d61a2@gmail.com,TKT-009064,Late Delivery,4
user_f2321c30@gmail.com,TKT-009065,Damaged Item,5
user_1d41d487@gmail.com,TKT-009066,Damaged Item,1
user_8126dc00@gmail.com,TKT-009067,Late Delivery,4
user_0a5b67d7@gmail.com,TKT-009068,Late Delivery,5
user_252acd67@gmail.com,TKT-009069,Damaged Item,1
user_121037d8@gmail.com,TKT-009070,Damaged Item,4
user_37199c7a@gmail.com,TKT-009071,Late Delivery,4
user_7a380cb5@gmail.com,TKT-009072,Damaged Item,5
user_a69fb895@gmail.com,TKT-009073,Late Delivery,2
user_8668c6d7@gmail.com,TKT-009074,Damaged Item,3
user_5a64b3fb@gmail.com,TKT-009075,Damaged Item,2
user_c7b748bd@gmail.com,TKT-009076,Damaged Item,2
user_796214f3@gmail.com,TKT-009077,Damaged Item,2
user_25717ae0@gmail.com,TKT-009078,Damaged Item,3
user_3d8ee81a@gmail.com,TKT-009079,Late Delivery,1
user_121c0749@gmail.com,TKT-009080,Damaged Item,4
user_1ba255b2@gmail.com,TKT-009081,Damaged Item,3
user_b24701a0@gmail.com,TKT-009082,Damaged Item,3
user_2dacd79a@gmail.com,TKT-009083,Late Delivery,2
user_6ed6a412@gmail.com,TKT-009084,Damaged Item,5
user_2ea2841b@gmail.com,TKT-009085,Late Delivery,5
user_339963d4@gmail.com,TKT-009086,Late Delivery,4
user_ac6b61f2@gmail.com,TKT-009087,Late Delivery,5
user_80f27211@gmail.com,TKT-009088,Damaged Item,2
user_a980f49d@gmail.com,TKT-009089,Damaged Item,1
user_05235d1f@gmail.com,TKT-009090,Damaged Item,3
user_fd59ebf3@gmail.com,TKT-009091,Damaged Item,5
user_57decc46@gmail.com,TKT-009092,Damaged Item,4
user_559026a1@gmail.com,TKT-009093,Late Delivery,5
user_d3952708@gmail.com,TKT-009094,Damaged Item,2
user_f5de0974@gmail.com,TKT-009095,Late Delivery,1
user_472fc978@gmail.com,TKT-009096,Late Delivery,5
user_737d1b3c@gmail.com,TKT-009097,Late Delivery,5
user_462335f5@gmail.com,TKT-009098,Late Delivery,1
user_f4061866@gmail.com,TKT-009099,Late Delivery,3
user_caa5e483@gmail.com,TKT-009100,Damaged Item,3
user_01b42ac9@gmail.com,TKT-009101,Late Delivery,2
user_b0f8dad6@gmail.com,TKT-009102,Late Delivery,4
user_728c940d@gmail.com,TKT-009103,Damaged Item,3
user_733ded55@gmail.com,TKT-009104,Late Delivery,1
user_d38fbef1@gmail.com,TKT-009105,Late Delivery,4
user_fb3c613b@gmail.com,TKT-009106,Late Delivery,2
user_b2c2e263@gmail.com,TKT-009107,Late Delivery,4
user_f725eaad@gmail.com,TKT-009108,Damaged Item,5
user_14a43f45@gmail.com,TKT-009109,Late Delivery,4
user_d8e40a4b@gmail.com,TKT-009110,Late Delivery,4
user_3f5227d5@gmail.com,TKT-009111,Late Delivery,3
user_2b12a51b@gmail.com,TKT-009112,Late Delivery,1
user_74c96c31@gmail.com,TKT-009113,Late Delivery,5
user_f96c22cb@gmail.com,TKT-009114,Damaged Item,2
user_532576a9@gmail.com,TKT-009115,Late Delivery,1
user_b4d20e09@gmail.com,TKT-009116,Late Delivery,5
user_e932ff9c@gmail.com,TKT-009117,Damaged Item,1
user_6c3213e6@gmail.com,TKT-009118,Damaged Item,5
user_abb63d37@gmail.com,TKT-009119,Late Delivery,1
user_99d3330a@gmail.com,TKT-009120,Damaged Item,1
user_7dc55fee@gmail.com,TKT-009121,Damaged Item,5
user_0610630d@gmail.com,TKT-009122,Damaged Item,3
user_db1fdca9@gmail.com,TKT-009123,Damaged Item,3
user_28f68e42@gmail.com,TKT-009124,Late Delivery,3
user_e670025d@gmail.com,TKT-009125,Damaged Item,2
user_a703a3c5@gmail.com,TKT-009126,Late Delivery,4
user_bff4f9bb@gmail.com,TKT-009127,Damaged Item,1
user_19af9b22@gmail.com,TKT-009128,Damaged Item,5
user_036ae786@gmail.com,TKT-009129,Late Delivery,3
user_d5bcdee1@gmail.com,TKT-009130,Damaged Item,1
user_0ddf38f6@gmail.com,TKT-009131,Late Delivery,2
user_9676b88a@gmail.com,TKT-009132,Damaged Item,2
user_cf365ebe@gmail.com,TKT-009133,Damaged Item,2
user_f95cd890@gmail.com,TKT-009134,Damaged Item,3
user_01aa30b6@gmail.com,TKT-009135,Late Delivery,2
user_c661cbb0@gmail.com,TKT-009136,Late Delivery,4
user_64bf6ad1@gmail.com,TKT-009137,Damaged Item,5
user_88983d01@gmail.com,TKT-009138,Late Delivery,1
user_1d2a1013@gmail.com,TKT-009139,Damaged Item,3
user_0f8dc6a0@gmail.com,TKT-009140,Damaged Item,4
user_f13d5260@gmail.com,TKT-009141,Damaged Item,4
user_42d2b957@gmail.com,TKT-009142,Damaged Item,3
user_d32cc3e0@gmail.com,TKT-009143,Late Delivery,4
user_77a50559@gmail.com,TKT-009144,Late Delivery,3
user_19636fe8@gmail.com,TKT-009145,Damaged Item,1
user_bee79793@gmail.com,TKT-009146,Damaged Item,3
user_a67a7184@gmail.com,TKT-009147,Damaged Item,3
user_05102edc@gmail.com,TKT-009148,Damaged Item,3
user_9e137e66@gmail.com,TKT-009149,Damaged Item,2
user_07124ebb@gmail.com,TKT-009150,Late Delivery,1
user_bd14890c@gmail.com,TKT-009151,Damaged Item,3
user_64fb97ee@gmail.com,TKT-009152,Damaged Item,2
user_20dcf846@gmail.com,TKT-009153,Damaged Item,3
user_da9a03e0@gmail.com,TKT-009154,Late Delivery,3
user_f415ac63@gmail.com,TKT-009155,Damaged Item,3
user_d6899f28@gmail.com,TKT-009156,Late Delivery,2
user_9babef38@gmail.com,TKT-009157,Late Delivery,5
user_14f66bef@gmail.com,TKT-009158,Damaged Item,3
user_7e8b71dc@gmail.com,TKT-009159,Late Delivery,5
user_1157c5ce@gmail.com,TKT-009160,Late Delivery,1
user_03a54414@gmail.com,TKT-009161,Damaged Item,3
user_040bea16@gmail.com,TKT-009162,Late Delivery,2
user_f34dfcdc@gmail.com,TKT-009163,Late Delivery,1
user_56c73ec3@gmail.com,TKT-009164,Damaged Item,3
user_266992f5@gmail.com,TKT-009165,Late Delivery,1
user_e88704ad@gmail.com,TKT-009166,Late Delivery,1
user_7e30d233@gmail.com,TKT-009167,Late Delivery,4
user_c38794d4@gmail.com,TKT-009168,Damaged Item,1
user_e42f9acf@gmail.com,TKT-009169,Late Delivery,1
user_707ff98a@gmail.com,TKT-009170,Late Delivery,4
user_1c7267f3@gmail.com,TKT-009171,Damaged Item,3
user_4c1bb90d@gmail.com,TKT-009172,Late Delivery,2
user_9cec8e7b@gmail.com,TKT-009173,Late Delivery,5
user_8f48a9f9@gmail.com,TKT-009174,Late Delivery,2
user_40602448@gmail.com,TKT-009175,Damaged Item,3
user_215cc2b0@gmail.com,TKT-009176,Damaged Item,4
user_f219a745@gmail.com,TKT-009177,Damaged Item,2
user_4c0aa4a0@gmail.com,TKT-009178,Damaged Item,5
user_ff083a95@gmail.com,TKT-009179,Damaged Item,2
user_281e1e72@gmail.com,TKT-009180,Late Delivery,2
user_c6115c32@gmail.com,TKT-009181,Late Delivery,4
user_aa8d9a4d@gmail.com,TKT-009182,Damaged Item,5
user_65d1314b@gmail.com,TKT-009183,Late Delivery,4
user_cb25b0f5@gmail.com,TKT-009184,Damaged Item,4
user_f73da9ed@gmail.com,TKT-009185,Late Delivery,1
user_1dcd131b@gmail.com,TKT-009186,Late Delivery,5
user_2a024420@gmail.com,TKT-009187,Late Delivery,4
user_9733b032@gmail.com,TKT-009188,Damaged Item,4
user_04672804@gmail.com,TKT-009189,Late Delivery,1
user_e20d9dc6@gmail.com,TKT-009190,Damaged Item,5
user_32590caa@gmail.com,TKT-009191,Late Delivery,5
user_eee056a1@gmail.com,TKT-009192,Damaged Item,2
user_42f80af2@gmail.com,TKT-009193,Late Delivery,2
user_8898ed0e@gmail.com,TKT-009194,Damaged Item,4
user_3e7499f6@gmail.com,TKT-009195,Damaged Item,4
user_17e2da2b@gmail.com,TKT-009196,Damaged Item,1
user_233a3db3@gmail.com,TKT-009197,Late Delivery,4
user_64530478@gmail.com,TKT-009198,Damaged Item,2
user_d9972a36@gmail.com,TKT-009199,Damaged Item,4
user_065101ba@gmail.com,TKT-009200,Damaged Item,4
user_af221994@gmail.com,TKT-009201,Late Delivery,5
user_51566116@gmail.com,TKT-009202,Late Delivery,1
user_9462683b@gmail.com,TKT-009203,Late Delivery,3
user_ba057cfe@gmail.com,TKT-009204,Late Delivery,1
user_8f5b9dd8@gmail.com,TKT-009205,Late Delivery,1
user_7ea4287d@gmail.com,TKT-009206,Late Delivery,4
user_4a83a154@gmail.com,TKT-009207,Damaged Item,1
user_96278eb6@gmail.com,TKT-009208,Damaged Item,5
user_3f6bfbf0@gmail.com,TKT-009209,Damaged Item,5
user_de429065@gmail.com,TKT-009210,Damaged Item,5
user_7b725b3a@gmail.com,TKT-009211,Damaged Item,2
user_93456039@gmail.com,TKT-009212,Late Delivery,4
user_9a550659@gmail.com,TKT-009213,Late Delivery,5
user_af018ffd@gmail.com,TKT-009214,Late Delivery,1
user_4c7e61a1@gmail.com,TKT-009215,Late Delivery,1
user_be860dd3@gmail.com,TKT-009216,Damaged Item,3
user_26cf5e64@gmail.com,TKT-009217,Damaged Item,1
user_6b33d991@gmail.com,TKT-009218,Late Delivery,5
user_92d6a6df@gmail.com,TKT-009219,Late Delivery,4
user_34943ee2@gmail.com,TKT-009220,Late Delivery,4
user_86c7f24c@gmail.com,TKT-009221,Damaged Item,3
user_11850631@gmail.com,TKT-009222,Damaged Item,5
user_c304841f@gmail.com,TKT-009223,Late Delivery,4
user_a7f21962@gmail.com,TKT-009224,Late Delivery,1
user_d6788de8@gmail.com,TKT-009225,Damaged Item,2
user_473d82e9@gmail.com,TKT-009226,Damaged Item,5
user_2b348b43@gmail.com,TKT-009227,Late Delivery,2
user_bb25cc0a@gmail.com,TKT-009228,Late Delivery,5
user_f739a0a9@gmail.com,TKT-009229,Late Delivery,2
user_f384b670@gmail.com,TKT-009230,Late Delivery,4
user_f445fca9@gmail.com,TKT-009231,Damaged Item,4
user_aa9d4a14@gmail.com,TKT-009232,Late Delivery,1
user_177c97a1@gmail.com,TKT-009233,Late Delivery,5
user_4b476c0a@gmail.com,TKT-009234,Damaged Item,2
user_ceb9cd47@gmail.com,TKT-009235,Late Delivery,3
user_a9f41cfa@gmail.com,TKT-009236,Late Delivery,2
user_f5610aa2@gmail.com,TKT-009237,Late Delivery,2
user_0333a3c9@gmail.com,TKT-009238,Damaged Item,4
user_46fc5e20@gmail.com,TKT-009239,Damaged Item,5
user_b2c10a20@gmail.com,TKT-009240,Late Delivery,4
user_33de26d1@gmail.com,TKT-009241,Late Delivery,5
user_d42abb03@gmail.com,TKT-009242,Late Delivery,1
user_ed0bbd08@gmail.com,TKT-009243,Late Delivery,2
user_4436c557@gmail.com,TKT-009244,Damaged Item,1
user_1467840a@gmail.com,TKT-009245,Damaged Item,1
user_00ec6ce8@gmail.com,TKT-009246,Late Delivery,3
user_aedcbd13@gmail.com,TKT-009247,Late Delivery,5
user_c199fe99@gmail.com,TKT-009248,Damaged Item,1
user_f0a5d354@gmail.com,TKT-009249,Damaged Item,3
user_6916bae3@gmail.com,TKT-009250,Damaged Item,2
user_36b84fe3@gmail.com,TKT-009251,Late Delivery,5
user_3bbf81ec@gmail.com,TKT-009252,Damaged Item,3
user_630f190c@gmail.com,TKT-009253,Late Delivery,2
user_97d80b89@gmail.com,TKT-009254,Late Delivery,1
user_ce6932a8@gmail.com,TKT-009255,Damaged Item,3
user_35ee5bf5@gmail.com,TKT-009256,Late Delivery,5
user_f2e48e53@gmail.com,TKT-009257,Damaged Item,5
user_f7008341@gmail.com,TKT-009258,Damaged Item,3
user_080758a2@gmail.com,TKT-009259,Late Delivery,3
user_6bcf761c@gmail.com,TKT-009260,Late Delivery,3
user_c00c3c4e@gmail.com,TKT-009261,Damaged Item,5
user_37b5ae93@gmail.com,TKT-009262,Late Delivery,5
user_dfd34b0a@gmail.com,TKT-009263,Late Delivery,5
user_804eb664@gmail.com,TKT-009264,Late Delivery,1
user_f6b12abd@gmail.com,TKT-009265,Late Delivery,3
user_1f00d2a0@gmail.com,TKT-009266,Damaged Item,4
user_8b5cd6bf@gmail.com,TKT-009267,Late Delivery,4
user_1a5cce05@gmail.com,TKT-009268,Damaged Item,1
user_21915e1e@gmail.com,TKT-009269,Late Delivery,5
user_e28632b6@gmail.com,TKT-009270,Late Delivery,5
user_ea870f4f@gmail.com,TKT-009271,Damaged Item,5
user_88bd8881@gmail.com,TKT-009272,Damaged Item,3
user_7f6fc5ee@gmail.com,TKT-009273,Damaged Item,5
user_d1ab24ff@gmail.com,TKT-009274,Late Delivery,2
user_c5819997@gmail.com,TKT-009275,Damaged Item,3
user_eee1310e@gmail.com,TKT-009276,Late Delivery,1
user_c1a92515@gmail.com,TKT-009277,Late Delivery,2
user_b7815374@gmail.com,TKT-009278,Damaged Item,3
user_fec3ef99@gmail.com,TKT-009279,Damaged Item,3
user_0339119d@gmail.com,TKT-009280,Late Delivery,4
user_b2d857f5@gmail.com,TKT-009281,Damaged Item,5
user_1676405e@gmail.com,TKT-009282,Damaged Item,1
user_329123e2@gmail.com,TKT-009283,Late Delivery,4
user_ef615978@gmail.com,TKT-009284,Late Delivery,3
user_31a243df@gmail.com,TKT-009285,Late Delivery,3
user_08142acc@gmail.com,TKT-009286,Damaged Item,5
user_60bec6ef@gmail.com,TKT-009287,Damaged Item,1
user_9c6380b6@gmail.com,TKT-009288,Damaged Item,1
user_9818f8aa@gmail.com,TKT-009289,Late Delivery,2
user_65f770e7@gmail.com,TKT-009290,Damaged Item,2
user_bf3451be@gmail.com,TKT-009291,Damaged Item,5
user_60d2143d@gmail.com,TKT-009292,Damaged Item,2
user_9152263c@gmail.com,TKT-009293,Late Delivery,5
user_0a9e0b92@gmail.com,TKT-009294,Damaged Item,3
user_1f808388@gmail.com,TKT-009295,Damaged Item,1
user_d74cf068@gmail.com,TKT-009296,Damaged Item,5
user_b23eb80a@gmail.com,TKT-009297,Late Delivery,2
user_04fb0069@gmail.com,TKT-009298,Late Delivery,2
user_8fcd817e@gmail.com,TKT-009299,Late Delivery,1
user_31d41cae@gmail.com,TKT-009300,Late Delivery,3
user_1a2042f3@gmail.com,TKT-009301,Damaged Item,5
user_fac8b5e9@gmail.com,TKT-009302,Damaged Item,2
user_3f8b8d63@gmail.com,TKT-009303,Damaged Item,3
user_0278b3b0@gmail.com,TKT-009304,Damaged Item,5
user_0ec0d609@gmail.com,TKT-009305,Damaged Item,3
user_9e663beb@gmail.com,TKT-009306,Late Delivery,1
user_16e0f057@gmail.com,TKT-009307,Damaged Item,4
user_be3c969d@gmail.com,TKT-009308,Damaged Item,2
user_1d8b0ad1@gmail.com,TKT-009309,Damaged Item,5
user_4b21961c@gmail.com,TKT-009310,Late Delivery,3
user_3b487800@gmail.com,TKT-009311,Damaged Item,4
user_524173b5@gmail.com,TKT-009312,Damaged Item,4
user_43e626e9@gmail.com,TKT-009313,Damaged Item,3
user_bce1de3f@gmail.com,TKT-009314,Late Delivery,1
user_ba54f40b@gmail.com,TKT-009315,Late Delivery,5
user_93fd5958@gmail.com,TKT-009316,Late Delivery,4
user_163e0b70@gmail.com,TKT-009317,Late Delivery,3
user_d4f6e329@gmail.com,TKT-009318,Late Delivery,3
user_e6613a70@gmail.com,TKT-009319,Late Delivery,4
user_926c0473@gmail.com,TKT-009320,Late Delivery,4
user_625ce1a1@gmail.com,TKT-009321,Late Delivery,3
user_ad5fe24b@gmail.com,TKT-009322,Damaged Item,5
user_115b53c1@gmail.com,TKT-009323,Damaged Item,5
user_51cbe23e@gmail.com,TKT-009324,Late Delivery,4
user_6b4e8e7b@gmail.com,TKT-009325,Damaged Item,4
user_ab425974@gmail.com,TKT-009326,Damaged Item,5
user_c1a407e6@gmail.com,TKT-009327,Late Delivery,2
user_7b40a26d@gmail.com,TKT-009328,Damaged Item,3
user_a6d070c5@gmail.com,TKT-009329,Damaged Item,4
user_2a1498fc@gmail.com,TKT-009330,Late Delivery,4
user_38483398@gmail.com,TKT-009331,Late Delivery,1
user_c019a05c@gmail.com,TKT-009332,Damaged Item,4
user_25d1543b@gmail.com,TKT-009333,Late Delivery,3
user_f6918f8d@gmail.com,TKT-009334,Late Delivery,3
user_ef9a3556@gmail.com,TKT-009335,Damaged Item,1
user_a34e55a2@gmail.com,TKT-009336,Damaged Item,4
user_0c21e1a3@gmail.com,TKT-009337,Damaged Item,2
user_a0b50063@gmail.com,TKT-009338,Late Delivery,3
user_940ff936@gmail.com,TKT-009339,Damaged Item,5
user_6ab2e4b7@gmail.com,TKT-009340,Late Delivery,3
user_ae62edbb@gmail.com,TKT-009341,Damaged Item,4
user_f1c6fd8f@gmail.com,TKT-009342,Late Delivery,2
user_7cc7d622@gmail.com,TKT-009343,Damaged Item,2
user_801d7476@gmail.com,TKT-009344,Damaged Item,1
user_deaeb5c1@gmail.com,TKT-009345,Late Delivery,4
user_adef5997@gmail.com,TKT-009346,Late Delivery,1
user_b87b4adb@gmail.com,TKT-009347,Late Delivery,2
user_fde78af2@gmail.com,TKT-009348,Damaged Item,4
user_28688aa5@gmail.com,TKT-009349,Damaged Item,4
user_45a28441@gmail.com,TKT-009350,Late Delivery,4
user_9090eb0d@gmail.com,TKT-009351,Damaged Item,5
user_23768e16@gmail.com,TKT-009352,Late Delivery,5
user_4b1544b0@gmail.com,TKT-009353,Late Delivery,5
user_acbaabfe@gmail.com,TKT-009354,Late Delivery,4
user_58aaf012@gmail.com,TKT-009355,Damaged Item,3
user_a286008b@gmail.com,TKT-009356,Damaged Item,3
user_729b3489@gmail.com,TKT-009357,Late Delivery,2
user_baf26f8e@gmail.com,TKT-009358,Damaged Item,2
user_f51845e1@gmail.com,TKT-009359,Late Delivery,5
user_8291b8ed@gmail.com,TKT-009360,Damaged Item,1
user_4f1f1fa0@gmail.com,TKT-009361,Damaged Item,1
user_9c422087@gmail.com,TKT-009362,Damaged Item,2
user_410be97e@gmail.com,TKT-009363,Late Delivery,3
user_2a77526e@gmail.com,TKT-009364,Late Delivery,2
user_c844fe1b@gmail.com,TKT-009365,Late Delivery,1
user_8a6b739c@gmail.com,TKT-009366,Damaged Item,1
user_cc276204@gmail.com,TKT-009367,Damaged Item,1
user_50ee4216@gmail.com,TKT-009368,Damaged Item,5
user_ccf97b95@gmail.com,TKT-009369,Late Delivery,1
user_98f314d3@gmail.com,TKT-009370,Damaged Item,4
user_1ef2a5f1@gmail.com,TKT-009371,Damaged Item,4
user_8f74bced@gmail.com,TKT-009372,Late Delivery,2
user_754966ce@gmail.com,TKT-009373,Damaged Item,2
user_c8abffe7@gmail.com,TKT-009374,Damaged Item,2
user_fb48b86d@gmail.com,TKT-009375,Late Delivery,1
user_c8edac37@gmail.com,TKT-009376,Damaged Item,5
user_5c00398e@gmail.com,TKT-009377,Late Delivery,2
user_c3d7c80f@gmail.com,TKT-009378,Late Delivery,1
user_69fd82c4@gmail.com,TKT-009379,Damaged Item,3
user_7e68c3ac@gmail.com,TKT-009380,Late Delivery,5
user_9e89d223@gmail.com,TKT-009381,Late Delivery,2
user_9c0e3316@gmail.com,TKT-009382,Damaged Item,3
user_82e1a1e7@gmail.com,TKT-009383,Damaged Item,1
user_6da05480@gmail.com,TKT-009384,Damaged Item,3
user_2b0bda01@gmail.com,TKT-009385,Damaged Item,3
user_b2f4ca50@gmail.com,TKT-009386,Damaged Item,3
user_8275b03e@gmail.com,TKT-009387,Damaged Item,5
user_5a494c64@gmail.com,TKT-009388,Damaged Item,3
user_dc8fe0db@gmail.com,TKT-009389,Damaged Item,1
user_119c4cdd@gmail.com,TKT-009390,Late Delivery,4
user_fd9e7ab4@gmail.com,TKT-009391,Damaged Item,4
user_64727e23@gmail.com,TKT-009392,Late Delivery,2
user_9ee63427@gmail.com,TKT-009393,Damaged Item,5
user_373cdc68@gmail.com,TKT-009394,Damaged Item,5
user_5d72a779@gmail.com,TKT-009395,Damaged Item,2
user_0856272a@gmail.com,TKT-009396,Late Delivery,1
user_19a4d26a@gmail.com,TKT-009397,Late Delivery,5
user_3303c904@gmail.com,TKT-009398,Damaged Item,4
user_12e8e6fd@gmail.com,TKT-009399,Late Delivery,2
user_d9a2eaab@gmail.com,TKT-009400,Late Delivery,1
user_8d05b680@gmail.com,TKT-009401,Damaged Item,1
user_56929b4c@gmail.com,TKT-009402,Late Delivery,4
user_611498b1@gmail.com,TKT-009403,Damaged Item,1
user_d8e34820@gmail.com,TKT-009404,Damaged Item,3
user_021ac573@gmail.com,TKT-009405,Late Delivery,4
user_b6c54869@gmail.com,TKT-009406,Damaged Item,4
user_f0a61cf4@gmail.com,TKT-009407,Late Delivery,2
user_f2c865ff@gmail.com,TKT-009408,Late Delivery,3
user_c4314bfb@gmail.com,TKT-009409,Late Delivery,2
user_4dcb808b@gmail.com,TKT-009410,Late Delivery,2
user_8577a03b@gmail.com,TKT-009411,Late Delivery,3
user_65cfdb0d@gmail.com,TKT-009412,Damaged Item,4
user_4c304f24@gmail.com,TKT-009413,Damaged Item,4
user_ca08d014@gmail.com,TKT-009414,Damaged Item,3
user_a2b45780@gmail.com,TKT-009415,Late Delivery,2
user_83547ceb@gmail.com,TKT-009416,Damaged Item,3
user_28e74199@gmail.com,TKT-009417,Damaged Item,2
user_5a75094c@gmail.com,TKT-009418,Damaged Item,4
user_a58f644f@gmail.com,TKT-009419,Damaged Item,5
user_6cc5f195@gmail.com,TKT-009420,Damaged Item,2
user_6770e2d6@gmail.com,TKT-009421,Damaged Item,3
user_94e024f6@gmail.com,TKT-009422,Late Delivery,3
user_9c77a158@gmail.com,TKT-009423,Late Delivery,2
user_e94ffbc6@gmail.com,TKT-009424,Damaged Item,3
user_3f564d2d@gmail.com,TKT-009425,Damaged Item,3
user_50d02c9a@gmail.com,TKT-009426,Damaged Item,5
user_459addfa@gmail.com,TKT-009427,Damaged Item,4
user_c1ee797a@gmail.com,TKT-009428,Late Delivery,2
user_bc3e7032@gmail.com,TKT-009429,Damaged Item,2
user_761a6992@gmail.com,TKT-009430,Damaged Item,4
user_15090f48@gmail.com,TKT-009431,Damaged Item,3
user_eceec0d0@gmail.com,TKT-009432,Damaged Item,4
user_5a5bf3bc@gmail.com,TKT-009433,Late Delivery,1
user_d8a92bd8@gmail.com,TKT-009434,Late Delivery,2
user_67e52918@gmail.com,TKT-009435,Damaged Item,2
user_2ab8e780@gmail.com,TKT-009436,Damaged Item,5
user_f530d11f@gmail.com,TKT-009437,Damaged Item,4
user_12c4c68f@gmail.com,TKT-009438,Late Delivery,3
user_085f8b93@gmail.com,TKT-009439,Late Delivery,2
user_2e6dca61@gmail.com,TKT-009440,Damaged Item,1
user_2d5b1776@gmail.com,TKT-009441,Late Delivery,1
user_a08b7a13@gmail.com,TKT-009442,Late Delivery,5
user_de8dde24@gmail.com,TKT-009443,Late Delivery,3
user_9a7f008e@gmail.com,TKT-009444,Damaged Item,4
user_b12c3509@gmail.com,TKT-009445,Damaged Item,4
user_9df37760@gmail.com,TKT-009446,Damaged Item,1
user_b5be7a62@gmail.com,TKT-009447,Late Delivery,4
user_3b4eceaf@gmail.com,TKT-009448,Damaged Item,2
user_e58f68be@gmail.com,TKT-009449,Late Delivery,5
user_8124fb5b@gmail.com,TKT-009450,Damaged Item,2
user_ce673045@gmail.com,TKT-009451,Late Delivery,5
user_e3389914@gmail.com,TKT-009452,Late Delivery,4
user_e2b6d6a4@gmail.com,TKT-009453,Damaged Item,1
user_3a6cf3e8@gmail.com,TKT-009454,Damaged Item,2
user_32b73614@gmail.com,TKT-009455,Damaged Item,2
user_6874d746@gmail.com,TKT-009456,Damaged Item,4
user_2ad0e1e3@gmail.com,TKT-009457,Late Delivery,4
user_0ef8f5a3@gmail.com,TKT-009458,Late Delivery,5
user_e5f09d25@gmail.com,TKT-009459,Damaged Item,5
user_0bbd9d31@gmail.com,TKT-009460,Late Delivery,3
user_d90ad5d1@gmail.com,TKT-009461,Damaged Item,1
user_f093103a@gmail.com,TKT-009462,Damaged Item,1
user_f5136b8f@gmail.com,TKT-009463,Late Delivery,5
user_b6b2489c@gmail.com,TKT-009464,Late Delivery,5
user_e5959be4@gmail.com,TKT-009465,Late Delivery,5
user_8b6897e2@gmail.com,TKT-009466,Late Delivery,5
user_731a7cfc@gmail.com,TKT-009467,Damaged Item,1
user_dad9f89f@gmail.com,TKT-009468,Late Delivery,3
user_4d76ce9a@gmail.com,TKT-009469,Damaged Item,5
user_c4ddab94@gmail.com,TKT-009470,Late Delivery,5
user_1ff21b1a@gmail.com,TKT-009471,Late Delivery,2
user_1f7fccff@gmail.com,TKT-009472,Damaged Item,1
user_ff39ae41@gmail.com,TKT-009473,Late Delivery,5
user_0eb2889f@gmail.com,TKT-009474,Damaged Item,1
user_6dca806b@gmail.com,TKT-009475,Damaged Item,4
user_b78ca8ed@gmail.com,TKT-009476,Damaged Item,3
user_93eac6e2@gmail.com,TKT-009477,Damaged Item,2
user_b0cd3c6f@gmail.com,TKT-009478,Damaged Item,4
user_390df523@gmail.com,TKT-009479,Late Delivery,3
user_e1c4798d@gmail.com,TKT-009480,Late Delivery,1
user_100ace3a@gmail.com,TKT-009481,Late Delivery,2
user_a1072a1f@gmail.com,TKT-009482,Late Delivery,5
user_58ce1cfb@gmail.com,TKT-009483,Damaged Item,1
user_cfb9250a@gmail.com,TKT-009484,Late Delivery,2
user_b8e17981@gmail.com,TKT-009485,Damaged Item,4
user_5739f4b8@gmail.com,TKT-009486,Late Delivery,1
user_dd1dee3b@gmail.com,TKT-009487,Late Delivery,4
user_fee9d48a@gmail.com,TKT-009488,Damaged Item,3
user_96f2e8c9@gmail.com,TKT-009489,Damaged Item,2
user_e3ea2953@gmail.com,TKT-009490,Late Delivery,5
user_99c0c1bc@gmail.com,TKT-009491,Late Delivery,2
user_883dc2fe@gmail.com,TKT-009492,Late Delivery,3
user_721dbdcb@gmail.com,TKT-009493,Late Delivery,2
user_54807725@gmail.com,TKT-009494,Damaged Item,5
user_ec0aae9b@gmail.com,TKT-009495,Damaged Item,2
user_f64475bd@gmail.com,TKT-009496,Damaged Item,2
user_1485ab02@gmail.com,TKT-009497,Damaged Item,5
user_6985e81d@gmail.com,TKT-009498,Damaged Item,5
user_5b5980e0@gmail.com,TKT-009499,Damaged Item,1
user_14d7cd50@gmail.com,TKT-009500,Damaged Item,5
user_d9b6d588@gmail.com,TKT-009501,Damaged Item,2
user_72ca6d17@gmail.com,TKT-009502,Damaged Item,2
user_9ddb70ae@gmail.com,TKT-009503,Late Delivery,3
user_f686ca19@gmail.com,TKT-009504,Damaged Item,4
user_cb36af17@gmail.com,TKT-009505,Damaged Item,3
user_94544892@gmail.com,TKT-009506,Late Delivery,3
user_b2ff6bd1@gmail.com,TKT-009507,Damaged Item,2
user_bee155c4@gmail.com,TKT-009508,Late Delivery,3
user_44191aea@gmail.com,TKT-009509,Late Delivery,1
user_eec95eab@gmail.com,TKT-009510,Damaged Item,2
user_fe4507b4@gmail.com,TKT-009511,Late Delivery,5
user_874f552a@gmail.com,TKT-009512,Damaged Item,4
user_21342e5b@gmail.com,TKT-009513,Late Delivery,1
user_0b6e3384@gmail.com,TKT-009514,Late Delivery,5
user_91128052@gmail.com,TKT-009515,Late Delivery,2
user_1348a9d1@gmail.com,TKT-009516,Damaged Item,5
user_9ecf44ab@gmail.com,TKT-009517,Late Delivery,2
user_961e9bb9@gmail.com,TKT-009518,Damaged Item,2
user_4869e690@gmail.com,TKT-009519,Damaged Item,1
user_f579b2ba@gmail.com,TKT-009520,Damaged Item,4
user_2a3646bd@gmail.com,TKT-009521,Damaged Item,2
user_e249bd3b@gmail.com,TKT-009522,Late Delivery,5
user_3655eeed@gmail.com,TKT-009523,Damaged Item,2
user_13311146@gmail.com,TKT-009524,Late Delivery,2
user_80eabfc2@gmail.com,TKT-009525,Damaged Item,5
user_854cc8f6@gmail.com,TKT-009526,Late Delivery,5
user_d0d2121a@gmail.com,TKT-009527,Late Delivery,5
user_6df95554@gmail.com,TKT-009528,Late Delivery,5
user_b02bd9f0@gmail.com,TKT-009529,Damaged Item,5
user_ef1ca25c@gmail.com,TKT-009530,Damaged Item,2
user_b62777d3@gmail.com,TKT-009531,Damaged Item,1
user_1ec407f6@gmail.com,TKT-009532,Late Delivery,2
user_4576bce2@gmail.com,TKT-009533,Late Delivery,1
user_b1872bfc@gmail.com,TKT-009534,Damaged Item,1
user_60712169@gmail.com,TKT-009535,Damaged Item,2
user_5ec2831c@gmail.com,TKT-009536,Damaged Item,3
user_cd2671a2@gmail.com,TKT-009537,Late Delivery,3
user_8e40eb3f@gmail.com,TKT-009538,Damaged Item,4
user_844f54c4@gmail.com,TKT-009539,Late Delivery,3
user_bc72caf8@gmail.com,TKT-009540,Late Delivery,5
user_f2993a5e@gmail.com,TKT-009541,Late Delivery,1
user_5bc4aa3b@gmail.com,TKT-009542,Late Delivery,2
user_aad49491@gmail.com,TKT-009543,Late Delivery,5
user_9ee8464e@gmail.com,TKT-009544,Damaged Item,3
user_22e08981@gmail.com,TKT-009545,Late Delivery,1
user_5b144ed8@gmail.com,TKT-009546,Late Delivery,2
user_98a106ee@gmail.com,TKT-009547,Damaged Item,3
user_fa5575f7@gmail.com,TKT-009548,Damaged Item,5
user_dadc1f59@gmail.com,TKT-009549,Late Delivery,5
user_3ff87420@gmail.com,TKT-009550,Damaged Item,2
user_08c563a0@gmail.com,TKT-009551,Damaged Item,2
user_5389a42a@gmail.com,TKT-009552,Damaged Item,5
user_16a5eb74@gmail.com,TKT-009553,Damaged Item,3
user_0df03c17@gmail.com,TKT-009554,Late Delivery,2
user_8f0eb363@gmail.com,TKT-009555,Damaged Item,3
user_266bc4c3@gmail.com,TKT-009556,Late Delivery,4
user_8af636a8@gmail.com,TKT-009557,Damaged Item,3
user_72591833@gmail.com,TKT-009558,Damaged Item,2
user_283cbb47@gmail.com,TKT-009559,Late Delivery,1
user_b31adb48@gmail.com,TKT-009560,Damaged Item,2
user_6d2ca69d@gmail.com,TKT-009561,Late Delivery,5
user_8ad4694c@gmail.com,TKT-009562,Damaged Item,4
user_03dccfec@gmail.com,TKT-009563,Late Delivery,5
user_87e50b38@gmail.com,TKT-009564,Damaged Item,5
user_6b581771@gmail.com,TKT-009565,Late Delivery,4
user_4b918138@gmail.com,TKT-009566,Damaged Item,4
user_2ff881fd@gmail.com,TKT-009567,Late Delivery,1
user_01ae3897@gmail.com,TKT-009568,Damaged Item,3
user_c5afdb21@gmail.com,TKT-009569,Late Delivery,2
user_dd530943@gmail.com,TKT-009570,Damaged Item,4
user_d04bfb5a@gmail.com,TKT-009571,Late Delivery,3
user_e85047ec@gmail.com,TKT-009572,Late Delivery,5
user_b92521a4@gmail.com,TKT-009573,Late Delivery,4
user_47cff099@gmail.com,TKT-009574,Late Delivery,2
user_334054ef@gmail.com,TKT-009575,Damaged Item,1
user_c1540daa@gmail.com,TKT-009576,Damaged Item,4
user_b116e5ae@gmail.com,TKT-009577,Damaged Item,3
user_679602a8@gmail.com,TKT-009578,Late Delivery,2
user_233e5d96@gmail.com,TKT-009579,Damaged Item,1
user_2aa8f2dd@gmail.com,TKT-009580,Damaged Item,1
user_5f71a528@gmail.com,TKT-009581,Damaged Item,5
user_8cf5ad78@gmail.com,TKT-009582,Damaged Item,2
user_0326b453@gmail.com,TKT-009583,Damaged Item,4
user_4f0796ab@gmail.com,TKT-009584,Damaged Item,2
user_1090fe4c@gmail.com,TKT-009585,Late Delivery,1
user_e4116a75@gmail.com,TKT-009586,Late Delivery,1
user_53da718d@gmail.com,TKT-009587,Damaged Item,2
user_34fbeb53@gmail.com,TKT-009588,Damaged Item,2
user_4a0e8e13@gmail.com,TKT-009589,Late Delivery,1
user_77418cb2@gmail.com,TKT-009590,Late Delivery,3
user_ea7fa61f@gmail.com,TKT-009591,Late Delivery,4
user_ccdc2cd2@gmail.com,TKT-009592,Late Delivery,4
user_139ebd12@gmail.com,TKT-009593,Late Delivery,5
user_68ab9bfe@gmail.com,TKT-009594,Damaged Item,4
user_4a2323f8@gmail.com,TKT-009595,Damaged Item,3
user_de2ae224@gmail.com,TKT-009596,Late Delivery,3
user_902814c1@gmail.com,TKT-009597,Damaged Item,2
user_86f058f4@gmail.com,TKT-009598,Late Delivery,3
user_2526f439@gmail.com,TKT-009599,Late Delivery,2
user_6a140ba4@gmail.com,TKT-009600,Damaged Item,2
user_f0d5f6b6@gmail.com,TKT-009601,Damaged Item,4
user_a4b1f228@gmail.com,TKT-009602,Late Delivery,2
user_b5e6975d@gmail.com,TKT-009603,Late Delivery,3
user_cf324d08@gmail.com,TKT-009604,Late Delivery,2
user_3091200f@gmail.com,TKT-009605,Damaged Item,2
user_b4368f88@gmail.com,TKT-009606,Damaged Item,5
user_61ab6120@gmail.com,TKT-009607,Late Delivery,2
user_c8f83fa0@gmail.com,TKT-009608,Late Delivery,1
user_86aab532@gmail.com,TKT-009609,Damaged Item,3
user_12b10edb@gmail.com,TKT-009610,Damaged Item,3
user_9b45b4d8@gmail.com,TKT-009611,Damaged Item,3
user_cc94f110@gmail.com,TKT-009612,Late Delivery,3
user_1884376f@gmail.com,TKT-009613,Late Delivery,4
user_634b8157@gmail.com,TKT-009614,Late Delivery,3
user_6e5cfb83@gmail.com,TKT-009615,Late Delivery,1
user_d9ad5b8c@gmail.com,TKT-009616,Late Delivery,2
user_936ddf09@gmail.com,TKT-009617,Damaged Item,5
user_0d0e54b6@gmail.com,TKT-009618,Late Delivery,5
user_0ed9c3e3@gmail.com,TKT-009619,Damaged Item,2
user_988d3a14@gmail.com,TKT-009620,Late Delivery,2
user_642d4a4e@gmail.com,TKT-009621,Late Delivery,3
user_2a9a9283@gmail.com,TKT-009622,Damaged Item,1
user_54ed3f08@gmail.com,TKT-009623,Late Delivery,5
user_03219f70@gmail.com,TKT-009624,Late Delivery,3
user_4aa75596@gmail.com,TKT-009625,Damaged Item,2
user_e38413a1@gmail.com,TKT-009626,Late Delivery,4
user_5eefd832@gmail.com,TKT-009627,Late Delivery,5
user_c94da06b@gmail.com,TKT-009628,Late Delivery,2
user_7852e5c8@gmail.com,TKT-009629,Late Delivery,5
user_a0842648@gmail.com,TKT-009630,Damaged Item,5
user_5bd046ec@gmail.com,TKT-009631,Late Delivery,2
user_733730c1@gmail.com,TKT-009632,Late Delivery,5
user_c316912e@gmail.com,TKT-009633,Late Delivery,5
user_fdfbca7a@gmail.com,TKT-009634,Damaged Item,2
user_92222040@gmail.com,TKT-009635,Late Delivery,5
user_e7c942cb@gmail.com,TKT-009636,Damaged Item,3
user_44117ca1@gmail.com,TKT-009637,Late Delivery,5
user_da291db1@gmail.com,TKT-009638,Damaged Item,3
user_6976f84a@gmail.com,TKT-009639,Late Delivery,3
user_fc1d4511@gmail.com,TKT-009640,Late Delivery,5
user_e0233c75@gmail.com,TKT-009641,Late Delivery,1
user_fd39eafe@gmail.com,TKT-009642,Late Delivery,2
user_023f426e@gmail.com,TKT-009643,Damaged Item,5
user_e8d4692a@gmail.com,TKT-009644,Late Delivery,1
user_0e850ed5@gmail.com,TKT-009645,Damaged Item,3
user_d954f210@gmail.com,TKT-009646,Late Delivery,4
user_4b98afe6@gmail.com,TKT-009647,Damaged Item,4
user_71038d62@gmail.com,TKT-009648,Late Delivery,3
user_edec41ef@gmail.com,TKT-009649,Damaged Item,1
user_785e8f5d@gmail.com,TKT-009650,Damaged Item,5
user_bc11c8e7@gmail.com,TKT-009651,Damaged Item,5
user_9b889b80@gmail.com,TKT-009652,Damaged Item,4
user_2b7350b8@gmail.com,TKT-009653,Damaged Item,5
user_54f3534b@gmail.com,TKT-009654,Damaged Item,2
user_7ba73215@gmail.com,TKT-009655,Late Delivery,1
user_827af9fc@gmail.com,TKT-009656,Damaged Item,1
user_73ec5432@gmail.com,TKT-009657,Late Delivery,2
user_6fa30a59@gmail.com,TKT-009658,Damaged Item,1
user_93e0b4d4@gmail.com,TKT-009659,Late Delivery,3
user_fd45f225@gmail.com,TKT-009660,Damaged Item,5
user_00e707ef@gmail.com,TKT-009661,Damaged Item,2
user_fc9fb824@gmail.com,TKT-009662,Damaged Item,5
user_685da575@gmail.com,TKT-009663,Damaged Item,4
user_2d9806c0@gmail.com,TKT-009664,Damaged Item,4
user_099fad9e@gmail.com,TKT-009665,Damaged Item,4
user_99708808@gmail.com,TKT-009666,Late Delivery,3
user_c8064ef7@gmail.com,TKT-009667,Late Delivery,4
user_a64125c9@gmail.com,TKT-009668,Damaged Item,1
user_ee40f866@gmail.com,TKT-009669,Late Delivery,4
user_ce60a50b@gmail.com,TKT-009670,Damaged Item,2
user_6909ee06@gmail.com,TKT-009671,Damaged Item,4
user_51d1376f@gmail.com,TKT-009672,Late Delivery,2
user_99d2f459@gmail.com,TKT-009673,Damaged Item,4
user_44b7b02e@gmail.com,TKT-009674,Late Delivery,3
user_075bd6bb@gmail.com,TKT-009675,Damaged Item,3
user_1033eef3@gmail.com,TKT-009676,Damaged Item,1
user_d3e37305@gmail.com,TKT-009677,Damaged Item,5
user_8a380989@gmail.com,TKT-009678,Late Delivery,2
user_62427dae@gmail.com,TKT-009679,Late Delivery,3
user_99b1e6f4@gmail.com,TKT-009680,Late Delivery,1
user_4c9d6be7@gmail.com,TKT-009681,Damaged Item,3
user_cd11a092@gmail.com,TKT-009682,Late Delivery,2
user_8b8cb3fc@gmail.com,TKT-009683,Late Delivery,4
user_72af495f@gmail.com,TKT-009684,Late Delivery,3
user_0a609db8@gmail.com,TKT-009685,Damaged Item,2
user_324a2220@gmail.com,TKT-009686,Late Delivery,1
user_d8d9d8a3@gmail.com,TKT-009687,Late Delivery,2
user_1501fb94@gmail.com,TKT-009688,Late Delivery,4
user_0e453f5e@gmail.com,TKT-009689,Late Delivery,2
user_35615eff@gmail.com,TKT-009690,Late Delivery,5
user_62abe555@gmail.com,TKT-009691,Damaged Item,1
user_e094f75d@gmail.com,TKT-009692,Damaged Item,3
user_d13446fe@gmail.com,TKT-009693,Damaged Item,1
user_558cb7d8@gmail.com,TKT-009694,Damaged Item,4
user_c488f6d4@gmail.com,TKT-009695,Late Delivery,2
user_a61e5558@gmail.com,TKT-009696,Late Delivery,3
user_69e79487@gmail.com,TKT-009697,Late Delivery,3
user_99eb84fd@gmail.com,TKT-009698,Late Delivery,1
user_6dc1802b@gmail.com,TKT-009699,Damaged Item,2
user_929c3cfa@gmail.com,TKT-009700,Late Delivery,1
user_26f0dc90@gmail.com,TKT-009701,Damaged Item,1
user_8039b3eb@gmail.com,TKT-009702,Late Delivery,2
user_d38573ba@gmail.com,TKT-009703,Late Delivery,3
user_e55f185c@gmail.com,TKT-009704,Damaged Item,3
user_2082c1f1@gmail.com,TKT-009705,Damaged Item,4
user_7a1f2bc2@gmail.com,TKT-009706,Damaged Item,4
user_0e4d3df6@gmail.com,TKT-009707,Late Delivery,3
user_80529a00@gmail.com,TKT-009708,Damaged Item,1
user_a3d0d736@gmail.com,TKT-009709,Damaged Item,3
user_fb6f67a9@gmail.com,TKT-009710,Late Delivery,4
user_fdb40155@gmail.com,TKT-009711,Late Delivery,3
user_1adba0e6@gmail.com,TKT-009712,Late Delivery,5
user_d2e9268c@gmail.com,TKT-009713,Late Delivery,4
user_1eef7aec@gmail.com,TKT-009714,Late Delivery,5
user_aeb8478d@gmail.com,TKT-009715,Late Delivery,3
user_aba4cbce@gmail.com,TKT-009716,Late Delivery,2
user_d39ad27e@gmail.com,TKT-009717,Damaged Item,2
user_893bcb1f@gmail.com,TKT-009718,Damaged Item,1
user_159cbfe7@gmail.com,TKT-009719,Late Delivery,4
user_34478bd7@gmail.com,TKT-009720,Damaged Item,2
user_e610b1bd@gmail.com,TKT-009721,Late Delivery,3
user_76cca28d@gmail.com,TKT-009722,Damaged Item,1
user_adfa74df@gmail.com,TKT-009723,Late Delivery,2
user_0f05d6d0@gmail.com,TKT-009724,Damaged Item,1
user_950756be@gmail.com,TKT-009725,Damaged Item,4
user_c8e6353c@gmail.com,TKT-009726,Damaged Item,5
user_524e35dd@gmail.com,TKT-009727,Damaged Item,2
user_57224c97@gmail.com,TKT-009728,Late Delivery,2
user_80837a23@gmail.com,TKT-009729,Late Delivery,5
user_70d4de5b@gmail.com,TKT-009730,Late Delivery,5
user_ef8af440@gmail.com,TKT-009731,Late Delivery,5
user_7fd3d22b@gmail.com,TKT-009732,Damaged Item,1
user_c43215c4@gmail.com,TKT-009733,Late Delivery,3
user_f733f822@gmail.com,TKT-009734,Late Delivery,1
user_1ad84d1a@gmail.com,TKT-009735,Damaged Item,4
user_334b793e@gmail.com,TKT-009736,Damaged Item,2
user_b3d1abff@gmail.com,TKT-009737,Damaged Item,4
user_4b1d6757@gmail.com,TKT-009738,Damaged Item,5
user_17dd1783@gmail.com,TKT-009739,Damaged Item,2
user_e8f7da1a@gmail.com,TKT-009740,Late Delivery,1
user_6ddf18b3@gmail.com,TKT-009741,Damaged Item,3
user_19cd9c3d@gmail.com,TKT-009742,Damaged Item,1
user_6f14cbb9@gmail.com,TKT-009743,Late Delivery,4
user_487b8276@gmail.com,TKT-009744,Damaged Item,4
user_c1e2bd8e@gmail.com,TKT-009745,Late Delivery,2
user_27cabcd3@gmail.com,TKT-009746,Late Delivery,2
user_47c1737f@gmail.com,TKT-009747,Damaged Item,2
user_9131f2b5@gmail.com,TKT-009748,Damaged Item,1
user_a5908de4@gmail.com,TKT-009749,Late Delivery,4
user_441fa1c6@gmail.com,TKT-009750,Late Delivery,5
user_78bbad9d@gmail.com,TKT-009751,Late Delivery,1
user_b40eaa6c@gmail.com,TKT-009752,Late Delivery,3
user_a00e0a3b@gmail.com,TKT-009753,Damaged Item,3
user_e147125e@gmail.com,TKT-009754,Late Delivery,4
user_127a3d6f@gmail.com,TKT-009755,Damaged Item,1
user_359827d8@gmail.com,TKT-009756,Late Delivery,2
user_9f8354ed@gmail.com,TKT-009757,Damaged Item,4
user_af93c8e2@gmail.com,TKT-009758,Late Delivery,1
user_b225cffd@gmail.com,TKT-009759,Damaged Item,5
user_7a620ae8@gmail.com,TKT-009760,Damaged Item,1
user_a86d3a76@gmail.com,TKT-009761,Damaged Item,4
user_fd450726@gmail.com,TKT-009762,Damaged Item,1
user_bb62a2fa@gmail.com,TKT-009763,Damaged Item,2
user_de86eb78@gmail.com,TKT-009764,Damaged Item,3
user_c1d404c1@gmail.com,TKT-009765,Damaged Item,1
user_552dba30@gmail.com,TKT-009766,Damaged Item,1
user_94e5e076@gmail.com,TKT-009767,Damaged Item,1
user_af970f53@gmail.com,TKT-009768,Damaged Item,2
user_21d79f33@gmail.com,TKT-009769,Damaged Item,2
user_95f46695@gmail.com,TKT-009770,Damaged Item,4
user_db81588b@gmail.com,TKT-009771,Damaged Item,3
user_c5610cd2@gmail.com,TKT-009772,Damaged Item,5
user_1b635fa3@gmail.com,TKT-009773,Damaged Item,3
user_6950432d@gmail.com,TKT-009774,Late Delivery,1
user_6cbb34f7@gmail.com,TKT-009775,Damaged Item,3
user_71ba8ba1@gmail.com,TKT-009776,Late Delivery,4
user_86b8048b@gmail.com,TKT-009777,Late Delivery,3
user_683aded1@gmail.com,TKT-009778,Damaged Item,4
user_05db15e4@gmail.com,TKT-009779,Late Delivery,2
user_d2784a96@gmail.com,TKT-009780,Damaged Item,4
user_e22536e7@gmail.com,TKT-009781,Damaged Item,1
user_51bd7b10@gmail.com,TKT-009782,Late Delivery,2
user_83947230@gmail.com,TKT-009783,Late Delivery,5
user_69d4c7c9@gmail.com,TKT-009784,Damaged Item,1
user_e3bdae4c@gmail.com,TKT-009785,Damaged Item,1
user_609f74b7@gmail.com,TKT-009786,Damaged Item,4
user_7fa7ba88@gmail.com,TKT-009787,Damaged Item,1
user_41ba6226@gmail.com,TKT-009788,Late Delivery,1
user_b599c111@gmail.com,TKT-009789,Late Delivery,1
user_f9a2090a@gmail.com,TKT-009790,Damaged Item,4
user_f28907f6@gmail.com,TKT-009791,Late Delivery,3
user_d2e06879@gmail.com,TKT-009792,Damaged Item,3
user_829b8c42@gmail.com,TKT-009793,Late Delivery,3
user_04e1b446@gmail.com,TKT-009794,Damaged Item,5
user_ba1e828b@gmail.com,TKT-009795,Late Delivery,3
user_9f65c8a8@gmail.com,TKT-009796,Damaged Item,1
user_59e48acd@gmail.com,TKT-009797,Damaged Item,4
user_16af40ec@gmail.com,TKT-009798,Late Delivery,3
user_3c7f809f@gmail.com,TKT-009799,Late Delivery,5
user_5dc734db@gmail.com,TKT-009800,Damaged Item,1
user_6f146e4d@gmail.com,TKT-009801,Damaged Item,3
user_2b21acf3@gmail.com,TKT-009802,Damaged Item,1
user_4aabd55a@gmail.com,TKT-009803,Damaged Item,5
user_66d37fee@gmail.com,TKT-009804,Late Delivery,3
user_a3d68b2a@gmail.com,TKT-009805,Late Delivery,2
user_de2fb335@gmail.com,TKT-009806,Late Delivery,5
user_cc470d7e@gmail.com,TKT-009807,Damaged Item,3
user_12852de2@gmail.com,TKT-009808,Damaged Item,4
user_25c46fa3@gmail.com,TKT-009809,Damaged Item,3
user_3132c45b@gmail.com,TKT-009810,Damaged Item,3
user_ea261d4d@gmail.com,TKT-009811,Late Delivery,1
user_9ff8378e@gmail.com,TKT-009812,Late Delivery,5
user_2f6bfa65@gmail.com,TKT-009813,Late Delivery,2
user_169ea64d@gmail.com,TKT-009814,Damaged Item,5
user_2658a19f@gmail.com,TKT-009815,Late Delivery,1
user_e7b6fc6f@gmail.com,TKT-009816,Late Delivery,2
user_ed95683b@gmail.com,TKT-009817,Late Delivery,4
user_fd592e54@gmail.com,TKT-009818,Late Delivery,2
user_ee0441e4@gmail.com,TKT-009819,Damaged Item,2
user_4a3d9f97@gmail.com,TKT-009820,Damaged Item,3
user_0b355a14@gmail.com,TKT-009821,Damaged Item,1
user_843fce53@gmail.com,TKT-009822,Late Delivery,2
user_b4203bc4@gmail.com,TKT-009823,Late Delivery,2
user_4c42f3f2@gmail.com,TKT-009824,Late Delivery,3
user_acce37be@gmail.com,TKT-009825,Damaged Item,2
user_23b12b06@gmail.com,TKT-009826,Damaged Item,5
user_55dd84a1@gmail.com,TKT-009827,Damaged Item,5
user_42fb2e9f@gmail.com,TKT-009828,Late Delivery,4
user_d0a5afcc@gmail.com,TKT-009829,Late Delivery,3
user_c2113e16@gmail.com,TKT-009830,Damaged Item,2
user_f0ae503b@gmail.com,TKT-009831,Damaged Item,1
user_32ac0ae0@gmail.com,TKT-009832,Late Delivery,2
user_9d12af31@gmail.com,TKT-009833,Damaged Item,5
user_d617b904@gmail.com,TKT-009834,Damaged Item,2
user_2dd1ecd6@gmail.com,TKT-009835,Damaged Item,5
user_8d26367d@gmail.com,TKT-009836,Damaged Item,3
user_f959005f@gmail.com,TKT-009837,Late Delivery,5
user_ffa323b3@gmail.com,TKT-009838,Late Delivery,2
user_baa692fd@gmail.com,TKT-009839,Damaged Item,5
user_3424bfad@gmail.com,TKT-009840,Damaged Item,4
user_f8efb2c4@gmail.com,TKT-009841,Late Delivery,3
user_35befd38@gmail.com,TKT-009842,Damaged Item,5
user_7ed8bcc4@gmail.com,TKT-009843,Late Delivery,3
user_c9c8c74d@gmail.com,TKT-009844,Late Delivery,2
user_5a87cdfb@gmail.com,TKT-009845,Damaged Item,1
user_dec89c5c@gmail.com,TKT-009846,Damaged Item,4
user_2621b577@gmail.com,TKT-009847,Damaged Item,1
user_10173afe@gmail.com,TKT-009848,Late Delivery,3
user_d20c006b@gmail.com,TKT-009849,Damaged Item,5
user_40fbb22e@gmail.com,TKT-009850,Late Delivery,1
user_95438447@gmail.com,TKT-009851,Late Delivery,2
user_fad47992@gmail.com,TKT-009852,Late Delivery,4
user_c4516e71@gmail.com,TKT-009853,Damaged Item,2
user_e68adbda@gmail.com,TKT-009854,Late Delivery,5
user_fbc838cf@gmail.com,TKT-009855,Damaged Item,1
user_2429bb51@gmail.com,TKT-009856,Late Delivery,2
user_4b404ed7@gmail.com,TKT-009857,Damaged Item,4
user_900d20b0@gmail.com,TKT-009858,Damaged Item,1
user_e7f839c9@gmail.com,TKT-009859,Damaged Item,3
user_e77e0fcb@gmail.com,TKT-009860,Late Delivery,4
user_e4fa46d3@gmail.com,TKT-009861,Damaged Item,3
user_03d0f4a1@gmail.com,TKT-009862,Damaged Item,1
user_5a4fa491@gmail.com,TKT-009863,Damaged Item,2
user_647d365f@gmail.com,TKT-009864,Late Delivery,3
user_aa1dad17@gmail.com,TKT-009865,Late Delivery,4
user_3e1d36a0@gmail.com,TKT-009866,Damaged Item,3
user_39ffdfd7@gmail.com,TKT-009867,Damaged Item,4
user_78f1715a@gmail.com,TKT-009868,Damaged Item,3
user_2197ff2c@gmail.com,TKT-009869,Damaged Item,3
user_81a38615@gmail.com,TKT-009870,Damaged Item,1
user_fad2e77b@gmail.com,TKT-009871,Damaged Item,4
user_b7737cd1@gmail.com,TKT-009872,Late Delivery,4
user_fa035e5b@gmail.com,TKT-009873,Late Delivery,5
user_0a33cf67@gmail.com,TKT-009874,Damaged Item,1
user_e0df6596@gmail.com,TKT-009875,Damaged Item,1
user_d1daeae3@gmail.com,TKT-009876,Late Delivery,1
user_f0107837@gmail.com,TKT-009877,Damaged Item,4
user_ec21b84d@gmail.com,TKT-009878,Late Delivery,5
user_09dbe1dd@gmail.com,TKT-009879,Damaged Item,4
user_47e17f97@gmail.com,TKT-009880,Damaged Item,3
user_d82138f0@gmail.com,TKT-009881,Late Delivery,1
user_26b83e97@gmail.com,TKT-009882,Late Delivery,3
user_40337437@gmail.com,TKT-009883,Damaged Item,5
user_d5143a55@gmail.com,TKT-009884,Late Delivery,2
user_f6aeb927@gmail.com,TKT-009885,Damaged Item,3
user_2662dd48@gmail.com,TKT-009886,Damaged Item,3
user_6d21f55d@gmail.com,TKT-009887,Damaged Item,5
user_6cca8de5@gmail.com,TKT-009888,Late Delivery,1
user_030b3bb8@gmail.com,TKT-009889,Late Delivery,3
user_a89231cb@gmail.com,TKT-009890,Damaged Item,3
user_85ae65a7@gmail.com,TKT-009891,Damaged Item,5
user_298dd877@gmail.com,TKT-009892,Damaged Item,5
user_6d213380@gmail.com,TKT-009893,Late Delivery,5
user_7fa12ff8@gmail.com,TKT-009894,Damaged Item,3
user_7d4df312@gmail.com,TKT-009895,Damaged Item,1
user_4239137b@gmail.com,TKT-009896,Damaged Item,3
user_b3ab1572@gmail.com,TKT-009897,Late Delivery,5
user_2c32247b@gmail.com,TKT-009898,Damaged Item,5
user_2a008675@gmail.com,TKT-009899,Damaged Item,3
user_52ed7fe8@gmail.com,TKT-009900,Damaged Item,2
user_fa590fac@gmail.com,TKT-009901,Late Delivery,1
user_6fefebbf@gmail.com,TKT-009902,Late Delivery,2
user_94cf5c28@gmail.com,TKT-009903,Late Delivery,2
user_928c822f@gmail.com,TKT-009904,Damaged Item,4
user_ee6b9e54@gmail.com,TKT-009905,Late Delivery,2
user_f68f7bd0@gmail.com,TKT-009906,Damaged Item,4
user_501f08db@gmail.com,TKT-009907,Late Delivery,3
user_bc97ea46@gmail.com,TKT-009908,Damaged Item,1
user_5c8afe99@gmail.com,TKT-009909,Late Delivery,5
user_4731dbaa@gmail.com,TKT-009910,Late Delivery,1
user_0892619e@gmail.com,TKT-009911,Late Delivery,4
user_18310cb9@gmail.com,TKT-009912,Late Delivery,2
user_58a435aa@gmail.com,TKT-009913,Late Delivery,3
user_30e2a85d@gmail.com,TKT-009914,Late Delivery,2
user_fcbcb15b@gmail.com,TKT-009915,Damaged Item,5
user_0c3e0908@gmail.com,TKT-009916,Late Delivery,4
user_cc22a0a2@gmail.com,TKT-009917,Damaged Item,5
user_a0d44d59@gmail.com,TKT-009918,Late Delivery,1
user_9e7b0067@gmail.com,TKT-009919,Late Delivery,5
user_f15e3df8@gmail.com,TKT-009920,Damaged Item,1
user_215ea7f5@gmail.com,TKT-009921,Damaged Item,5
user_ddd2a66e@gmail.com,TKT-009922,Late Delivery,1
user_b97e6c30@gmail.com,TKT-009923,Late Delivery,3
user_5b71ca52@gmail.com,TKT-009924,Damaged Item,3
user_4b42bf1e@gmail.com,TKT-009925,Late Delivery,2
user_0ab0b26b@gmail.com,TKT-009926,Damaged Item,2
user_45988f46@gmail.com,TKT-009927,Damaged Item,1
user_7aa421cd@gmail.com,TKT-009928,Damaged Item,1
user_c9d1dccc@gmail.com,TKT-009929,Damaged Item,2
user_e97c0380@gmail.com,TKT-009930,Damaged Item,4
user_e0ddba2f@gmail.com,TKT-009931,Damaged Item,2
user_ae578852@gmail.com,TKT-009932,Damaged Item,2
user_8787cab9@gmail.com,TKT-009933,Damaged Item,4
user_f12b71c6@gmail.com,TKT-009934,Late Delivery,1
user_79187a54@gmail.com,TKT-009935,Damaged Item,1
user_f9b940ca@gmail.com,TKT-009936,Damaged Item,2
user_4af923ab@gmail.com,TKT-009937,Late Delivery,2
user_86cc04e5@gmail.com,TKT-009938,Late Delivery,4
user_92c9525f@gmail.com,TKT-009939,Damaged Item,1
user_42e26c55@gmail.com,TKT-009940,Damaged Item,2
user_1afe3c58@gmail.com,TKT-009941,Late Delivery,5
user_036c6fe2@gmail.com,TKT-009942,Late Delivery,4
user_5519d48c@gmail.com,TKT-009943,Late Delivery,1
user_d1118823@gmail.com,TKT-009944,Damaged Item,4
user_e9e222c7@gmail.com,TKT-009945,Late Delivery,2
user_7a112f71@gmail.com,TKT-009946,Late Delivery,5
user_39685be2@gmail.com,TKT-009947,Damaged Item,1
user_993ffa15@gmail.com,TKT-009948,Damaged Item,3
user_1127d5b7@gmail.com,TKT-009949,Damaged Item,5
user_4628646d@gmail.com,TKT-009950,Damaged Item,2
user_d7d49052@gmail.com,TKT-009951,Late Delivery,1
user_346055bf@gmail.com,TKT-009952,Late Delivery,4
user_fabb3f46@gmail.com,TKT-009953,Late Delivery,3
user_3b64be59@gmail.com,TKT-009954,Late Delivery,3
user_892a397b@gmail.com,TKT-009955,Late Delivery,5
user_500865a5@gmail.com,TKT-009956,Late Delivery,4
user_5c9759cc@gmail.com,TKT-009957,Damaged Item,4
user_af531be9@gmail.com,TKT-009958,Damaged Item,2
user_7b253f20@gmail.com,TKT-009959,Damaged Item,5
user_349b84f7@gmail.com,TKT-009960,Late Delivery,5
user_08e4025e@gmail.com,TKT-009961,Late Delivery,4
user_9f4d0154@gmail.com,TKT-009962,Damaged Item,2
user_deeeb992@gmail.com,TKT-009963,Damaged Item,3
user_1b105048@gmail.com,TKT-009964,Damaged Item,2
user_ba36b3a9@gmail.com,TKT-009965,Late Delivery,1
user_287a7cda@gmail.com,TKT-009966,Late Delivery,2
user_b97b00bc@gmail.com,TKT-009967,Late Delivery,3
user_119ef53b@gmail.com,TKT-009968,Damaged Item,2
user_4859987c@gmail.com,TKT-009969,Damaged Item,3
user_bd57a0d8@gmail.com,TKT-009970,Damaged Item,4
user_8e4e52c1@gmail.com,TKT-009971,Late Delivery,1
user_23c536b3@gmail.com,TKT-009972,Late Delivery,3
user_e1bc7076@gmail.com,TKT-009973,Late Delivery,2
user_0f929fdd@gmail.com,TKT-009974,Late Delivery,4
user_68ca93ea@gmail.com,TKT-009975,Damaged Item,2
user_f8b92214@gmail.com,TKT-009976,Late Delivery,2
user_15d5f921@gmail.com,TKT-009977,Damaged Item,1
user_d1106d2d@gmail.com,TKT-009978,Late Delivery,3
user_fdcb99d2@gmail.com,TKT-009979,Late Delivery,2
user_8a51de71@gmail.com,TKT-009980,Damaged Item,4
user_bd52485d@gmail.com,TKT-009981,Damaged Item,4
user_2174d98f@gmail.com,TKT-009982,Late Delivery,5
user_81293696@gmail.com,TKT-009983,Damaged Item,5
user_ddb324b9@gmail.com,TKT-009984,Damaged Item,3
user_74e206e8@gmail.com,TKT-009985,Damaged Item,1
user_27d79cba@gmail.com,TKT-009986,Late Delivery,3
user_41678bd7@gmail.com,TKT-009987,Late Delivery,1
user_e224314f@gmail.com,TKT-009988,Damaged Item,3
user_51b406ec@gmail.com,TKT-009989,Damaged Item,4
user_b9088fb0@gmail.com,TKT-009990,Damaged Item,2
user_28f6c691@gmail.com,TKT-009991,Damaged Item,1
user_79fd243f@gmail.com,TKT-009992,Late Delivery,4
user_bb618097@gmail.com,TKT-009993,Damaged Item,4
user_75d4e65b@gmail.com,TKT-009994,Late Delivery,5
user_ea6c32cd@gmail.com,TKT-009995,Damaged Item,5
user_467adc7e@gmail.com,TKT-009996,Damaged Item,1
user_a611c801@gmail.com,TKT-009997,Late Delivery,4
user_2136bf33@gmail.com,TKT-009998,Late Delivery,5
user_7343a634@gmail.com,TKT-009999,Late Delivery,3
user_18c2aead@gmail.com,TKT-010000,Damaged Item,5
user_44d111bd@gmail.com,TKT-010001,Damaged Item,2
user_9eb5dbe2@gmail.com,TKT-010002,Damaged Item,1
user_84f81ae3@gmail.com,TKT-010003,Late Delivery,4
user_49e1dff3@gmail.com,TKT-010004,Late Delivery,4
user_03424aff@gmail.com,TKT-010005,Late Delivery,4
user_7cab95bb@gmail.com,TKT-010006,Damaged Item,5
user_2a0c4502@gmail.com,TKT-010007,Damaged Item,4
user_b2cb2eb0@gmail.com,TKT-010008,Late Delivery,5
user_66a964d7@gmail.com,TKT-010009,Damaged Item,3
user_60c1d12c@gmail.com,TKT-010010,Late Delivery,1
user_58a7c307@gmail.com,TKT-010011,Late Delivery,3
user_ff922bdd@gmail.com,TKT-010012,Late Delivery,1
user_38e9ba7e@gmail.com,TKT-010013,Late Delivery,4
user_4849ff70@gmail.com,TKT-010014,Late Delivery,4
user_6c07b809@gmail.com,TKT-010015,Late Delivery,1
user_ed9d544e@gmail.com,TKT-010016,Late Delivery,2
user_6bff15aa@gmail.com,TKT-010017,Late Delivery,4
user_5ecf1103@gmail.com,TKT-010018,Damaged Item,2
user_fd46f99e@gmail.com,TKT-010019,Damaged Item,3
user_d0acd0b5@gmail.com,TKT-010020,Damaged Item,5
user_120194ff@gmail.com,TKT-010021,Damaged Item,4
user_f00312c4@gmail.com,TKT-010022,Late Delivery,2
user_a490d587@gmail.com,TKT-010023,Late Delivery,3
user_394b2ce4@gmail.com,TKT-010024,Late Delivery,4
user_308481e4@gmail.com,TKT-010025,Damaged Item,1
user_7a657a0e@gmail.com,TKT-010026,Late Delivery,3
user_f0da25f3@gmail.com,TKT-010027,Damaged Item,4
user_95a3ac56@gmail.com,TKT-010028,Damaged Item,1
user_4e42ee43@gmail.com,TKT-010029,Damaged Item,5
user_549b73a4@gmail.com,TKT-010030,Damaged Item,2
user_69ca5f99@gmail.com,TKT-010031,Damaged Item,1
user_ee774f53@gmail.com,TKT-010032,Late Delivery,2
user_a1b3ac2f@gmail.com,TKT-010033,Late Delivery,2
user_1183faec@gmail.com,TKT-010034,Damaged Item,3
user_d9f9ec2e@gmail.com,TKT-010035,Late Delivery,3
user_6cd47843@gmail.com,TKT-010036,Late Delivery,3
user_c4512a10@gmail.com,TKT-010037,Late Delivery,4
user_6770e74c@gmail.com,TKT-010038,Damaged Item,1
user_b63103e7@gmail.com,TKT-010039,Damaged Item,5
user_3265362f@gmail.com,TKT-010040,Late Delivery,2
user_82772f20@gmail.com,TKT-010041,Damaged Item,1
user_67eb2c31@gmail.com,TKT-010042,Damaged Item,4
user_a53c5bbb@gmail.com,TKT-010043,Late Delivery,4
user_a22844b8@gmail.com,TKT-010044,Late Delivery,3
user_4c250c90@gmail.com,TKT-010045,Late Delivery,3
user_e79f6cfd@gmail.com,TKT-010046,Late Delivery,4
user_ce3074d7@gmail.com,TKT-010047,Late Delivery,3
user_933c39b9@gmail.com,TKT-010048,Damaged Item,3
user_622e7326@gmail.com,TKT-010049,Late Delivery,3
user_6fc65fe6@gmail.com,TKT-010050,Late Delivery,2
user_8ef79d98@gmail.com,TKT-010051,Late Delivery,5
user_1366e41e@gmail.com,TKT-010052,Damaged Item,1
user_2e06bea1@gmail.com,TKT-010053,Late Delivery,1
user_204cd7eb@gmail.com,TKT-010054,Damaged Item,3
user_ca144870@gmail.com,TKT-010055,Late Delivery,5
user_903f67be@gmail.com,TKT-010056,Late Delivery,3
user_03328ae8@gmail.com,TKT-010057,Damaged Item,3
user_86c3c10a@gmail.com,TKT-010058,Damaged Item,2
user_76fa7a3d@gmail.com,TKT-010059,Damaged Item,3
user_7c0b4f77@gmail.com,TKT-010060,Late Delivery,3
user_3993041d@gmail.com,TKT-010061,Late Delivery,4
user_4e4de35a@gmail.com,TKT-010062,Damaged Item,4
user_9a9ae59e@gmail.com,TKT-010063,Damaged Item,1
user_f8bc1d81@gmail.com,TKT-010064,Late Delivery,5
user_55ce5d7b@gmail.com,TKT-010065,Damaged Item,4
user_9d34e972@gmail.com,TKT-010066,Late Delivery,2
user_a389cb2c@gmail.com,TKT-010067,Damaged Item,5
user_33a0ae33@gmail.com,TKT-010068,Late Delivery,2
user_319aed7f@gmail.com,TKT-010069,Late Delivery,4
user_6c8dc01c@gmail.com,TKT-010070,Damaged Item,4
user_576c392e@gmail.com,TKT-010071,Damaged Item,4
user_0894227c@gmail.com,TKT-010072,Late Delivery,4
user_5bc8c5d5@gmail.com,TKT-010073,Damaged Item,3
user_38af56df@gmail.com,TKT-010074,Late Delivery,4
user_021a4369@gmail.com,TKT-010075,Damaged Item,4
user_1c68b10c@gmail.com,TKT-010076,Damaged Item,4
user_1bea8b79@gmail.com,TKT-010077,Damaged Item,5
user_23bbb44e@gmail.com,TKT-010078,Late Delivery,2
user_3364be53@gmail.com,TKT-010079,Damaged Item,1
user_b7b38790@gmail.com,TKT-010080,Damaged Item,3
user_86203f95@gmail.com,TKT-010081,Late Delivery,2
user_16581dc9@gmail.com,TKT-010082,Late Delivery,2
user_9fc6bf73@gmail.com,TKT-010083,Late Delivery,3
user_3edc2805@gmail.com,TKT-010084,Damaged Item,3
user_752e16eb@gmail.com,TKT-010085,Damaged Item,3
user_227800bd@gmail.com,TKT-010086,Late Delivery,3
user_e5c9e7ba@gmail.com,TKT-010087,Late Delivery,5
user_f6140765@gmail.com,TKT-010088,Late Delivery,4
user_f1f8ad5c@gmail.com,TKT-010089,Late Delivery,4
user_5403c570@gmail.com,TKT-010090,Late Delivery,1
user_fbb2357a@gmail.com,TKT-010091,Late Delivery,2
user_e4ee1aae@gmail.com,TKT-010092,Late Delivery,4
user_954563d7@gmail.com,TKT-010093,Damaged Item,5
user_647456ac@gmail.com,TKT-010094,Damaged Item,1
user_83e9cbb7@gmail.com,TKT-010095,Damaged Item,2
user_f2380a40@gmail.com,TKT-010096,Late Delivery,5
user_c875dcf7@gmail.com,TKT-010097,Late Delivery,2
user_099087fe@gmail.com,TKT-010098,Late Delivery,3
user_163fb9fb@gmail.com,TKT-010099,Late Delivery,1
user_b2789bbd@gmail.com,TKT-010100,Damaged Item,3
user_31c0d359@gmail.com,TKT-010101,Damaged Item,1
user_968c2ebf@gmail.com,TKT-010102,Damaged Item,2
user_1246050d@gmail.com,TKT-010103,Late Delivery,3
user_aac9fe3a@gmail.com,TKT-010104,Damaged Item,2
user_b98bd5ea@gmail.com,TKT-010105,Late Delivery,3
user_28693ecf@gmail.com,TKT-010106,Late Delivery,3
user_64758cdd@gmail.com,TKT-010107,Late Delivery,3
user_0f15654c@gmail.com,TKT-010108,Late Delivery,1
user_1822a545@gmail.com,TKT-010109,Late Delivery,2
user_d91ddce4@gmail.com,TKT-010110,Late Delivery,5
user_1b606e10@gmail.com,TKT-010111,Damaged Item,2
user_ac5a446b@gmail.com,TKT-010112,Late Delivery,1
user_b0896c9f@gmail.com,TKT-010113,Late Delivery,5
user_ca05f70d@gmail.com,TKT-010114,Damaged Item,3
user_bde19fc2@gmail.com,TKT-010115,Damaged Item,1
user_6c6ea26d@gmail.com,TKT-010116,Damaged Item,1
user_f705fc11@gmail.com,TKT-010117,Damaged Item,3
user_e41da043@gmail.com,TKT-010118,Late Delivery,4
user_c892b9c8@gmail.com,TKT-010119,Late Delivery,2
user_9f6d078b@gmail.com,TKT-010120,Late Delivery,5
user_5cacdc41@gmail.com,TKT-010121,Late Delivery,4
user_8bb072e2@gmail.com,TKT-010122,Damaged Item,3
user_6e315067@gmail.com,TKT-010123,Damaged Item,5
user_a77d6abe@gmail.com,TKT-010124,Damaged Item,4
user_3db2b71f@gmail.com,TKT-010125,Late Delivery,3
user_06571809@gmail.com,TKT-010126,Late Delivery,4
user_f301770f@gmail.com,TKT-010127,Late Delivery,3
user_1b6d1a33@gmail.com,TKT-010128,Late Delivery,1
user_e8787bbe@gmail.com,TKT-010129,Late Delivery,2
user_35b58d5a@gmail.com,TKT-010130,Late Delivery,4
user_8ed43493@gmail.com,TKT-010131,Damaged Item,5
user_fcd78ca5@gmail.com,TKT-010132,Late Delivery,3
user_53ce5982@gmail.com,TKT-010133,Damaged Item,4
user_07a934d1@gmail.com,TKT-010134,Damaged Item,2
user_61bc0158@gmail.com,TKT-010135,Damaged Item,4
user_83def277@gmail.com,TKT-010136,Damaged Item,5
user_46aa7e82@gmail.com,TKT-010137,Late Delivery,3
user_6ee80616@gmail.com,TKT-010138,Damaged Item,4
user_6c00be42@gmail.com,TKT-010139,Late Delivery,3
user_a0e3e2cd@gmail.com,TKT-010140,Late Delivery,1
user_0c996ed3@gmail.com,TKT-010141,Damaged Item,3
user_a891c426@gmail.com,TKT-010142,Late Delivery,3
user_92441a2a@gmail.com,TKT-010143,Damaged Item,2
user_b8ba68f2@gmail.com,TKT-010144,Damaged Item,2
user_e3a0d2ac@gmail.com,TKT-010145,Damaged Item,2
user_c8e9b2df@gmail.com,TKT-010146,Late Delivery,5
user_a78b0603@gmail.com,TKT-010147,Late Delivery,1
user_0f012d9e@gmail.com,TKT-010148,Late Delivery,3
user_04d3c279@gmail.com,TKT-010149,Late Delivery,3
user_0a9dbce8@gmail.com,TKT-010150,Late Delivery,5
user_ffd6f654@gmail.com,TKT-010151,Damaged Item,5
user_e30ed0a5@gmail.com,TKT-010152,Late Delivery,2
user_b612515c@gmail.com,TKT-010153,Damaged Item,5
user_6b45fae7@gmail.com,TKT-010154,Damaged Item,5
user_9945a60e@gmail.com,TKT-010155,Late Delivery,5
user_03e2fdfa@gmail.com,TKT-010156,Late Delivery,3
user_1c107586@gmail.com,TKT-010157,Late Delivery,5
user_f15712ef@gmail.com,TKT-010158,Late Delivery,1
user_77a2cb71@gmail.com,TKT-010159,Damaged Item,2
user_789b44ba@gmail.com,TKT-010160,Damaged Item,5
user_a25dd284@gmail.com,TKT-010161,Damaged Item,2
user_a604e2fa@gmail.com,TKT-010162,Damaged Item,4
user_438c96e9@gmail.com,TKT-010163,Late Delivery,5
user_4d0bee66@gmail.com,TKT-010164,Late Delivery,3
user_876a8881@gmail.com,TKT-010165,Late Delivery,3
user_78a08bdc@gmail.com,TKT-010166,Late Delivery,2
user_14d405a7@gmail.com,TKT-010167,Damaged Item,2
user_840c2c21@gmail.com,TKT-010168,Damaged Item,1
user_778f3fa5@gmail.com,TKT-010169,Late Delivery,4
user_becbd8b8@gmail.com,TKT-010170,Late Delivery,1
user_5270cffd@gmail.com,TKT-010171,Late Delivery,2
user_3b6a95ff@gmail.com,TKT-010172,Late Delivery,2
user_beb7f6b7@gmail.com,TKT-010173,Late Delivery,3
user_0aa18d91@gmail.com,TKT-010174,Damaged Item,4
user_88698791@gmail.com,TKT-010175,Damaged Item,2
user_8335867d@gmail.com,TKT-010176,Damaged Item,2
user_0dd8363b@gmail.com,TKT-010177,Damaged Item,2
user_fb913dcc@gmail.com,TKT-010178,Late Delivery,1
user_9c7f3979@gmail.com,TKT-010179,Late Delivery,2
user_d6252b83@gmail.com,TKT-010180,Damaged Item,5
user_cc441b75@gmail.com,TKT-010181,Late Delivery,4
user_8959d030@gmail.com,TKT-010182,Late Delivery,4
user_2493a9d3@gmail.com,TKT-010183,Late Delivery,3
user_4aa8a661@gmail.com,TKT-010184,Damaged Item,4
user_e9ffaae2@gmail.com,TKT-010185,Damaged Item,3
user_51181f76@gmail.com,TKT-010186,Late Delivery,4
user_0f7ab52c@gmail.com,TKT-010187,Late Delivery,5
user_9216cf32@gmail.com,TKT-010188,Damaged Item,2
user_68b918bb@gmail.com,TKT-010189,Damaged Item,4
user_a36ee442@gmail.com,TKT-010190,Late Delivery,3
user_45d4c746@gmail.com,TKT-010191,Damaged Item,4
user_799a7a8a@gmail.com,TKT-010192,Damaged Item,1
user_c91a7e9c@gmail.com,TKT-010193,Late Delivery,5
user_aac5150d@gmail.com,TKT-010194,Late Delivery,5
user_c4152734@gmail.com,TKT-010195,Late Delivery,1
user_b0e20a78@gmail.com,TKT-010196,Damaged Item,1
user_bfb7efce@gmail.com,TKT-010197,Damaged Item,3
user_a5ab54f3@gmail.com,TKT-010198,Damaged Item,2
user_e96418ba@gmail.com,TKT-010199,Damaged Item,3
user_ce42c564@gmail.com,TKT-010200,Damaged Item,1
user_737effb3@gmail.com,TKT-010201,Damaged Item,4
user_17726716@gmail.com,TKT-010202,Late Delivery,5
user_f1197e4b@gmail.com,TKT-010203,Damaged Item,1
user_707464f6@gmail.com,TKT-010204,Late Delivery,1
user_725342ad@gmail.com,TKT-010205,Damaged Item,4
user_6d69b70b@gmail.com,TKT-010206,Damaged Item,3
user_6150fedf@gmail.com,TKT-010207,Damaged Item,5
user_e4dd2a3b@gmail.com,TKT-010208,Late Delivery,1
user_8430dde1@gmail.com,TKT-010209,Late Delivery,3
user_d46b039e@gmail.com,TKT-010210,Late Delivery,5
user_3c53714a@gmail.com,TKT-010211,Late Delivery,3
user_c6207f5a@gmail.com,TKT-010212,Late Delivery,3
user_5fe43c87@gmail.com,TKT-010213,Damaged Item,3
user_c1118115@gmail.com,TKT-010214,Damaged Item,1
user_ad448d97@gmail.com,TKT-010215,Damaged Item,5
user_0c85013a@gmail.com,TKT-010216,Late Delivery,1
user_d406bf35@gmail.com,TKT-010217,Late Delivery,3
user_9aff27e3@gmail.com,TKT-010218,Late Delivery,1
user_9dc4b05c@gmail.com,TKT-010219,Late Delivery,4
user_2b996fd3@gmail.com,TKT-010220,Late Delivery,4
user_9c393fe9@gmail.com,TKT-010221,Late Delivery,3
user_633e5e45@gmail.com,TKT-010222,Late Delivery,2
user_bee6d7ea@gmail.com,TKT-010223,Damaged Item,2
user_33487182@gmail.com,TKT-010224,Damaged Item,5
user_7a773eaa@gmail.com,TKT-010225,Damaged Item,3
user_bd2c2312@gmail.com,TKT-010226,Late Delivery,5
user_89e01d67@gmail.com,TKT-010227,Late Delivery,4
user_23916bba@gmail.com,TKT-010228,Damaged Item,1
user_21374af3@gmail.com,TKT-010229,Damaged Item,5
user_3a0ba068@gmail.com,TKT-010230,Late Delivery,4
user_61e65a82@gmail.com,TKT-010231,Damaged Item,5
user_eefa0715@gmail.com,TKT-010232,Late Delivery,3
user_34adb507@gmail.com,TKT-010233,Late Delivery,1
user_fa494e41@gmail.com,TKT-010234,Damaged Item,3
user_76fbf76b@gmail.com,TKT-010235,Damaged Item,5
user_90203f82@gmail.com,TKT-010236,Damaged Item,3
user_c94a4fd7@gmail.com,TKT-010237,Damaged Item,2
user_73928359@gmail.com,TKT-010238,Late Delivery,5
user_d522defe@gmail.com,TKT-010239,Late Delivery,3
user_8db85544@gmail.com,TKT-010240,Damaged Item,2
user_6eda0eb6@gmail.com,TKT-010241,Late Delivery,2
user_a81c4ffc@gmail.com,TKT-010242,Damaged Item,5
user_569afd87@gmail.com,TKT-010243,Late Delivery,4
user_4782bd73@gmail.com,TKT-010244,Damaged Item,5
user_74641644@gmail.com,TKT-010245,Late Delivery,5
user_6cafbda8@gmail.com,TKT-010246,Late Delivery,4
user_415ea804@gmail.com,TKT-010247,Damaged Item,2
user_2b8c0252@gmail.com,TKT-010248,Damaged Item,4
user_dc19ad0a@gmail.com,TKT-010249,Late Delivery,5
user_61d9ddd6@gmail.com,TKT-010250,Late Delivery,2
user_e0d4d43b@gmail.com,TKT-010251,Damaged Item,5
user_63df651d@gmail.com,TKT-010252,Damaged Item,1
user_ad6ad90e@gmail.com,TKT-010253,Damaged Item,4
user_c659555d@gmail.com,TKT-010254,Late Delivery,2
user_dff33bfc@gmail.com,TKT-010255,Late Delivery,1
user_a80bef50@gmail.com,TKT-010256,Late Delivery,3
user_8a09151e@gmail.com,TKT-010257,Damaged Item,4
user_ab36a86c@gmail.com,TKT-010258,Damaged Item,4
user_4fd108f5@gmail.com,TKT-010259,Late Delivery,2
user_5007b0ff@gmail.com,TKT-010260,Late Delivery,3
user_0a0cc8f1@gmail.com,TKT-010261,Late Delivery,3
user_ce1d70c7@gmail.com,TKT-010262,Late Delivery,3
user_9c502680@gmail.com,TKT-010263,Late Delivery,3
user_0d3bcb1f@gmail.com,TKT-010264,Late Delivery,1
user_75fd60b2@gmail.com,TKT-010265,Damaged Item,3
user_b2c913a0@gmail.com,TKT-010266,Damaged Item,5
user_6b73bdd8@gmail.com,TKT-010267,Damaged Item,3
user_17dcaba3@gmail.com,TKT-010268,Damaged Item,1
user_aeb60b97@gmail.com,TKT-010269,Late Delivery,4
user_19f71f29@gmail.com,TKT-010270,Damaged Item,4
user_fbc6c89a@gmail.com,TKT-010271,Damaged Item,2
user_ff9c5dff@gmail.com,TKT-010272,Damaged Item,4
user_b2e803d7@gmail.com,TKT-010273,Damaged Item,5
user_8dcc061d@gmail.com,TKT-010274,Late Delivery,3
user_86bb795b@gmail.com,TKT-010275,Late Delivery,3
user_683459ca@gmail.com,TKT-010276,Late Delivery,4
user_90b6f2b3@gmail.com,TKT-010277,Late Delivery,3
user_d5a21efb@gmail.com,TKT-010278,Late Delivery,4
user_edf60415@gmail.com,TKT-010279,Late Delivery,5
user_4b45c236@gmail.com,TKT-010280,Late Delivery,4
user_4ef969bb@gmail.com,TKT-010281,Damaged Item,4
user_71c5139f@gmail.com,TKT-010282,Late Delivery,3
user_e22c7e55@gmail.com,TKT-010283,Late Delivery,3
user_64820f85@gmail.com,TKT-010284,Damaged Item,4
user_1ce0aadb@gmail.com,TKT-010285,Late Delivery,1
user_d0b3a9a3@gmail.com,TKT-010286,Damaged Item,5
user_b2ada5b6@gmail.com,TKT-010287,Late Delivery,1
user_755da846@gmail.com,TKT-010288,Damaged Item,3
user_f890e9b2@gmail.com,TKT-010289,Late Delivery,3
user_ce49048d@gmail.com,TKT-010290,Damaged Item,3
user_10b500d1@gmail.com,TKT-010291,Late Delivery,1
user_cb0a368f@gmail.com,TKT-010292,Late Delivery,5
user_05080e52@gmail.com,TKT-010293,Late Delivery,1
user_13b9a05f@gmail.com,TKT-010294,Damaged Item,5
user_ed7bbb73@gmail.com,TKT-010295,Late Delivery,2
user_a484d6a8@gmail.com,TKT-010296,Late Delivery,5
user_bc564574@gmail.com,TKT-010297,Late Delivery,5
user_6c7a57b0@gmail.com,TKT-010298,Late Delivery,5
user_1b7bb393@gmail.com,TKT-010299,Late Delivery,1
user_37a425cd@gmail.com,TKT-010300,Damaged Item,4
user_710f4a9b@gmail.com,TKT-010301,Damaged Item,2
user_3080d6a9@gmail.com,TKT-010302,Damaged Item,3
user_396f21a3@gmail.com,TKT-010303,Damaged Item,2
user_0e1f19da@gmail.com,TKT-010304,Late Delivery,5
user_a57ff048@gmail.com,TKT-010305,Late Delivery,2
user_65769778@gmail.com,TKT-010306,Late Delivery,2
user_81f3e328@gmail.com,TKT-010307,Damaged Item,5
user_1829ddf7@gmail.com,TKT-010308,Damaged Item,3
user_6fa450a0@gmail.com,TKT-010309,Late Delivery,5
user_2d75d5e9@gmail.com,TKT-010310,Late Delivery,2
user_1b8b40f1@gmail.com,TKT-010311,Late Delivery,2
user_da89c0af@gmail.com,TKT-010312,Late Delivery,2
user_e208e280@gmail.com,TKT-010313,Late Delivery,1
user_67523222@gmail.com,TKT-010314,Damaged Item,4
user_50f8c5f8@gmail.com,TKT-010315,Late Delivery,5
user_2f7870be@gmail.com,TKT-010316,Late Delivery,2
user_aa55fd13@gmail.com,TKT-010317,Damaged Item,2
user_9eba8f4d@gmail.com,TKT-010318,Late Delivery,4
user_ffdf771c@gmail.com,TKT-010319,Damaged Item,1
user_11f61cff@gmail.com,TKT-010320,Damaged Item,3
user_18aa614e@gmail.com,TKT-010321,Damaged Item,3
user_9261045e@gmail.com,TKT-010322,Late Delivery,5
user_45be3a22@gmail.com,TKT-010323,Damaged Item,5
user_bdc43764@gmail.com,TKT-010324,Late Delivery,4
user_2b9232e6@gmail.com,TKT-010325,Late Delivery,2
user_9bb42934@gmail.com,TKT-010326,Damaged Item,4
user_d40f703b@gmail.com,TKT-010327,Late Delivery,1
user_f2a95513@gmail.com,TKT-010328,Damaged Item,5
user_071aedb3@gmail.com,TKT-010329,Late Delivery,2
user_cc15a21b@gmail.com,TKT-010330,Damaged Item,1
user_e1de62e0@gmail.com,TKT-010331,Damaged Item,4
user_cf487605@gmail.com,TKT-010332,Damaged Item,3
user_98381e27@gmail.com,TKT-010333,Late Delivery,1
user_2c55cfbf@gmail.com,TKT-010334,Damaged Item,3
user_9456abbf@gmail.com,TKT-010335,Late Delivery,3
user_bc9e47cc@gmail.com,TKT-010336,Late Delivery,4
user_02fcb3cf@gmail.com,TKT-010337,Late Delivery,1
user_620e6593@gmail.com,TKT-010338,Late Delivery,4
user_3a5000ef@gmail.com,TKT-010339,Damaged Item,5
user_0f59c31e@gmail.com,TKT-010340,Late Delivery,5
user_f0cb222c@gmail.com,TKT-010341,Damaged Item,3
user_6a498325@gmail.com,TKT-010342,Late Delivery,1
user_450ddb58@gmail.com,TKT-010343,Damaged Item,4
user_b563e679@gmail.com,TKT-010344,Late Delivery,1
user_fcfeceb7@gmail.com,TKT-010345,Late Delivery,3
user_86dcd41c@gmail.com,TKT-010346,Damaged Item,5
user_09130bee@gmail.com,TKT-010347,Damaged Item,4
user_a10a90c2@gmail.com,TKT-010348,Late Delivery,4
user_650256ff@gmail.com,TKT-010349,Late Delivery,1
user_f92fd2c8@gmail.com,TKT-010350,Late Delivery,5
user_2b2d91eb@gmail.com,TKT-010351,Late Delivery,5
user_a9e0b0a7@gmail.com,TKT-010352,Late Delivery,5
user_1d0bce6d@gmail.com,TKT-010353,Damaged Item,2
user_3564c474@gmail.com,TKT-010354,Late Delivery,1
user_e64269d4@gmail.com,TKT-010355,Late Delivery,4
user_0a7fc8f2@gmail.com,TKT-010356,Late Delivery,4
user_92da62f4@gmail.com,TKT-010357,Late Delivery,5
user_376c9c37@gmail.com,TKT-010358,Damaged Item,2
user_da94447d@gmail.com,TKT-010359,Late Delivery,2
user_3588e044@gmail.com,TKT-010360,Late Delivery,5
user_f69a2175@gmail.com,TKT-010361,Damaged Item,2
user_e23e3462@gmail.com,TKT-010362,Late Delivery,4
user_81842ed3@gmail.com,TKT-010363,Late Delivery,2
user_70c11fae@gmail.com,TKT-010364,Damaged Item,4
user_70d04334@gmail.com,TKT-010365,Damaged Item,4
user_2433dc8b@gmail.com,TKT-010366,Damaged Item,4
user_10b7eaf6@gmail.com,TKT-010367,Damaged Item,1
user_d8f28106@gmail.com,TKT-010368,Damaged Item,2
user_3a3c8b98@gmail.com,TKT-010369,Damaged Item,5
user_9b9fb4b6@gmail.com,TKT-010370,Late Delivery,1
user_5ba50636@gmail.com,TKT-010371,Damaged Item,3
user_7c116ffe@gmail.com,TKT-010372,Damaged Item,2
user_c4b6ed01@gmail.com,TKT-010373,Late Delivery,2
user_1687e0e6@gmail.com,TKT-010374,Late Delivery,3
user_b8a7d192@gmail.com,TKT-010375,Damaged Item,2
user_3cc3ddf7@gmail.com,TKT-010376,Damaged Item,3
user_fb2c8731@gmail.com,TKT-010377,Damaged Item,2
user_42b3b11c@gmail.com,TKT-010378,Damaged Item,1
user_5d7daaea@gmail.com,TKT-010379,Late Delivery,5
user_d0ed0d8d@gmail.com,TKT-010380,Damaged Item,1
user_397017a6@gmail.com,TKT-010381,Damaged Item,4
user_c979c7cd@gmail.com,TKT-010382,Damaged Item,2
user_e377739a@gmail.com,TKT-010383,Damaged Item,5
user_18cf733f@gmail.com,TKT-010384,Damaged Item,4
user_d42e9a42@gmail.com,TKT-010385,Damaged Item,1
user_433859f0@gmail.com,TKT-010386,Late Delivery,3
user_f9a05abe@gmail.com,TKT-010387,Damaged Item,3
user_b08c8196@gmail.com,TKT-010388,Damaged Item,1
user_63fd7757@gmail.com,TKT-010389,Late Delivery,4
user_8930b547@gmail.com,TKT-010390,Damaged Item,2
user_b7946dae@gmail.com,TKT-010391,Damaged Item,5
user_4c0e1d9b@gmail.com,TKT-010392,Damaged Item,1
user_c023bcf1@gmail.com,TKT-010393,Late Delivery,3
user_7640780c@gmail.com,TKT-010394,Late Delivery,1
user_b85e213f@gmail.com,TKT-010395,Late Delivery,1
user_83e180fd@gmail.com,TKT-010396,Damaged Item,5
user_a20e3100@gmail.com,TKT-010397,Late Delivery,5
user_7e3ddeb7@gmail.com,TKT-010398,Late Delivery,2
user_4b9e2aca@gmail.com,TKT-010399,Damaged Item,4
user_1d345e54@gmail.com,TKT-010400,Damaged Item,4
user_e4ff80fb@gmail.com,TKT-010401,Damaged Item,3
user_a45e2076@gmail.com,TKT-010402,Late Delivery,3
user_4c581027@gmail.com,TKT-010403,Late Delivery,5
user_3d7f8688@gmail.com,TKT-010404,Late Delivery,5
user_f3591ae7@gmail.com,TKT-010405,Damaged Item,4
user_faf4d054@gmail.com,TKT-010406,Damaged Item,3
user_3cd1ada8@gmail.com,TKT-010407,Damaged Item,1
user_9a6129b2@gmail.com,TKT-010408,Late Delivery,2
user_cacb3ed8@gmail.com,TKT-010409,Late Delivery,4
user_3c7a1b88@gmail.com,TKT-010410,Damaged Item,3
user_439624e2@gmail.com,TKT-010411,Damaged Item,2
user_bdc31b40@gmail.com,TKT-010412,Damaged Item,5
user_e0742ca2@gmail.com,TKT-010413,Late Delivery,4
user_a10bb061@gmail.com,TKT-010414,Late Delivery,2
user_66015127@gmail.com,TKT-010415,Late Delivery,1
user_af51e8dd@gmail.com,TKT-010416,Late Delivery,3
user_feac4a70@gmail.com,TKT-010417,Late Delivery,1
user_94cf5ed1@gmail.com,TKT-010418,Late Delivery,3
user_25245996@gmail.com,TKT-010419,Damaged Item,5
user_0621c2a5@gmail.com,TKT-010420,Late Delivery,4
user_968dd1a4@gmail.com,TKT-010421,Damaged Item,1
user_469ee8ea@gmail.com,TKT-010422,Damaged Item,2
user_15aeff55@gmail.com,TKT-010423,Late Delivery,4
user_f8ca516b@gmail.com,TKT-010424,Late Delivery,3
user_2905b849@gmail.com,TKT-010425,Late Delivery,4
user_aaf19344@gmail.com,TKT-010426,Late Delivery,2
user_0ab20fb5@gmail.com,TKT-010427,Damaged Item,5
user_5a57aea4@gmail.com,TKT-010428,Damaged Item,3
user_b4d1f56f@gmail.com,TKT-010429,Damaged Item,1
user_aa38957b@gmail.com,TKT-010430,Late Delivery,3
user_3c77b44e@gmail.com,TKT-010431,Damaged Item,1
user_97e8b7a5@gmail.com,TKT-010432,Late Delivery,3
user_eb7d7fbd@gmail.com,TKT-010433,Damaged Item,5
user_87070b00@gmail.com,TKT-010434,Late Delivery,2
user_5c3b478f@gmail.com,TKT-010435,Damaged Item,3
user_2393b0be@gmail.com,TKT-010436,Damaged Item,2
user_e72ed956@gmail.com,TKT-010437,Damaged Item,4
user_17a0ff8c@gmail.com,TKT-010438,Damaged Item,1
user_793b11a5@gmail.com,TKT-010439,Late Delivery,3
user_e2ab32f6@gmail.com,TKT-010440,Late Delivery,3
user_e27c2593@gmail.com,TKT-010441,Damaged Item,2
user_78f389ed@gmail.com,TKT-010442,Late Delivery,4
user_9c2c6585@gmail.com,TKT-010443,Damaged Item,5
user_8fe77ea5@gmail.com,TKT-010444,Damaged Item,4
user_d852affb@gmail.com,TKT-010445,Damaged Item,1
user_d3f68dcb@gmail.com,TKT-010446,Damaged Item,2
user_77ca9de3@gmail.com,TKT-010447,Late Delivery,1
user_e3004e56@gmail.com,TKT-010448,Damaged Item,2
user_5d015eb9@gmail.com,TKT-010449,Damaged Item,3
user_f1ca76c1@gmail.com,TKT-010450,Damaged Item,1
user_961120ee@gmail.com,TKT-010451,Damaged Item,3
user_ff66c6a7@gmail.com,TKT-010452,Damaged Item,2
user_4a1827d2@gmail.com,TKT-010453,Late Delivery,2
user_ba93fafe@gmail.com,TKT-010454,Damaged Item,3
user_a2b04fc2@gmail.com,TKT-010455,Late Delivery,5
user_2dee0e87@gmail.com,TKT-010456,Damaged Item,5
user_a29fbd5e@gmail.com,TKT-010457,Late Delivery,1
user_77d73085@gmail.com,TKT-010458,Damaged Item,2
user_1ca82793@gmail.com,TKT-010459,Damaged Item,3
user_402fa6c2@gmail.com,TKT-010460,Damaged Item,5
user_74e64642@gmail.com,TKT-010461,Damaged Item,1
user_c9f76e85@gmail.com,TKT-010462,Damaged Item,1
user_2dd1d99c@gmail.com,TKT-010463,Late Delivery,5
user_f3ad12a8@gmail.com,TKT-010464,Late Delivery,3
user_9fe87d71@gmail.com,TKT-010465,Late Delivery,1
user_c5365631@gmail.com,TKT-010466,Damaged Item,1
user_c7487ffb@gmail.com,TKT-010467,Damaged Item,4
user_e2596b02@gmail.com,TKT-010468,Damaged Item,2
user_51faedd9@gmail.com,TKT-010469,Damaged Item,4
user_d4dccf9c@gmail.com,TKT-010470,Late Delivery,1
user_42ec2328@gmail.com,TKT-010471,Damaged Item,5
user_e9ec5f74@gmail.com,TKT-010472,Damaged Item,4
user_08b4c336@gmail.com,TKT-010473,Late Delivery,3
user_c2423554@gmail.com,TKT-010474,Late Delivery,4
user_15c88177@gmail.com,TKT-010475,Damaged Item,5
user_eaea6c3e@gmail.com,TKT-010476,Damaged Item,3
user_1b5b7ece@gmail.com,TKT-010477,Late Delivery,4
user_efb01e4e@gmail.com,TKT-010478,Damaged Item,3
user_102597f7@gmail.com,TKT-010479,Late Delivery,3
user_5d7873ae@gmail.com,TKT-010480,Late Delivery,4
user_c2676cde@gmail.com,TKT-010481,Late Delivery,1
user_eeebbe72@gmail.com,TKT-010482,Damaged Item,3
user_d201202e@gmail.com,TKT-010483,Late Delivery,1
user_5d54dcd3@gmail.com,TKT-010484,Damaged Item,3
user_9dcab952@gmail.com,TKT-010485,Damaged Item,1
user_cbb5e227@gmail.com,TKT-010486,Damaged Item,5
user_0653512b@gmail.com,TKT-010487,Late Delivery,3
user_de53dac1@gmail.com,TKT-010488,Late Delivery,5
user_163536c5@gmail.com,TKT-010489,Damaged Item,2
user_16a845f5@gmail.com,TKT-010490,Damaged Item,1
user_601fc330@gmail.com,TKT-010491,Damaged Item,5
user_255db56b@gmail.com,TKT-010492,Damaged Item,2
user_f079f244@gmail.com,TKT-010493,Damaged Item,2
user_adc0189d@gmail.com,TKT-010494,Late Delivery,2
user_0fb407e4@gmail.com,TKT-010495,Damaged Item,1
user_00bd1948@gmail.com,TKT-010496,Late Delivery,5
user_a9ee2be8@gmail.com,TKT-010497,Damaged Item,5
user_df7acaa7@gmail.com,TKT-010498,Damaged Item,3
user_6bc8adc6@gmail.com,TKT-010499,Late Delivery,1
user_f80780ce@gmail.com,TKT-010500,Late Delivery,1
user_a6703b42@gmail.com,TKT-010501,Damaged Item,3
user_22f99be9@gmail.com,TKT-010502,Late Delivery,5
user_afd7b301@gmail.com,TKT-010503,Damaged Item,1
user_f2147db3@gmail.com,TKT-010504,Late Delivery,2
user_2b8b1eb7@gmail.com,TKT-010505,Damaged Item,3
user_82e96180@gmail.com,TKT-010506,Damaged Item,2
user_e60a2f22@gmail.com,TKT-010507,Damaged Item,2
user_b12e97cb@gmail.com,TKT-010508,Late Delivery,1
user_5c8b64a2@gmail.com,TKT-010509,Damaged Item,3
user_ad30c075@gmail.com,TKT-010510,Damaged Item,1
user_10122df9@gmail.com,TKT-010511,Late Delivery,4
user_ccfc4071@gmail.com,TKT-010512,Late Delivery,2
user_1c2ecdd5@gmail.com,TKT-010513,Late Delivery,4
user_55cfb6de@gmail.com,TKT-010514,Late Delivery,3
user_415c8201@gmail.com,TKT-010515,Late Delivery,4
user_32dee21d@gmail.com,TKT-010516,Late Delivery,3
user_d9a0eef3@gmail.com,TKT-010517,Damaged Item,4
user_140a3c2d@gmail.com,TKT-010518,Late Delivery,2
user_91bc9f7f@gmail.com,TKT-010519,Late Delivery,5
user_3e867d20@gmail.com,TKT-010520,Damaged Item,5
user_8e5b6612@gmail.com,TKT-010521,Late Delivery,5
user_41771064@gmail.com,TKT-010522,Late Delivery,4
user_0319cd43@gmail.com,TKT-010523,Late Delivery,4
user_5c7e38d5@gmail.com,TKT-010524,Damaged Item,5
user_13462111@gmail.com,TKT-010525,Late Delivery,3
user_e817c507@gmail.com,TKT-010526,Late Delivery,1
user_551d7e7f@gmail.com,TKT-010527,Damaged Item,4
user_22bf3d5c@gmail.com,TKT-010528,Damaged Item,2
user_9715d0f0@gmail.com,TKT-010529,Late Delivery,2
user_33dd403c@gmail.com,TKT-010530,Damaged Item,3
user_e68baf90@gmail.com,TKT-010531,Damaged Item,3
user_3dbb0fae@gmail.com,TKT-010532,Late Delivery,4
user_c63f1bf0@gmail.com,TKT-010533,Late Delivery,5
user_1d19cada@gmail.com,TKT-010534,Late Delivery,2
user_afd63872@gmail.com,TKT-010535,Late Delivery,5
user_3d50a442@gmail.com,TKT-010536,Damaged Item,2
user_9dce0295@gmail.com,TKT-010537,Late Delivery,3
user_5a0c9ef7@gmail.com,TKT-010538,Damaged Item,5
user_e58e5502@gmail.com,TKT-010539,Late Delivery,1
user_a5b599f7@gmail.com,TKT-010540,Late Delivery,1
user_3d8f828c@gmail.com,TKT-010541,Damaged Item,2
user_af8fb50b@gmail.com,TKT-010542,Damaged Item,2
user_509eab72@gmail.com,TKT-010543,Late Delivery,2
user_2d797181@gmail.com,TKT-010544,Late Delivery,4
user_9f8b9e9b@gmail.com,TKT-010545,Late Delivery,4
user_0f35e8fc@gmail.com,TKT-010546,Late Delivery,4
user_af39bd6b@gmail.com,TKT-010547,Damaged Item,5
user_aa2c08c0@gmail.com,TKT-010548,Late Delivery,3
user_f8e46311@gmail.com,TKT-010549,Damaged Item,1
user_cc322ae9@gmail.com,TKT-010550,Damaged Item,5
user_1dff0925@gmail.com,TKT-010551,Damaged Item,4
user_d24aff1a@gmail.com,TKT-010552,Damaged Item,3
user_e2e92eb4@gmail.com,TKT-010553,Damaged Item,1
user_222f3091@gmail.com,TKT-010554,Late Delivery,3
user_4e14d40f@gmail.com,TKT-010555,Late Delivery,3
user_74fb9524@gmail.com,TKT-010556,Damaged Item,5
user_13577f38@gmail.com,TKT-010557,Damaged Item,2
user_cae0fbea@gmail.com,TKT-010558,Late Delivery,4
user_7aae9564@gmail.com,TKT-010559,Damaged Item,3
user_005f060d@gmail.com,TKT-010560,Damaged Item,1
user_059fa076@gmail.com,TKT-010561,Late Delivery,4
user_43098516@gmail.com,TKT-010562,Damaged Item,3
user_b2b06506@gmail.com,TKT-010563,Damaged Item,5
user_07470bee@gmail.com,TKT-010564,Late Delivery,3
user_f0a81d39@gmail.com,TKT-010565,Late Delivery,3
user_1ec1e474@gmail.com,TKT-010566,Late Delivery,2
user_788419ac@gmail.com,TKT-010567,Damaged Item,1
user_b7ba1a1b@gmail.com,TKT-010568,Late Delivery,5
user_a5d3bfee@gmail.com,TKT-010569,Damaged Item,3
user_dbc7e362@gmail.com,TKT-010570,Late Delivery,2
user_b997e252@gmail.com,TKT-010571,Late Delivery,2
user_db591442@gmail.com,TKT-010572,Late Delivery,1
user_55fcb2a0@gmail.com,TKT-010573,Damaged Item,5
user_2c3b4164@gmail.com,TKT-010574,Late Delivery,1
user_d46587a1@gmail.com,TKT-010575,Damaged Item,4
user_675eaf41@gmail.com,TKT-010576,Damaged Item,3
user_fb2a4a8b@gmail.com,TKT-010577,Damaged Item,2
user_5a300a1c@gmail.com,TKT-010578,Late Delivery,1
user_9216c2ab@gmail.com,TKT-010579,Damaged Item,5
user_10eb42ac@gmail.com,TKT-010580,Damaged Item,4
user_4fd54793@gmail.com,TKT-010581,Late Delivery,3
user_ca6b5d76@gmail.com,TKT-010582,Late Delivery,1
user_128e8489@gmail.com,TKT-010583,Late Delivery,3
user_8c8b32b1@gmail.com,TKT-010584,Damaged Item,3
user_c8f92f06@gmail.com,TKT-010585,Damaged Item,3
user_6e0bc311@gmail.com,TKT-010586,Late Delivery,5
user_d18385de@gmail.com,TKT-010587,Late Delivery,4
user_716e19f1@gmail.com,TKT-010588,Damaged Item,3
user_ba7f2cbd@gmail.com,TKT-010589,Late Delivery,1
user_667a6c10@gmail.com,TKT-010590,Damaged Item,3
user_579c39d6@gmail.com,TKT-010591,Late Delivery,4
user_9a8f298c@gmail.com,TKT-010592,Damaged Item,1
user_de3db1c7@gmail.com,TKT-010593,Damaged Item,2
user_3b4265bf@gmail.com,TKT-010594,Damaged Item,1
user_ad155bc0@gmail.com,TKT-010595,Damaged Item,4
user_db99cf42@gmail.com,TKT-010596,Damaged Item,1
user_ad24f434@gmail.com,TKT-010597,Late Delivery,4
user_3723a7d0@gmail.com,TKT-010598,Late Delivery,5
user_d9ca6af2@gmail.com,TKT-010599,Late Delivery,1
user_40478d5c@gmail.com,TKT-010600,Late Delivery,2
user_c30fd255@gmail.com,TKT-010601,Damaged Item,2
user_e241a12e@gmail.com,TKT-010602,Damaged Item,1
user_f236672c@gmail.com,TKT-010603,Damaged Item,2
user_1d142b03@gmail.com,TKT-010604,Damaged Item,4
user_494a5265@gmail.com,TKT-010605,Late Delivery,2
user_1d583874@gmail.com,TKT-010606,Late Delivery,4
user_ff954b7f@gmail.com,TKT-010607,Late Delivery,3
user_521effe4@gmail.com,TKT-010608,Late Delivery,2
user_0adb1798@gmail.com,TKT-010609,Damaged Item,2
user_b26e87b3@gmail.com,TKT-010610,Damaged Item,4
user_5749c40b@gmail.com,TKT-010611,Late Delivery,3
user_5711423e@gmail.com,TKT-010612,Late Delivery,4
user_1a6cc7b7@gmail.com,TKT-010613,Damaged Item,1
user_7ceea8a1@gmail.com,TKT-010614,Damaged Item,1
user_344ffa1d@gmail.com,TKT-010615,Late Delivery,1
user_2cda0e65@gmail.com,TKT-010616,Damaged Item,3
user_94922f2d@gmail.com,TKT-010617,Late Delivery,1
user_c16c1fa8@gmail.com,TKT-010618,Damaged Item,1
user_2e0a2166@gmail.com,TKT-010619,Late Delivery,5
user_731d225b@gmail.com,TKT-010620,Damaged Item,3
user_f5bf332d@gmail.com,TKT-010621,Damaged Item,3
user_8c4507a5@gmail.com,TKT-010622,Late Delivery,1
user_249fd14b@gmail.com,TKT-010623,Late Delivery,1
user_cc2718d6@gmail.com,TKT-010624,Late Delivery,2
user_5a62307b@gmail.com,TKT-010625,Damaged Item,4
user_3058f1cb@gmail.com,TKT-010626,Late Delivery,1
user_6ca64aa2@gmail.com,TKT-010627,Damaged Item,2
user_6b3d85d1@gmail.com,TKT-010628,Damaged Item,2
user_76209d50@gmail.com,TKT-010629,Damaged Item,4
user_ba611c64@gmail.com,TKT-010630,Late Delivery,4
user_dffa685e@gmail.com,TKT-010631,Damaged Item,2
user_8cd54232@gmail.com,TKT-010632,Damaged Item,3
user_4eb57395@gmail.com,TKT-010633,Late Delivery,5
user_52533f6c@gmail.com,TKT-010634,Late Delivery,5
user_bed8721e@gmail.com,TKT-010635,Late Delivery,3
user_d509a63c@gmail.com,TKT-010636,Late Delivery,3
user_c27d3a90@gmail.com,TKT-010637,Late Delivery,2
user_d44c64ed@gmail.com,TKT-010638,Late Delivery,4
user_562dc4d7@gmail.com,TKT-010639,Damaged Item,3
user_79b624e9@gmail.com,TKT-010640,Damaged Item,4
user_a32be2e3@gmail.com,TKT-010641,Late Delivery,1
user_111d5a05@gmail.com,TKT-010642,Late Delivery,2
user_c44039a1@gmail.com,TKT-010643,Damaged Item,2
user_2ae6a57d@gmail.com,TKT-010644,Late Delivery,4
user_21c0f49b@gmail.com,TKT-010645,Damaged Item,5
user_7bdf68cc@gmail.com,TKT-010646,Late Delivery,1
user_e68b228a@gmail.com,TKT-010647,Late Delivery,2
user_ae6bbe41@gmail.com,TKT-010648,Late Delivery,2
user_19090a83@gmail.com,TKT-010649,Damaged Item,3
user_df060d00@gmail.com,TKT-010650,Late Delivery,3
user_59bfe97a@gmail.com,TKT-010651,Late Delivery,2
user_44eca90d@gmail.com,TKT-010652,Damaged Item,3
user_06d80c56@gmail.com,TKT-010653,Late Delivery,3
user_4b710b38@gmail.com,TKT-010654,Damaged Item,3
user_74117f45@gmail.com,TKT-010655,Late Delivery,4
user_e2d8dff7@gmail.com,TKT-010656,Damaged Item,2
user_72548413@gmail.com,TKT-010657,Late Delivery,5
user_b24f550d@gmail.com,TKT-010658,Damaged Item,3
user_38140b9a@gmail.com,TKT-010659,Late Delivery,4
user_7801c4b9@gmail.com,TKT-010660,Late Delivery,1
user_f5118eeb@gmail.com,TKT-010661,Late Delivery,4
user_3e92bd79@gmail.com,TKT-010662,Late Delivery,5
user_f685c0b2@gmail.com,TKT-010663,Damaged Item,5
user_3965fe86@gmail.com,TKT-010664,Late Delivery,3
user_60f59498@gmail.com,TKT-010665,Damaged Item,1
user_ce2c8176@gmail.com,TKT-010666,Late Delivery,3
user_2e471b8b@gmail.com,TKT-010667,Damaged Item,3
user_7f9e8bc7@gmail.com,TKT-010668,Damaged Item,5
user_e43c6bcb@gmail.com,TKT-010669,Damaged Item,5
user_d53fd8d8@gmail.com,TKT-010670,Damaged Item,1
user_2ba28f48@gmail.com,TKT-010671,Damaged Item,3
user_6aaf48f8@gmail.com,TKT-010672,Damaged Item,2
user_e1d348e5@gmail.com,TKT-010673,Damaged Item,3
user_9ace7453@gmail.com,TKT-010674,Late Delivery,3
user_8fca845b@gmail.com,TKT-010675,Damaged Item,3
user_204df2d5@gmail.com,TKT-010676,Late Delivery,2
user_0e0d3aed@gmail.com,TKT-010677,Late Delivery,2
user_8c89a774@gmail.com,TKT-010678,Late Delivery,4
user_f43dcfca@gmail.com,TKT-010679,Late Delivery,5
user_59a21370@gmail.com,TKT-010680,Damaged Item,5
user_c18dd5e3@gmail.com,TKT-010681,Late Delivery,1
user_b3753b55@gmail.com,TKT-010682,Damaged Item,1
user_1bef0b73@gmail.com,TKT-010683,Late Delivery,3
user_d23e27b4@gmail.com,TKT-010684,Damaged Item,3
user_6528793a@gmail.com,TKT-010685,Late Delivery,4
user_3120f54d@gmail.com,TKT-010686,Damaged Item,5
user_bc44f1b5@gmail.com,TKT-010687,Late Delivery,3
user_93c25a6a@gmail.com,TKT-010688,Damaged Item,3
user_2c14db46@gmail.com,TKT-010689,Late Delivery,1
user_c873d409@gmail.com,TKT-010690,Late Delivery,1
user_eb89ecac@gmail.com,TKT-010691,Late Delivery,5
user_bd5d237a@gmail.com,TKT-010692,Late Delivery,4
user_04fc5f7b@gmail.com,TKT-010693,Damaged Item,1
user_8296d8ac@gmail.com,TKT-010694,Damaged Item,3
user_5f5304fd@gmail.com,TKT-010695,Late Delivery,1
user_231a0b20@gmail.com,TKT-010696,Damaged Item,3
user_54ea1345@gmail.com,TKT-010697,Late Delivery,4
user_f8ac03cb@gmail.com,TKT-010698,Damaged Item,3
user_8902c5a2@gmail.com,TKT-010699,Damaged Item,4
user_6aeb9341@gmail.com,TKT-010700,Damaged Item,5
user_71e44a3c@gmail.com,TKT-010701,Late Delivery,3
user_d67a104f@gmail.com,TKT-010702,Damaged Item,3
user_0ce241b0@gmail.com,TKT-010703,Late Delivery,5
user_d1e50ac6@gmail.com,TKT-010704,Late Delivery,5
user_3daecf81@gmail.com,TKT-010705,Damaged Item,5
user_ef068814@gmail.com,TKT-010706,Late Delivery,3
user_12f390e6@gmail.com,TKT-010707,Late Delivery,3
user_c18a7f19@gmail.com,TKT-010708,Late Delivery,2
user_b845ca58@gmail.com,TKT-010709,Late Delivery,4
user_1b4de623@gmail.com,TKT-010710,Damaged Item,3
user_185129bb@gmail.com,TKT-010711,Late Delivery,1
user_cca180c8@gmail.com,TKT-010712,Damaged Item,2
user_ad249661@gmail.com,TKT-010713,Damaged Item,2
user_652dd04c@gmail.com,TKT-010714,Late Delivery,2
user_84732c50@gmail.com,TKT-010715,Late Delivery,2
user_730b6f40@gmail.com,TKT-010716,Damaged Item,2
user_abe24bdb@gmail.com,TKT-010717,Late Delivery,3
user_680f0cd9@gmail.com,TKT-010718,Damaged Item,5
user_4ce42372@gmail.com,TKT-010719,Damaged Item,3
user_9f46168e@gmail.com,TKT-010720,Damaged Item,2
user_c813241b@gmail.com,TKT-010721,Damaged Item,3
user_9a0e9e47@gmail.com,TKT-010722,Late Delivery,2
user_75313f5c@gmail.com,TKT-010723,Damaged Item,5
user_af6e8dd2@gmail.com,TKT-010724,Late Delivery,2
user_82194266@gmail.com,TKT-010725,Late Delivery,3
user_0d4f24c2@gmail.com,TKT-010726,Late Delivery,1
user_5bc14c22@gmail.com,TKT-010727,Late Delivery,1
user_2c3ed77b@gmail.com,TKT-010728,Damaged Item,3
user_64bcd4fb@gmail.com,TKT-010729,Damaged Item,3
user_087dd27f@gmail.com,TKT-010730,Damaged Item,5
user_cf1ec391@gmail.com,TKT-010731,Damaged Item,3
user_6ce74b4f@gmail.com,TKT-010732,Damaged Item,1
user_0d40149e@gmail.com,TKT-010733,Damaged Item,1
user_98501466@gmail.com,TKT-010734,Late Delivery,2
user_7a17a2d3@gmail.com,TKT-010735,Damaged Item,2
user_f1ba7177@gmail.com,TKT-010736,Damaged Item,1
user_ab0b48ec@gmail.com,TKT-010737,Damaged Item,4
user_8ec956cf@gmail.com,TKT-010738,Damaged Item,3
user_5f543e3c@gmail.com,TKT-010739,Late Delivery,1
user_0ddd6ce7@gmail.com,TKT-010740,Damaged Item,4
user_3dbd70db@gmail.com,TKT-010741,Late Delivery,3
user_08fb46d3@gmail.com,TKT-010742,Damaged Item,5
user_3924b7f6@gmail.com,TKT-010743,Damaged Item,3
user_d0c787a7@gmail.com,TKT-010744,Damaged Item,2
user_595e38fa@gmail.com,TKT-010745,Damaged Item,1
user_56546b71@gmail.com,TKT-010746,Late Delivery,1
user_8db19347@gmail.com,TKT-010747,Damaged Item,3
user_e336d575@gmail.com,TKT-010748,Damaged Item,4
user_59a61650@gmail.com,TKT-010749,Late Delivery,2
user_ccc900f2@gmail.com,TKT-010750,Late Delivery,4
user_8434f9a8@gmail.com,TKT-010751,Late Delivery,4
user_7a2e3d0f@gmail.com,TKT-010752,Late Delivery,5
user_ac7584e9@gmail.com,TKT-010753,Damaged Item,4
user_13dbd4fc@gmail.com,TKT-010754,Damaged Item,2
user_c6d9f3a4@gmail.com,TKT-010755,Late Delivery,2
user_9bf032ef@gmail.com,TKT-010756,Damaged Item,3
user_86306de9@gmail.com,TKT-010757,Damaged Item,5
user_d927c437@gmail.com,TKT-010758,Late Delivery,5
user_772280d0@gmail.com,TKT-010759,Late Delivery,4
user_03ac6352@gmail.com,TKT-010760,Damaged Item,1
user_826a6318@gmail.com,TKT-010761,Damaged Item,4
user_2686ba71@gmail.com,TKT-010762,Late Delivery,2
user_3bfad1f3@gmail.com,TKT-010763,Late Delivery,2
user_a03bed47@gmail.com,TKT-010764,Late Delivery,1
user_60bb068b@gmail.com,TKT-010765,Late Delivery,1
user_c20fa080@gmail.com,TKT-010766,Damaged Item,1
user_f8e77792@gmail.com,TKT-010767,Late Delivery,4
user_2d62e67e@gmail.com,TKT-010768,Late Delivery,4
user_dee969dc@gmail.com,TKT-010769,Late Delivery,5
user_8e07cbdb@gmail.com,TKT-010770,Damaged Item,5
user_59d43f2f@gmail.com,TKT-010771,Damaged Item,1
user_ae34c047@gmail.com,TKT-010772,Late Delivery,1
user_722e107e@gmail.com,TKT-010773,Late Delivery,4
user_af4d3cd0@gmail.com,TKT-010774,Damaged Item,5
user_ede453aa@gmail.com,TKT-010775,Damaged Item,2
user_eccc9617@gmail.com,TKT-010776,Late Delivery,1
user_c7392502@gmail.com,TKT-010777,Damaged Item,3
user_a46694e7@gmail.com,TKT-010778,Damaged Item,4
user_0e2cdea5@gmail.com,TKT-010779,Damaged Item,2
user_64be1085@gmail.com,TKT-010780,Damaged Item,5
user_73a0200d@gmail.com,TKT-010781,Late Delivery,1
user_00cc12a6@gmail.com,TKT-010782,Damaged Item,3
user_d767335b@gmail.com,TKT-010783,Damaged Item,3
user_53c1f5ce@gmail.com,TKT-010784,Late Delivery,4
user_a8096d09@gmail.com,TKT-010785,Damaged Item,3
user_b5364c92@gmail.com,TKT-010786,Late Delivery,3
user_4c4bcbb5@gmail.com,TKT-010787,Late Delivery,3
user_228828f4@gmail.com,TKT-010788,Damaged Item,1
user_072ee71e@gmail.com,TKT-010789,Late Delivery,2
user_c865881f@gmail.com,TKT-010790,Damaged Item,2
user_e214e244@gmail.com,TKT-010791,Damaged Item,3
user_663d5a1d@gmail.com,TKT-010792,Late Delivery,4
user_d0b2f9c9@gmail.com,TKT-010793,Damaged Item,5
user_62bdd324@gmail.com,TKT-010794,Damaged Item,4
user_0153b79c@gmail.com,TKT-010795,Late Delivery,3
user_0f84a9dd@gmail.com,TKT-010796,Late Delivery,2
user_cf3db5f5@gmail.com,TKT-010797,Late Delivery,5
user_d631d4d9@gmail.com,TKT-010798,Late Delivery,4
user_305c6866@gmail.com,TKT-010799,Damaged Item,1
user_fcb1d4db@gmail.com,TKT-010800,Late Delivery,5
user_e136d629@gmail.com,TKT-010801,Late Delivery,3
user_407312c8@gmail.com,TKT-010802,Damaged Item,1
user_7f233b8a@gmail.com,TKT-010803,Late Delivery,1
user_2c0f65d4@gmail.com,TKT-010804,Late Delivery,1
user_3a1cb069@gmail.com,TKT-010805,Late Delivery,1
user_69ed598d@gmail.com,TKT-010806,Late Delivery,5
user_ed526515@gmail.com,TKT-010807,Damaged Item,1
user_20badbb5@gmail.com,TKT-010808,Late Delivery,3
user_9ea47dbf@gmail.com,TKT-010809,Damaged Item,5
user_afd0b9a9@gmail.com,TKT-010810,Late Delivery,5
user_80d883b5@gmail.com,TKT-010811,Damaged Item,3
user_29846296@gmail.com,TKT-010812,Damaged Item,2
user_aed838b0@gmail.com,TKT-010813,Damaged Item,1
user_ba4d1a4a@gmail.com,TKT-010814,Late Delivery,4
user_76c97e01@gmail.com,TKT-010815,Damaged Item,3
user_66520ddf@gmail.com,TKT-010816,Late Delivery,1
user_4a39707e@gmail.com,TKT-010817,Damaged Item,4
user_8f3dfd04@gmail.com,TKT-010818,Damaged Item,2
user_a297788e@gmail.com,TKT-010819,Damaged Item,2
user_f7e9a601@gmail.com,TKT-010820,Late Delivery,2
user_32096663@gmail.com,TKT-010821,Damaged Item,5
user_83f2c4a2@gmail.com,TKT-010822,Late Delivery,3
user_586feebc@gmail.com,TKT-010823,Damaged Item,4
user_4fd70d55@gmail.com,TKT-010824,Late Delivery,2
user_98fc5953@gmail.com,TKT-010825,Late Delivery,4
user_d1ea1ece@gmail.com,TKT-010826,Late Delivery,3
user_0c595173@gmail.com,TKT-010827,Damaged Item,1
user_481e99ba@gmail.com,TKT-010828,Late Delivery,2
user_f06c24ed@gmail.com,TKT-010829,Damaged Item,1
user_f7216e0a@gmail.com,TKT-010830,Damaged Item,3
user_82f9a6d8@gmail.com,TKT-010831,Late Delivery,4
user_db3d2c34@gmail.com,TKT-010832,Late Delivery,3
user_201e18d3@gmail.com,TKT-010833,Late Delivery,5
user_4a3befd6@gmail.com,TKT-010834,Damaged Item,4
user_5670c7ea@gmail.com,TKT-010835,Late Delivery,2
user_2dd85e16@gmail.com,TKT-010836,Damaged Item,4
user_2094db37@gmail.com,TKT-010837,Damaged Item,4
user_768b4f16@gmail.com,TKT-010838,Damaged Item,5
user_4e447212@gmail.com,TKT-010839,Late Delivery,1
user_231d7c41@gmail.com,TKT-010840,Damaged Item,5
user_e4e44c41@gmail.com,TKT-010841,Late Delivery,4
user_ebd46d84@gmail.com,TKT-010842,Damaged Item,1
user_b37c8ccc@gmail.com,TKT-010843,Late Delivery,4
user_91f3a63e@gmail.com,TKT-010844,Late Delivery,4
user_d3207d6a@gmail.com,TKT-010845,Late Delivery,1
user_40c28102@gmail.com,TKT-010846,Late Delivery,2
user_fbf136c0@gmail.com,TKT-010847,Damaged Item,4
user_6a8b7d97@gmail.com,TKT-010848,Late Delivery,3
user_1da6142c@gmail.com,TKT-010849,Late Delivery,3
user_4399f1c9@gmail.com,TKT-010850,Damaged Item,5
user_d420337d@gmail.com,TKT-010851,Damaged Item,5
user_9c23f75a@gmail.com,TKT-010852,Late Delivery,4
user_65ab3020@gmail.com,TKT-010853,Late Delivery,1
user_5b591664@gmail.com,TKT-010854,Late Delivery,5
user_6aa39ead@gmail.com,TKT-010855,Late Delivery,5
user_2caa420c@gmail.com,TKT-010856,Late Delivery,2
user_2d5e5796@gmail.com,TKT-010857,Late Delivery,2
user_9f0d87c0@gmail.com,TKT-010858,Late Delivery,3
user_662c0bb8@gmail.com,TKT-010859,Late Delivery,1
user_8637b999@gmail.com,TKT-010860,Late Delivery,1
user_2261387d@gmail.com,TKT-010861,Late Delivery,3
user_1fe64a1a@gmail.com,TKT-010862,Damaged Item,4
user_b200e741@gmail.com,TKT-010863,Late Delivery,1
user_98a42d14@gmail.com,TKT-010864,Late Delivery,1
user_14ad45db@gmail.com,TKT-010865,Late Delivery,1
user_53066992@gmail.com,TKT-010866,Damaged Item,4
user_08757efd@gmail.com,TKT-010867,Late Delivery,5
user_b1dca75b@gmail.com,TKT-010868,Late Delivery,5
user_73b05ec5@gmail.com,TKT-010869,Late Delivery,1
user_24cb02db@gmail.com,TKT-010870,Damaged Item,4
user_3324de1a@gmail.com,TKT-010871,Damaged Item,4
user_5ca49056@gmail.com,TKT-010872,Damaged Item,5
user_94f48c01@gmail.com,TKT-010873,Damaged Item,1
user_2c887f68@gmail.com,TKT-010874,Late Delivery,5
user_bc19782d@gmail.com,TKT-010875,Damaged Item,5
user_4bc3a049@gmail.com,TKT-010876,Damaged Item,5
user_6fe9dc85@gmail.com,TKT-010877,Late Delivery,1
user_c6eebf79@gmail.com,TKT-010878,Damaged Item,2
user_99bf2e03@gmail.com,TKT-010879,Damaged Item,1
user_adc80b3a@gmail.com,TKT-010880,Late Delivery,5
user_41d34475@gmail.com,TKT-010881,Damaged Item,3
user_3ad8273c@gmail.com,TKT-010882,Damaged Item,4
user_1fa0ace8@gmail.com,TKT-010883,Late Delivery,3
user_d6d9c59a@gmail.com,TKT-010884,Damaged Item,3
user_000fbf04@gmail.com,TKT-010885,Late Delivery,4
user_a06d716c@gmail.com,TKT-010886,Late Delivery,4
user_62e88325@gmail.com,TKT-010887,Damaged Item,4
user_0c0ea939@gmail.com,TKT-010888,Late Delivery,4
user_82fcbfcf@gmail.com,TKT-010889,Late Delivery,3
user_dbbcc06e@gmail.com,TKT-010890,Late Delivery,3
user_97ffc2a0@gmail.com,TKT-010891,Damaged Item,4
user_3b8fee10@gmail.com,TKT-010892,Late Delivery,5
user_f8827308@gmail.com,TKT-010893,Late Delivery,4
user_f265ed97@gmail.com,TKT-010894,Damaged Item,2
user_9e2fe118@gmail.com,TKT-010895,Late Delivery,2
user_96b5aafd@gmail.com,TKT-010896,Damaged Item,3
user_686fa418@gmail.com,TKT-010897,Late Delivery,4
user_f0310c8c@gmail.com,TKT-010898,Damaged Item,4
user_e5edefaa@gmail.com,TKT-010899,Late Delivery,2
user_b1c8ede6@gmail.com,TKT-010900,Late Delivery,4
user_878028a4@gmail.com,TKT-010901,Late Delivery,3
user_d82567c4@gmail.com,TKT-010902,Late Delivery,2
user_4c1002d0@gmail.com,TKT-010903,Damaged Item,5
user_dbbdf30a@gmail.com,TKT-010904,Damaged Item,2
user_384ffc52@gmail.com,TKT-010905,Late Delivery,4
user_ad7fda75@gmail.com,TKT-010906,Damaged Item,4
user_fc39b5e9@gmail.com,TKT-010907,Late Delivery,5
user_65d58cda@gmail.com,TKT-010908,Late Delivery,1
user_5fc17f3f@gmail.com,TKT-010909,Late Delivery,3
user_a7572724@gmail.com,TKT-010910,Damaged Item,5
user_fda9a2c9@gmail.com,TKT-010911,Late Delivery,5
user_215cc7a6@gmail.com,TKT-010912,Late Delivery,3
user_73267f70@gmail.com,TKT-010913,Damaged Item,5
user_50315081@gmail.com,TKT-010914,Late Delivery,1
user_8fd48695@gmail.com,TKT-010915,Damaged Item,1
user_9be8b648@gmail.com,TKT-010916,Damaged Item,2
user_125f6a09@gmail.com,TKT-010917,Damaged Item,2
user_f284b640@gmail.com,TKT-010918,Damaged Item,4
user_389ea06c@gmail.com,TKT-010919,Late Delivery,3
user_9fd88776@gmail.com,TKT-010920,Late Delivery,3
user_405f6a0f@gmail.com,TKT-010921,Late Delivery,3
user_64423fda@gmail.com,TKT-010922,Late Delivery,1
user_1383a85c@gmail.com,TKT-010923,Damaged Item,2
user_00350299@gmail.com,TKT-010924,Late Delivery,2
user_7f208f48@gmail.com,TKT-010925,Damaged Item,1
user_71dbcb01@gmail.com,TKT-010926,Late Delivery,3
user_84dcd4f8@gmail.com,TKT-010927,Damaged Item,4
user_51df14ac@gmail.com,TKT-010928,Damaged Item,1
user_76e65678@gmail.com,TKT-010929,Late Delivery,3
user_f37fdbe2@gmail.com,TKT-010930,Damaged Item,1
user_fa43ac1b@gmail.com,TKT-010931,Damaged Item,3
user_45803b22@gmail.com,TKT-010932,Late Delivery,2
user_21e251f7@gmail.com,TKT-010933,Damaged Item,4
user_1fb06669@gmail.com,TKT-010934,Late Delivery,4
user_92eb9f69@gmail.com,TKT-010935,Late Delivery,2
user_8baafc5b@gmail.com,TKT-010936,Late Delivery,5
user_6167fc52@gmail.com,TKT-010937,Late Delivery,4
user_5af852e2@gmail.com,TKT-010938,Damaged Item,2
user_5c258ab1@gmail.com,TKT-010939,Damaged Item,3
user_01ce78f7@gmail.com,TKT-010940,Late Delivery,3
user_2d0491ba@gmail.com,TKT-010941,Late Delivery,3
user_6b5d264c@gmail.com,TKT-010942,Damaged Item,2
user_d71570ea@gmail.com,TKT-010943,Late Delivery,1
user_39aa3286@gmail.com,TKT-010944,Damaged Item,4
user_e9c2097e@gmail.com,TKT-010945,Damaged Item,3
user_aa56aff5@gmail.com,TKT-010946,Late Delivery,3
user_f8ec2178@gmail.com,TKT-010947,Late Delivery,3
user_5f8908fe@gmail.com,TKT-010948,Damaged Item,5
user_061e2147@gmail.com,TKT-010949,Late Delivery,2
user_75f5549d@gmail.com,TKT-010950,Damaged Item,5
user_5ea2a945@gmail.com,TKT-010951,Late Delivery,2
user_5f9b7a59@gmail.com,TKT-010952,Damaged Item,2
user_eb1dab35@gmail.com,TKT-010953,Damaged Item,5
user_1479fd41@gmail.com,TKT-010954,Damaged Item,4
user_76401c7b@gmail.com,TKT-010955,Damaged Item,4
user_fc545111@gmail.com,TKT-010956,Damaged Item,4
user_b1864f5d@gmail.com,TKT-010957,Late Delivery,1
user_a605d2f4@gmail.com,TKT-010958,Late Delivery,1
user_dbd06886@gmail.com,TKT-010959,Damaged Item,4
user_68a80bb2@gmail.com,TKT-010960,Damaged Item,3
user_d0a9421d@gmail.com,TKT-010961,Damaged Item,2
user_db44a2fc@gmail.com,TKT-010962,Late Delivery,3
user_34015233@gmail.com,TKT-010963,Late Delivery,5
user_8c574ea0@gmail.com,TKT-010964,Damaged Item,5
user_02bb0a3e@gmail.com,TKT-010965,Late Delivery,2
user_c8739439@gmail.com,TKT-010966,Damaged Item,3
user_7b76418c@gmail.com,TKT-010967,Damaged Item,1
user_bd142e21@gmail.com,TKT-010968,Late Delivery,5
user_1ad1e13c@gmail.com,TKT-010969,Late Delivery,4
user_dc963e39@gmail.com,TKT-010970,Late Delivery,5
user_f8735979@gmail.com,TKT-010971,Damaged Item,1
user_0a8b3d89@gmail.com,TKT-010972,Damaged Item,3
user_cdd45fb1@gmail.com,TKT-010973,Damaged Item,3
user_b1a11993@gmail.com,TKT-010974,Late Delivery,1
user_adfe8eba@gmail.com,TKT-010975,Damaged Item,4
user_d87cd982@gmail.com,TKT-010976,Late Delivery,5
user_f25e14da@gmail.com,TKT-010977,Damaged Item,2
user_e6ae3727@gmail.com,TKT-010978,Damaged Item,3
user_0affd973@gmail.com,TKT-010979,Late Delivery,3
user_7ed727c7@gmail.com,TKT-010980,Late Delivery,2
user_9b63d269@gmail.com,TKT-010981,Damaged Item,3
user_f7a0a121@gmail.com,TKT-010982,Late Delivery,5
user_f4f2d853@gmail.com,TKT-010983,Late Delivery,4
user_5ed5d421@gmail.com,TKT-010984,Damaged Item,2
user_a1385444@gmail.com,TKT-010985,Damaged Item,3
user_7387cda3@gmail.com,TKT-010986,Late Delivery,5
user_eaa47556@gmail.com,TKT-010987,Damaged Item,2
user_25bd804c@gmail.com,TKT-010988,Late Delivery,2
user_7675ea22@gmail.com,TKT-010989,Damaged Item,2
user_c6c40ec7@gmail.com,TKT-010990,Damaged Item,4
user_457c16a2@gmail.com,TKT-010991,Damaged Item,2
user_a92f6790@gmail.com,TKT-010992,Late Delivery,4
user_5cfc9643@gmail.com,TKT-010993,Late Delivery,2
user_24bc45b9@gmail.com,TKT-010994,Damaged Item,5
user_f5479eed@gmail.com,TKT-010995,Damaged Item,3
user_8f9875f4@gmail.com,TKT-010996,Late Delivery,5
user_bd5f7d1b@gmail.com,TKT-010997,Damaged Item,4
user_b4c50a34@gmail.com,TKT-010998,Late Delivery,2
user_1e4d3d95@gmail.com,TKT-010999,Damaged Item,3
user_29290cdb@gmail.com,TKT-011000,Late Delivery,5
user_37ffc452@gmail.com,TKT-011001,Damaged Item,5
user_379647e2@gmail.com,TKT-011002,Damaged Item,4
user_e0edca77@gmail.com,TKT-011003,Late Delivery,4
user_727a7af2@gmail.com,TKT-011004,Damaged Item,4
user_7f75d82f@gmail.com,TKT-011005,Late Delivery,5
user_74198504@gmail.com,TKT-011006,Damaged Item,1
user_46782345@gmail.com,TKT-011007,Damaged Item,1
user_b0aa66f3@gmail.com,TKT-011008,Late Delivery,4
user_44b76ab0@gmail.com,TKT-011009,Damaged Item,2
user_71bcc66a@gmail.com,TKT-011010,Late Delivery,3
user_2a11202a@gmail.com,TKT-011011,Late Delivery,2
user_3de00390@gmail.com,TKT-011012,Damaged Item,3
user_4fd1dbe5@gmail.com,TKT-011013,Damaged Item,4
user_e89bab62@gmail.com,TKT-011014,Late Delivery,5
user_44240c92@gmail.com,TKT-011015,Late Delivery,4
user_48dbb37a@gmail.com,TKT-011016,Late Delivery,3
user_6f47b0cf@gmail.com,TKT-011017,Damaged Item,2
user_70d3eaeb@gmail.com,TKT-011018,Late Delivery,1
user_8b2f9f02@gmail.com,TKT-011019,Damaged Item,3
user_d423f366@gmail.com,TKT-011020,Damaged Item,5
user_ddc3194f@gmail.com,TKT-011021,Late Delivery,1
user_211e4234@gmail.com,TKT-011022,Damaged Item,1
user_7708be01@gmail.com,TKT-011023,Damaged Item,1
user_582a0b05@gmail.com,TKT-011024,Damaged Item,5
user_a8cace4d@gmail.com,TKT-011025,Late Delivery,5
user_b5c4a9be@gmail.com,TKT-011026,Damaged Item,3
user_3a8cc314@gmail.com,TKT-011027,Damaged Item,5
user_dd070efb@gmail.com,TKT-011028,Damaged Item,5
user_071cabf4@gmail.com,TKT-011029,Late Delivery,2
user_48e487fe@gmail.com,TKT-011030,Damaged Item,1
user_e07db559@gmail.com,TKT-011031,Late Delivery,1
user_a618a1b6@gmail.com,TKT-011032,Late Delivery,5
user_82306d8c@gmail.com,TKT-011033,Late Delivery,4
user_d89fd46b@gmail.com,TKT-011034,Late Delivery,4
user_c0f7e8c0@gmail.com,TKT-011035,Damaged Item,5
user_8ee658cd@gmail.com,TKT-011036,Damaged Item,1
user_a0c2e84d@gmail.com,TKT-011037,Late Delivery,3
user_1d1bbacb@gmail.com,TKT-011038,Late Delivery,4
user_10e44e27@gmail.com,TKT-011039,Damaged Item,1
user_5e0d2d10@gmail.com,TKT-011040,Late Delivery,1
user_d270eb25@gmail.com,TKT-011041,Late Delivery,2
user_d197dd44@gmail.com,TKT-011042,Damaged Item,5
user_ecf03466@gmail.com,TKT-011043,Damaged Item,3
user_9a43035d@gmail.com,TKT-011044,Damaged Item,2
user_59237f35@gmail.com,TKT-011045,Damaged Item,3
user_aa25fcd6@gmail.com,TKT-011046,Late Delivery,3
user_0488328f@gmail.com,TKT-011047,Damaged Item,1
user_4a05472a@gmail.com,TKT-011048,Damaged Item,3
user_4e124226@gmail.com,TKT-011049,Late Delivery,3
user_2902d3f5@gmail.com,TKT-011050,Late Delivery,2
user_e0f04b36@gmail.com,TKT-011051,Damaged Item,2
user_57dd9637@gmail.com,TKT-011052,Damaged Item,2
user_3de6c8f6@gmail.com,TKT-011053,Late Delivery,3
user_82375c4c@gmail.com,TKT-011054,Late Delivery,1
user_5553a7c7@gmail.com,TKT-011055,Late Delivery,2
user_7ed17e95@gmail.com,TKT-011056,Late Delivery,3
user_d4f3e09a@gmail.com,TKT-011057,Late Delivery,2
user_403da270@gmail.com,TKT-011058,Late Delivery,3
user_977004be@gmail.com,TKT-011059,Late Delivery,2
user_5a374f51@gmail.com,TKT-011060,Damaged Item,5
user_a0931a30@gmail.com,TKT-011061,Damaged Item,4
user_aeadc942@gmail.com,TKT-011062,Damaged Item,4
user_c4f85561@gmail.com,TKT-011063,Late Delivery,2
user_716e8ba7@gmail.com,TKT-011064,Damaged Item,1
user_c594d292@gmail.com,TKT-011065,Late Delivery,5
user_bf0630cd@gmail.com,TKT-011066,Damaged Item,4
user_0503aa90@gmail.com,TKT-011067,Late Delivery,1
user_dc4648ca@gmail.com,TKT-011068,Late Delivery,4
user_11c6b90c@gmail.com,TKT-011069,Late Delivery,1
user_3ea232fe@gmail.com,TKT-011070,Late Delivery,4
user_d1a46031@gmail.com,TKT-011071,Damaged Item,4
user_ed0c1fea@gmail.com,TKT-011072,Late Delivery,4
user_827785de@gmail.com,TKT-011073,Damaged Item,1
user_ab4bce95@gmail.com,TKT-011074,Damaged Item,1
user_989b318b@gmail.com,TKT-011075,Late Delivery,2
user_0c8d4e17@gmail.com,TKT-011076,Damaged Item,2
user_7ef7e4cd@gmail.com,TKT-011077,Late Delivery,3
user_eeb74135@gmail.com,TKT-011078,Late Delivery,4
user_946d9136@gmail.com,TKT-011079,Damaged Item,1
user_84ab84c1@gmail.com,TKT-011080,Damaged Item,4
user_3d46f372@gmail.com,TKT-011081,Damaged Item,1
user_c524a85e@gmail.com,TKT-011082,Damaged Item,5
user_97241a59@gmail.com,TKT-011083,Damaged Item,4
user_6d3d5771@gmail.com,TKT-011084,Damaged Item,3
user_fb484251@gmail.com,TKT-011085,Damaged Item,5
user_63bef2d0@gmail.com,TKT-011086,Damaged Item,4
user_9fe919ec@gmail.com,TKT-011087,Late Delivery,1
user_de3666f0@gmail.com,TKT-011088,Late Delivery,5
user_0667bb0a@gmail.com,TKT-011089,Damaged Item,1
user_defbb97c@gmail.com,TKT-011090,Damaged Item,5
user_b88c1a1d@gmail.com,TKT-011091,Damaged Item,1
user_699c846b@gmail.com,TKT-011092,Damaged Item,4
user_d0ed2b32@gmail.com,TKT-011093,Late Delivery,5
user_64f4edd5@gmail.com,TKT-011094,Damaged Item,2
user_a48cb60f@gmail.com,TKT-011095,Late Delivery,2
user_dc70595c@gmail.com,TKT-011096,Damaged Item,4
user_eb8f12dc@gmail.com,TKT-011097,Damaged Item,4
user_aa3bf249@gmail.com,TKT-011098,Damaged Item,5
user_659b2485@gmail.com,TKT-011099,Late Delivery,3
user_34a579bc@gmail.com,TKT-011100,Damaged Item,4
user_0cfe42ac@gmail.com,TKT-011101,Damaged Item,2
user_6567ecb9@gmail.com,TKT-011102,Late Delivery,2
user_b0d0e87e@gmail.com,TKT-011103,Late Delivery,4
user_9ad4ea73@gmail.com,TKT-011104,Late Delivery,4
user_a83a9065@gmail.com,TKT-011105,Damaged Item,2
user_b85a5b9a@gmail.com,TKT-011106,Damaged Item,3
user_45f81625@gmail.com,TKT-011107,Late Delivery,3
user_729af45f@gmail.com,TKT-011108,Damaged Item,1
user_de0bee27@gmail.com,TKT-011109,Late Delivery,3
user_bc4947fd@gmail.com,TKT-011110,Damaged Item,3
user_40e9ee5c@gmail.com,TKT-011111,Late Delivery,5
user_ebdd8677@gmail.com,TKT-011112,Late Delivery,1
user_65664394@gmail.com,TKT-011113,Damaged Item,5
user_0efd5025@gmail.com,TKT-011114,Damaged Item,1
user_5121548a@gmail.com,TKT-011115,Late Delivery,3
user_1d5fd6e9@gmail.com,TKT-011116,Damaged Item,4
user_c782319a@gmail.com,TKT-011117,Damaged Item,4
user_04e5504b@gmail.com,TKT-011118,Late Delivery,2
user_b949a7e0@gmail.com,TKT-011119,Late Delivery,3
user_68b2f280@gmail.com,TKT-011120,Damaged Item,3
user_dc4b0942@gmail.com,TKT-011121,Damaged Item,2
user_d2f2f9c1@gmail.com,TKT-011122,Late Delivery,5
user_973629b0@gmail.com,TKT-011123,Late Delivery,1
user_8bce880e@gmail.com,TKT-011124,Damaged Item,4
user_f9234780@gmail.com,TKT-011125,Late Delivery,1
user_a61f0150@gmail.com,TKT-011126,Late Delivery,5
user_5f906880@gmail.com,TKT-011127,Damaged Item,2
user_e83af10a@gmail.com,TKT-011128,Damaged Item,1
user_56607c74@gmail.com,TKT-011129,Damaged Item,5
user_0567da3d@gmail.com,TKT-011130,Late Delivery,1
user_94e89532@gmail.com,TKT-011131,Damaged Item,4
user_ee43cd2e@gmail.com,TKT-011132,Late Delivery,5
user_c0921773@gmail.com,TKT-011133,Late Delivery,3
user_ddee6163@gmail.com,TKT-011134,Late Delivery,2
user_04914a70@gmail.com,TKT-011135,Damaged Item,2
user_9b12d667@gmail.com,TKT-011136,Damaged Item,1
user_cfc25323@gmail.com,TKT-011137,Late Delivery,5
user_f51fe5ff@gmail.com,TKT-011138,Damaged Item,2
user_51c4c937@gmail.com,TKT-011139,Damaged Item,1
user_e19d6cb4@gmail.com,TKT-011140,Late Delivery,1
user_9980291d@gmail.com,TKT-011141,Damaged Item,2
user_a8015376@gmail.com,TKT-011142,Damaged Item,5
user_b183c930@gmail.com,TKT-011143,Late Delivery,1
user_ce44949f@gmail.com,TKT-011144,Damaged Item,5
user_fd504433@gmail.com,TKT-011145,Damaged Item,1
user_1053f67b@gmail.com,TKT-011146,Late Delivery,4
user_022defe8@gmail.com,TKT-011147,Damaged Item,4
user_671ce431@gmail.com,TKT-011148,Late Delivery,5
user_cb866267@gmail.com,TKT-011149,Damaged Item,2
user_079b34d0@gmail.com,TKT-011150,Late Delivery,2
user_2704c516@gmail.com,TKT-011151,Damaged Item,4
user_9e918007@gmail.com,TKT-011152,Damaged Item,1
user_c7542a44@gmail.com,TKT-011153,Late Delivery,4
user_ae806b7c@gmail.com,TKT-011154,Late Delivery,2
user_b74ee853@gmail.com,TKT-011155,Late Delivery,3
user_518af84c@gmail.com,TKT-011156,Damaged Item,3
user_2587f2fb@gmail.com,TKT-011157,Late Delivery,5
user_602a79b2@gmail.com,TKT-011158,Damaged Item,4
user_53beb2a9@gmail.com,TKT-011159,Late Delivery,5
user_c3c8e871@gmail.com,TKT-011160,Damaged Item,4
user_9ed98d7d@gmail.com,TKT-011161,Damaged Item,2
user_fd248567@gmail.com,TKT-011162,Late Delivery,3
user_14730c28@gmail.com,TKT-011163,Damaged Item,3
user_a05262e3@gmail.com,TKT-011164,Damaged Item,4
user_0bd020b4@gmail.com,TKT-011165,Late Delivery,3
user_27aedec3@gmail.com,TKT-011166,Damaged Item,1
user_6898f407@gmail.com,TKT-011167,Late Delivery,5
user_ba1fe3dc@gmail.com,TKT-011168,Late Delivery,3
user_34a0955b@gmail.com,TKT-011169,Late Delivery,4
user_add5ba90@gmail.com,TKT-011170,Late Delivery,2
user_3d016daf@gmail.com,TKT-011171,Late Delivery,1
user_ae00eb90@gmail.com,TKT-011172,Late Delivery,2
user_7108c2b8@gmail.com,TKT-011173,Damaged Item,4
user_23a25807@gmail.com,TKT-011174,Late Delivery,4
user_23185cfa@gmail.com,TKT-011175,Late Delivery,4
user_c38af0f4@gmail.com,TKT-011176,Late Delivery,2
user_c9ce3564@gmail.com,TKT-011177,Damaged Item,4
user_6daddc17@gmail.com,TKT-011178,Damaged Item,5
user_656b44f5@gmail.com,TKT-011179,Damaged Item,5
user_6fbff419@gmail.com,TKT-011180,Late Delivery,5
user_cc2a97be@gmail.com,TKT-011181,Damaged Item,1
user_d729f728@gmail.com,TKT-011182,Damaged Item,4
user_3db3885c@gmail.com,TKT-011183,Damaged Item,2
user_64510e76@gmail.com,TKT-011184,Late Delivery,1
user_46df7382@gmail.com,TKT-011185,Late Delivery,5
user_c2dd4254@gmail.com,TKT-011186,Late Delivery,5
user_6e6a6567@gmail.com,TKT-011187,Late Delivery,3
user_02f2a9da@gmail.com,TKT-011188,Late Delivery,3
user_d1b5bb22@gmail.com,TKT-011189,Damaged Item,5
user_54e0af4a@gmail.com,TKT-011190,Damaged Item,4
user_f7e28f83@gmail.com,TKT-011191,Late Delivery,1
user_7e54f5b8@gmail.com,TKT-011192,Damaged Item,1
user_e6fd45b1@gmail.com,TKT-011193,Damaged Item,5
user_32668a11@gmail.com,TKT-011194,Damaged Item,2
user_6d28f576@gmail.com,TKT-011195,Late Delivery,2
user_be613a35@gmail.com,TKT-011196,Late Delivery,3
user_62b764bf@gmail.com,TKT-011197,Damaged Item,1
user_0b10db91@gmail.com,TKT-011198,Late Delivery,1
user_bd0a735a@gmail.com,TKT-011199,Damaged Item,3
user_c3194e14@gmail.com,TKT-011200,Damaged Item,1
user_9ee8fe93@gmail.com,TKT-011201,Damaged Item,2
user_5cf00c03@gmail.com,TKT-011202,Late Delivery,1
user_7d53db31@gmail.com,TKT-011203,Late Delivery,1
user_63a2711d@gmail.com,TKT-011204,Damaged Item,5
user_ff410d7d@gmail.com,TKT-011205,Late Delivery,1
user_a6d5806c@gmail.com,TKT-011206,Late Delivery,4
user_e1015df0@gmail.com,TKT-011207,Late Delivery,1
user_75ebac4a@gmail.com,TKT-011208,Late Delivery,5
user_4214c630@gmail.com,TKT-011209,Late Delivery,3
user_8cb75731@gmail.com,TKT-011210,Damaged Item,4
user_f0db0a54@gmail.com,TKT-011211,Damaged Item,4
user_8ad69527@gmail.com,TKT-011212,Damaged Item,5
user_a3ee644c@gmail.com,TKT-011213,Late Delivery,5
user_2650fe5b@gmail.com,TKT-011214,Damaged Item,4
user_9bc15877@gmail.com,TKT-011215,Late Delivery,3
user_f0511992@gmail.com,TKT-011216,Damaged Item,5
user_35949a9a@gmail.com,TKT-011217,Damaged Item,2
user_10c4eb85@gmail.com,TKT-011218,Late Delivery,5
user_118776be@gmail.com,TKT-011219,Late Delivery,3
user_fcb8b95b@gmail.com,TKT-011220,Damaged Item,3
user_8af6dc18@gmail.com,TKT-011221,Late Delivery,1
user_e7f94a60@gmail.com,TKT-011222,Late Delivery,3
user_3a3e6f90@gmail.com,TKT-011223,Damaged Item,5
user_9cc53674@gmail.com,TKT-011224,Late Delivery,5
user_c30151a3@gmail.com,TKT-011225,Late Delivery,4
user_5a2e847d@gmail.com,TKT-011226,Late Delivery,1
user_35329f6f@gmail.com,TKT-011227,Late Delivery,5
user_608d4050@gmail.com,TKT-011228,Late Delivery,2
user_c9a7082c@gmail.com,TKT-011229,Damaged Item,4
user_4b3b36d4@gmail.com,TKT-011230,Damaged Item,5
user_104c534e@gmail.com,TKT-011231,Late Delivery,5
user_6857e5a4@gmail.com,TKT-011232,Late Delivery,2
user_9c6f3745@gmail.com,TKT-011233,Late Delivery,3
user_7b4e4ddd@gmail.com,TKT-011234,Damaged Item,2
user_b60d47f5@gmail.com,TKT-011235,Damaged Item,4
user_f664050e@gmail.com,TKT-011236,Late Delivery,5
user_decb307d@gmail.com,TKT-011237,Damaged Item,3
user_39ec76ea@gmail.com,TKT-011238,Damaged Item,1
user_07d7f2c2@gmail.com,TKT-011239,Damaged Item,4
user_87f121f0@gmail.com,TKT-011240,Late Delivery,5
user_672cc58e@gmail.com,TKT-011241,Late Delivery,2
user_fa07e6de@gmail.com,TKT-011242,Damaged Item,5
user_3fb69c9b@gmail.com,TKT-011243,Damaged Item,4
user_c2b845a8@gmail.com,TKT-011244,Late Delivery,4
user_519446a1@gmail.com,TKT-011245,Damaged Item,4
user_339f4919@gmail.com,TKT-011246,Late Delivery,2
user_9a9fcf0d@gmail.com,TKT-011247,Damaged Item,3
user_fbd6f827@gmail.com,TKT-011248,Late Delivery,2
user_0dbd9554@gmail.com,TKT-011249,Damaged Item,2
user_e0484c20@gmail.com,TKT-011250,Late Delivery,4
user_8150b139@gmail.com,TKT-011251,Damaged Item,2
user_72c66dcf@gmail.com,TKT-011252,Late Delivery,1
user_3ec3b9e0@gmail.com,TKT-011253,Damaged Item,1
user_27177c85@gmail.com,TKT-011254,Damaged Item,4
user_d0ff1a74@gmail.com,TKT-011255,Damaged Item,4
user_7d0b9f17@gmail.com,TKT-011256,Late Delivery,2
user_27b830b4@gmail.com,TKT-011257,Damaged Item,4
user_3426c106@gmail.com,TKT-011258,Damaged Item,5
user_5b65c269@gmail.com,TKT-011259,Damaged Item,4
user_65cffbc0@gmail.com,TKT-011260,Damaged Item,1
user_71edffd0@gmail.com,TKT-011261,Late Delivery,5
user_5b94576c@gmail.com,TKT-011262,Late Delivery,4
user_3c59c2fa@gmail.com,TKT-011263,Damaged Item,1
user_7e82fd8a@gmail.com,TKT-011264,Late Delivery,2
user_2b1e1422@gmail.com,TKT-011265,Damaged Item,4
user_037d7102@gmail.com,TKT-011266,Damaged Item,4
user_e24412db@gmail.com,TKT-011267,Damaged Item,4
user_3fabb2d5@gmail.com,TKT-011268,Damaged Item,1
user_a257d59a@gmail.com,TKT-011269,Late Delivery,2
user_036ea8c2@gmail.com,TKT-011270,Late Delivery,3
user_3977f83a@gmail.com,TKT-011271,Damaged Item,3
user_6acf8b25@gmail.com,TKT-011272,Late Delivery,2
user_38e7b109@gmail.com,TKT-011273,Damaged Item,3
user_99e3b6f2@gmail.com,TKT-011274,Damaged Item,4
user_8e93e02a@gmail.com,TKT-011275,Damaged Item,5
user_3883f79e@gmail.com,TKT-011276,Damaged Item,1
user_57a4605e@gmail.com,TKT-011277,Late Delivery,5
user_6b7b89fb@gmail.com,TKT-011278,Late Delivery,3
user_6968fc34@gmail.com,TKT-011279,Late Delivery,2
user_38e88914@gmail.com,TKT-011280,Damaged Item,3
user_9f008417@gmail.com,TKT-011281,Damaged Item,5
user_47177453@gmail.com,TKT-011282,Late Delivery,5
user_3e5a4182@gmail.com,TKT-011283,Late Delivery,5
user_1744db07@gmail.com,TKT-011284,Late Delivery,4
user_85bdd481@gmail.com,TKT-011285,Damaged Item,4
user_1725493c@gmail.com,TKT-011286,Damaged Item,2
user_09d9a393@gmail.com,TKT-011287,Damaged Item,1
user_e1a2950a@gmail.com,TKT-011288,Damaged Item,2
user_2787bad6@gmail.com,TKT-011289,Damaged Item,3
user_933e593e@gmail.com,TKT-011290,Late Delivery,4
user_a9d6f77c@gmail.com,TKT-011291,Damaged Item,3
user_2765fbda@gmail.com,TKT-011292,Damaged Item,4
user_2735c1b3@gmail.com,TKT-011293,Late Delivery,1
user_f6f77598@gmail.com,TKT-011294,Late Delivery,3
user_e93a6136@gmail.com,TKT-011295,Late Delivery,5
user_85f80371@gmail.com,TKT-011296,Damaged Item,1
user_669e4413@gmail.com,TKT-011297,Late Delivery,1
user_264a2087@gmail.com,TKT-011298,Late Delivery,5
user_59f5db6a@gmail.com,TKT-011299,Damaged Item,2
user_78b57b8c@gmail.com,TKT-011300,Late Delivery,5
user_e4000306@gmail.com,TKT-011301,Damaged Item,3
user_16edd69e@gmail.com,TKT-011302,Late Delivery,4
user_badd3733@gmail.com,TKT-011303,Damaged Item,5
user_5feed8d5@gmail.com,TKT-011304,Late Delivery,3
user_af573164@gmail.com,TKT-011305,Damaged Item,5
user_c1151a3d@gmail.com,TKT-011306,Late Delivery,3
user_2c9b76b4@gmail.com,TKT-011307,Damaged Item,4
user_1c036a64@gmail.com,TKT-011308,Late Delivery,2
user_4e1a167f@gmail.com,TKT-011309,Damaged Item,1
user_9e80855a@gmail.com,TKT-011310,Damaged Item,2
user_7ddb0d29@gmail.com,TKT-011311,Late Delivery,2
user_9d75e3b6@gmail.com,TKT-011312,Damaged Item,3
user_f8ab5ce3@gmail.com,TKT-011313,Late Delivery,4
user_2b895cf0@gmail.com,TKT-011314,Late Delivery,5
user_1a328a66@gmail.com,TKT-011315,Damaged Item,4
user_64665180@gmail.com,TKT-011316,Damaged Item,1
user_c93b6d32@gmail.com,TKT-011317,Damaged Item,2
user_35a08bdd@gmail.com,TKT-011318,Damaged Item,5
user_6f1e9217@gmail.com,TKT-011319,Late Delivery,4
user_40d6c19c@gmail.com,TKT-011320,Damaged Item,1
user_d6b92128@gmail.com,TKT-011321,Damaged Item,2
user_1b8fa1f8@gmail.com,TKT-011322,Damaged Item,3
user_8314fde2@gmail.com,TKT-011323,Late Delivery,2
user_a5c133a6@gmail.com,TKT-011324,Late Delivery,1
user_fa481934@gmail.com,TKT-011325,Damaged Item,2
user_2b11ea77@gmail.com,TKT-011326,Late Delivery,5
user_c6130f9b@gmail.com,TKT-011327,Late Delivery,1
user_0d4a8978@gmail.com,TKT-011328,Damaged Item,3
user_1c95632b@gmail.com,TKT-011329,Damaged Item,2
user_aadf8382@gmail.com,TKT-011330,Damaged Item,3
user_57c3cd22@gmail.com,TKT-011331,Late Delivery,3
user_ff04f49c@gmail.com,TKT-011332,Late Delivery,5
user_4e1bc1fa@gmail.com,TKT-011333,Late Delivery,5
user_f5371e9d@gmail.com,TKT-011334,Damaged Item,3
user_35e72e81@gmail.com,TKT-011335,Damaged Item,5
user_e0f658f8@gmail.com,TKT-011336,Late Delivery,3
user_3b864530@gmail.com,TKT-011337,Damaged Item,5
user_05d1cd05@gmail.com,TKT-011338,Late Delivery,1
user_e91b8b52@gmail.com,TKT-011339,Late Delivery,4
user_da5682fa@gmail.com,TKT-011340,Late Delivery,5
user_59ddd501@gmail.com,TKT-011341,Late Delivery,1
user_dd328233@gmail.com,TKT-011342,Late Delivery,3
user_858cb7a4@gmail.com,TKT-011343,Damaged Item,5
user_903211d3@gmail.com,TKT-011344,Damaged Item,2
user_baae5026@gmail.com,TKT-011345,Damaged Item,3
user_5d1344e7@gmail.com,TKT-011346,Late Delivery,2
user_4eead7ec@gmail.com,TKT-011347,Late Delivery,2
user_0c9c69e1@gmail.com,TKT-011348,Damaged Item,3
user_4163b3db@gmail.com,TKT-011349,Damaged Item,4
user_d4ad069d@gmail.com,TKT-011350,Damaged Item,1
user_fda2e2ff@gmail.com,TKT-011351,Damaged Item,4
user_a9181319@gmail.com,TKT-011352,Late Delivery,4
user_00fb957a@gmail.com,TKT-011353,Late Delivery,3
user_702c3749@gmail.com,TKT-011354,Late Delivery,2
user_c2959af6@gmail.com,TKT-011355,Late Delivery,1
user_3f44827b@gmail.com,TKT-011356,Damaged Item,5
user_ff423b63@gmail.com,TKT-011357,Late Delivery,5
user_8dca5794@gmail.com,TKT-011358,Damaged Item,3
user_4565a3ba@gmail.com,TKT-011359,Late Delivery,5
user_a15b391f@gmail.com,TKT-011360,Late Delivery,5
user_f1e4986c@gmail.com,TKT-011361,Damaged Item,2
user_1500da33@gmail.com,TKT-011362,Damaged Item,2
user_5a883fc9@gmail.com,TKT-011363,Damaged Item,3
user_7f308668@gmail.com,TKT-011364,Late Delivery,4
user_2acd1014@gmail.com,TKT-011365,Late Delivery,5
user_1387a0c1@gmail.com,TKT-011366,Late Delivery,3
user_8a8dd033@gmail.com,TKT-011367,Late Delivery,1
user_f6a94936@gmail.com,TKT-011368,Damaged Item,5
user_a5f28029@gmail.com,TKT-011369,Late Delivery,1
user_5c3e72ad@gmail.com,TKT-011370,Late Delivery,3
user_338447d9@gmail.com,TKT-011371,Damaged Item,1
user_8ec5cd31@gmail.com,TKT-011372,Damaged Item,3
user_8320b7ee@gmail.com,TKT-011373,Damaged Item,3
user_d9e73817@gmail.com,TKT-011374,Late Delivery,5
user_a30d83e1@gmail.com,TKT-011375,Late Delivery,3
user_ad69520d@gmail.com,TKT-011376,Damaged Item,4
user_0acb54b6@gmail.com,TKT-011377,Damaged Item,5
user_f2a1c462@gmail.com,TKT-011378,Damaged Item,2
user_40c903b5@gmail.com,TKT-011379,Late Delivery,2
user_89c9cc11@gmail.com,TKT-011380,Damaged Item,3
user_5e831d4f@gmail.com,TKT-011381,Damaged Item,3
user_733d314c@gmail.com,TKT-011382,Damaged Item,5
user_145e836d@gmail.com,TKT-011383,Damaged Item,5
user_96f727f9@gmail.com,TKT-011384,Late Delivery,2
user_df10b23b@gmail.com,TKT-011385,Late Delivery,5
user_3e600777@gmail.com,TKT-011386,Damaged Item,4
user_281f12cf@gmail.com,TKT-011387,Late Delivery,5
user_8460ac73@gmail.com,TKT-011388,Damaged Item,4
user_790352c1@gmail.com,TKT-011389,Late Delivery,3
user_691c66d5@gmail.com,TKT-011390,Damaged Item,4
user_dec589d1@gmail.com,TKT-011391,Damaged Item,2
user_02bb821f@gmail.com,TKT-011392,Late Delivery,3
user_f11d0951@gmail.com,TKT-011393,Damaged Item,4
user_d2e16e4d@gmail.com,TKT-011394,Late Delivery,4
user_715cf4b2@gmail.com,TKT-011395,Late Delivery,3
user_6f80dd85@gmail.com,TKT-011396,Late Delivery,1
user_8cf0eb49@gmail.com,TKT-011397,Damaged Item,5
user_757bad2b@gmail.com,TKT-011398,Damaged Item,4
user_428a69fe@gmail.com,TKT-011399,Damaged Item,3
user_ffddf4e5@gmail.com,TKT-011400,Damaged Item,3
user_641b39fb@gmail.com,TKT-011401,Damaged Item,5
user_dcd01096@gmail.com,TKT-011402,Damaged Item,5
user_1dad5fe7@gmail.com,TKT-011403,Late Delivery,1
user_1f9729b0@gmail.com,TKT-011404,Damaged Item,2
user_06e8cfa2@gmail.com,TKT-011405,Late Delivery,2
user_333a50f1@gmail.com,TKT-011406,Damaged Item,1
user_c9ae1d59@gmail.com,TKT-011407,Damaged Item,4
user_3e465fef@gmail.com,TKT-011408,Damaged Item,5
user_6f041ad6@gmail.com,TKT-011409,Damaged Item,1
user_89cc22f3@gmail.com,TKT-011410,Late Delivery,1
user_3f6ac9a4@gmail.com,TKT-011411,Damaged Item,4
user_f1f30eb2@gmail.com,TKT-011412,Damaged Item,2
user_f46cd8e8@gmail.com,TKT-011413,Damaged Item,3
user_355535e7@gmail.com,TKT-011414,Damaged Item,3
user_1dae5e94@gmail.com,TKT-011415,Damaged Item,2
user_7996dcbf@gmail.com,TKT-011416,Damaged Item,5
user_fa458c3a@gmail.com,TKT-011417,Late Delivery,2
user_59cf537d@gmail.com,TKT-011418,Late Delivery,1
user_00bcc55f@gmail.com,TKT-011419,Damaged Item,1
user_3363a65a@gmail.com,TKT-011420,Damaged Item,1
user_21376c7c@gmail.com,TKT-011421,Late Delivery,5
user_2bf97f7a@gmail.com,TKT-011422,Damaged Item,1
user_0356f958@gmail.com,TKT-011423,Damaged Item,2
user_a809bbcb@gmail.com,TKT-011424,Late Delivery,4
user_2f36b9e4@gmail.com,TKT-011425,Damaged Item,1
user_d9a248c7@gmail.com,TKT-011426,Late Delivery,2
user_710fb6cc@gmail.com,TKT-011427,Damaged Item,5
user_e4b21e46@gmail.com,TKT-011428,Damaged Item,1
user_b760002a@gmail.com,TKT-011429,Damaged Item,2
user_78fd1cb9@gmail.com,TKT-011430,Damaged Item,1
user_41507ff4@gmail.com,TKT-011431,Late Delivery,1
user_b0bba163@gmail.com,TKT-011432,Late Delivery,4
user_0fef5efc@gmail.com,TKT-011433,Late Delivery,2
user_98e7f8cc@gmail.com,TKT-011434,Damaged Item,3
user_1d4b7f1c@gmail.com,TKT-011435,Late Delivery,5
user_c1188759@gmail.com,TKT-011436,Late Delivery,3
user_1f586cd6@gmail.com,TKT-011437,Damaged Item,1
user_ed81c551@gmail.com,TKT-011438,Late Delivery,2
user_6d4f6714@gmail.com,TKT-011439,Damaged Item,3
user_f361fb29@gmail.com,TKT-011440,Damaged Item,2
user_c1867edd@gmail.com,TKT-011441,Late Delivery,1
user_877d668b@gmail.com,TKT-011442,Late Delivery,5
user_d80428a0@gmail.com,TKT-011443,Late Delivery,4
user_443e23b5@gmail.com,TKT-011444,Late Delivery,2
user_f67b776d@gmail.com,TKT-011445,Damaged Item,5
user_8ac7bb3f@gmail.com,TKT-011446,Late Delivery,5
user_b46e2e57@gmail.com,TKT-011447,Damaged Item,2
user_a61a2c17@gmail.com,TKT-011448,Damaged Item,4
user_c35efbe6@gmail.com,TKT-011449,Damaged Item,3
user_6bd8ae71@gmail.com,TKT-011450,Damaged Item,2
user_9ec82417@gmail.com,TKT-011451,Late Delivery,5
user_837b4a34@gmail.com,TKT-011452,Late Delivery,4
user_8c181b6e@gmail.com,TKT-011453,Damaged Item,4
user_f2d77fa0@gmail.com,TKT-011454,Late Delivery,1
user_f324f172@gmail.com,TKT-011455,Damaged Item,2
user_93427465@gmail.com,TKT-011456,Damaged Item,4
user_9c92051d@gmail.com,TKT-011457,Late Delivery,4
user_a645cf9e@gmail.com,TKT-011458,Damaged Item,2
user_64f4c437@gmail.com,TKT-011459,Late Delivery,2
user_f00a9391@gmail.com,TKT-011460,Late Delivery,4
user_d7dcb6a8@gmail.com,TKT-011461,Damaged Item,1
user_2ac2436a@gmail.com,TKT-011462,Damaged Item,5
user_a0fb70a2@gmail.com,TKT-011463,Late Delivery,1
user_b89ecab6@gmail.com,TKT-011464,Damaged Item,4
user_203e0010@gmail.com,TKT-011465,Damaged Item,5
user_a7f2cacf@gmail.com,TKT-011466,Damaged Item,4
user_71dfee60@gmail.com,TKT-011467,Late Delivery,5
user_76d752a5@gmail.com,TKT-011468,Late Delivery,1
user_cc09e0ad@gmail.com,TKT-011469,Late Delivery,5
user_a116036a@gmail.com,TKT-011470,Damaged Item,1
user_3bf6379c@gmail.com,TKT-011471,Damaged Item,5
user_a1fecfb7@gmail.com,TKT-011472,Late Delivery,5
user_d7affcba@gmail.com,TKT-011473,Late Delivery,2
user_d81cc49c@gmail.com,TKT-011474,Late Delivery,4
user_69cbd4fd@gmail.com,TKT-011475,Late Delivery,3
user_980fb8fc@gmail.com,TKT-011476,Late Delivery,2
user_f1815df8@gmail.com,TKT-011477,Late Delivery,1
user_b39d02ec@gmail.com,TKT-011478,Late Delivery,5
user_467fe0ce@gmail.com,TKT-011479,Damaged Item,2
user_0e816495@gmail.com,TKT-011480,Damaged Item,4
user_43ba236c@gmail.com,TKT-011481,Damaged Item,2
user_63720cc2@gmail.com,TKT-011482,Damaged Item,2
user_7b065a32@gmail.com,TKT-011483,Damaged Item,1
user_1f9e5063@gmail.com,TKT-011484,Damaged Item,1
user_dcd195c3@gmail.com,TKT-011485,Late Delivery,5
user_158da4c4@gmail.com,TKT-011486,Late Delivery,4
user_8560e906@gmail.com,TKT-011487,Late Delivery,1
user_6f8d1a11@gmail.com,TKT-011488,Damaged Item,4
user_21187426@gmail.com,TKT-011489,Late Delivery,5
user_7c9f20c0@gmail.com,TKT-011490,Damaged Item,2
user_2de521d3@gmail.com,TKT-011491,Damaged Item,3
user_a9530b74@gmail.com,TKT-011492,Damaged Item,3
user_b61faf9c@gmail.com,TKT-011493,Damaged Item,5
user_56dc20e1@gmail.com,TKT-011494,Damaged Item,3
user_e8e151e6@gmail.com,TKT-011495,Late Delivery,2
user_dc869c4d@gmail.com,TKT-011496,Late Delivery,5
user_502957d4@gmail.com,TKT-011497,Late Delivery,3
user_fa717cac@gmail.com,TKT-011498,Late Delivery,3
user_cbd95d79@gmail.com,TKT-011499,Damaged Item,3
user_f958e704@gmail.com,TKT-011500,Late Delivery,1
user_85c59586@gmail.com,TKT-011501,Late Delivery,3
user_e100fdb6@gmail.com,TKT-011502,Late Delivery,3
user_377f3398@gmail.com,TKT-011503,Late Delivery,4
user_98291bb2@gmail.com,TKT-011504,Late Delivery,2
user_cabb8954@gmail.com,TKT-011505,Damaged Item,1
user_b54ee6be@gmail.com,TKT-011506,Late Delivery,2
user_c9fa2b5f@gmail.com,TKT-011507,Damaged Item,4
user_c02c7590@gmail.com,TKT-011508,Damaged Item,3
user_fab35b61@gmail.com,TKT-011509,Late Delivery,1
user_1bf6b1ec@gmail.com,TKT-011510,Late Delivery,4
user_4134ed15@gmail.com,TKT-011511,Damaged Item,4
user_53b79b16@gmail.com,TKT-011512,Damaged Item,4
user_cf26c0ed@gmail.com,TKT-011513,Late Delivery,3
user_c7828e5f@gmail.com,TKT-011514,Late Delivery,1
user_10407344@gmail.com,TKT-011515,Damaged Item,2
user_123ae281@gmail.com,TKT-011516,Damaged Item,5
user_f215fba8@gmail.com,TKT-011517,Late Delivery,5
user_f6f8020b@gmail.com,TKT-011518,Damaged Item,4
user_99fb3e87@gmail.com,TKT-011519,Late Delivery,2
user_574bbaf5@gmail.com,TKT-011520,Damaged Item,4
user_44f2cb47@gmail.com,TKT-011521,Late Delivery,2
user_abcf9966@gmail.com,TKT-011522,Late Delivery,4
user_84ea5edc@gmail.com,TKT-011523,Late Delivery,3
user_4ba2c29f@gmail.com,TKT-011524,Damaged Item,5
user_16575117@gmail.com,TKT-011525,Damaged Item,1
user_97c1288b@gmail.com,TKT-011526,Late Delivery,1
user_cebc1be8@gmail.com,TKT-011527,Late Delivery,2
user_9aa8ce2d@gmail.com,TKT-011528,Damaged Item,2
user_4d35d296@gmail.com,TKT-011529,Damaged Item,2
user_f34fb9f5@gmail.com,TKT-011530,Damaged Item,2
user_c695342c@gmail.com,TKT-011531,Damaged Item,1
user_8e42446f@gmail.com,TKT-011532,Damaged Item,3
user_4e6fa0d4@gmail.com,TKT-011533,Damaged Item,4
user_dfb90afc@gmail.com,TKT-011534,Damaged Item,5
user_abd56bff@gmail.com,TKT-011535,Late Delivery,5
user_3d5a1ae3@gmail.com,TKT-011536,Damaged Item,4
user_0718783c@gmail.com,TKT-011537,Late Delivery,2
user_088bb403@gmail.com,TKT-011538,Damaged Item,1
user_81ed6390@gmail.com,TKT-011539,Late Delivery,5
user_3db8e974@gmail.com,TKT-011540,Damaged Item,4
user_c7d1c1a9@gmail.com,TKT-011541,Damaged Item,4
user_3a5a1fe3@gmail.com,TKT-011542,Late Delivery,3
user_8f1f89df@gmail.com,TKT-011543,Damaged Item,1
user_c88e7bbf@gmail.com,TKT-011544,Damaged Item,4
user_e557f27b@gmail.com,TKT-011545,Damaged Item,2
user_7af24575@gmail.com,TKT-011546,Damaged Item,2
user_1525f3b7@gmail.com,TKT-011547,Damaged Item,4
user_1b47d90d@gmail.com,TKT-011548,Damaged Item,4
user_6f84cdda@gmail.com,TKT-011549,Late Delivery,4
user_0e94f559@gmail.com,TKT-011550,Late Delivery,5
user_b945e00d@gmail.com,TKT-011551,Damaged Item,4
user_e0ec2e3c@gmail.com,TKT-011552,Late Delivery,3
user_fdef5e91@gmail.com,TKT-011553,Late Delivery,5
user_a240a965@gmail.com,TKT-011554,Damaged Item,2
user_e054ac64@gmail.com,TKT-011555,Late Delivery,1
user_a8941101@gmail.com,TKT-011556,Late Delivery,2
user_de3a5867@gmail.com,TKT-011557,Late Delivery,1
user_3d9307cd@gmail.com,TKT-011558,Late Delivery,3
user_fc4962d2@gmail.com,TKT-011559,Late Delivery,5
user_f153879f@gmail.com,TKT-011560,Damaged Item,4
user_f037ce08@gmail.com,TKT-011561,Damaged Item,4
user_a32a5ca1@gmail.com,TKT-011562,Late Delivery,1
user_fffcc512@gmail.com,TKT-011563,Damaged Item,3
user_8b8545eb@gmail.com,TKT-011564,Damaged Item,3
user_886fa363@gmail.com,TKT-011565,Late Delivery,2
user_bda1747d@gmail.com,TKT-011566,Late Delivery,2
user_a59c5e47@gmail.com,TKT-011567,Damaged Item,5
user_3654085c@gmail.com,TKT-011568,Late Delivery,4
user_79afc623@gmail.com,TKT-011569,Late Delivery,3
user_51918bf7@gmail.com,TKT-011570,Damaged Item,4
user_593d8a35@gmail.com,TKT-011571,Damaged Item,5
user_b1324928@gmail.com,TKT-011572,Damaged Item,5
user_c544d413@gmail.com,TKT-011573,Damaged Item,2
user_aadb965c@gmail.com,TKT-011574,Late Delivery,2
user_3f6735ff@gmail.com,TKT-011575,Damaged Item,5
user_acb316fa@gmail.com,TKT-011576,Late Delivery,2
user_c93c7d2a@gmail.com,TKT-011577,Damaged Item,2
user_2ba868bf@gmail.com,TKT-011578,Late Delivery,5
user_9d3a91aa@gmail.com,TKT-011579,Damaged Item,1
user_56b479a2@gmail.com,TKT-011580,Damaged Item,3
user_9146de9c@gmail.com,TKT-011581,Late Delivery,1
user_29608223@gmail.com,TKT-011582,Damaged Item,4
user_eeea5c6e@gmail.com,TKT-011583,Damaged Item,5
user_e1708ec5@gmail.com,TKT-011584,Damaged Item,4
user_8257f5fe@gmail.com,TKT-011585,Late Delivery,3
user_bd26d294@gmail.com,TKT-011586,Late Delivery,3
user_e7578edd@gmail.com,TKT-011587,Late Delivery,2
user_05dab2d8@gmail.com,TKT-011588,Damaged Item,2
user_66d5f993@gmail.com,TKT-011589,Late Delivery,4
user_0f4234c7@gmail.com,TKT-011590,Damaged Item,4
user_0f0e48a9@gmail.com,TKT-011591,Late Delivery,5
user_091f7424@gmail.com,TKT-011592,Late Delivery,3
user_ad2bc20c@gmail.com,TKT-011593,Late Delivery,5
user_feb4f595@gmail.com,TKT-011594,Late Delivery,1
user_3ba79a5f@gmail.com,TKT-011595,Damaged Item,4
user_b8e48b22@gmail.com,TKT-011596,Damaged Item,3
user_213d592a@gmail.com,TKT-011597,Damaged Item,1
user_aa49fa5a@gmail.com,TKT-011598,Damaged Item,3
user_3a04ed9e@gmail.com,TKT-011599,Late Delivery,3
user_7a34314f@gmail.com,TKT-011600,Late Delivery,3
user_5994b30c@gmail.com,TKT-011601,Late Delivery,2
user_def6a1bb@gmail.com,TKT-011602,Late Delivery,2
user_65cc6ddb@gmail.com,TKT-011603,Damaged Item,1
user_41f926f3@gmail.com,TKT-011604,Late Delivery,2
user_ea94f7a5@gmail.com,TKT-011605,Damaged Item,1
user_6f26e134@gmail.com,TKT-011606,Damaged Item,4
user_0a7f2737@gmail.com,TKT-011607,Late Delivery,3
user_fafdadfe@gmail.com,TKT-011608,Damaged Item,1
user_84f43811@gmail.com,TKT-011609,Late Delivery,5
user_5ddfdebb@gmail.com,TKT-011610,Late Delivery,5
user_fef01b66@gmail.com,TKT-011611,Late Delivery,4
user_95baecb5@gmail.com,TKT-011612,Damaged Item,4
user_b9c40317@gmail.com,TKT-011613,Late Delivery,2
user_a38fcca5@gmail.com,TKT-011614,Late Delivery,1
user_2616fd85@gmail.com,TKT-011615,Damaged Item,5
user_60411c8b@gmail.com,TKT-011616,Late Delivery,5
user_c3162dab@gmail.com,TKT-011617,Late Delivery,3
user_317976b8@gmail.com,TKT-011618,Late Delivery,4
user_c637528a@gmail.com,TKT-011619,Late Delivery,3
user_9f185e94@gmail.com,TKT-011620,Late Delivery,3
user_0d4dc2bd@gmail.com,TKT-011621,Damaged Item,3
user_df4a53f0@gmail.com,TKT-011622,Late Delivery,2
user_b9ddbf8c@gmail.com,TKT-011623,Damaged Item,3
user_274f4aea@gmail.com,TKT-011624,Damaged Item,1
user_c3c96f6c@gmail.com,TKT-011625,Late Delivery,1
user_82bcb56c@gmail.com,TKT-011626,Late Delivery,4
user_7ff834d5@gmail.com,TKT-011627,Damaged Item,3
user_9c8930fc@gmail.com,TKT-011628,Damaged Item,3
user_1db115e4@gmail.com,TKT-011629,Damaged Item,4
user_5ee57c2c@gmail.com,TKT-011630,Late Delivery,4
user_1164858a@gmail.com,TKT-011631,Late Delivery,4
user_2c99ffe9@gmail.com,TKT-011632,Late Delivery,3
user_b792eaa2@gmail.com,TKT-011633,Late Delivery,4
user_9bd0abb1@gmail.com,TKT-011634,Damaged Item,2
user_248104cf@gmail.com,TKT-011635,Damaged Item,1
user_43eab983@gmail.com,TKT-011636,Late Delivery,5
user_abd7e9db@gmail.com,TKT-011637,Damaged Item,2
user_15c0e78a@gmail.com,TKT-011638,Late Delivery,2
user_7a47a31f@gmail.com,TKT-011639,Damaged Item,1
user_5845b41b@gmail.com,TKT-011640,Damaged Item,5
user_b85e820f@gmail.com,TKT-011641,Damaged Item,2
user_7c6b5746@gmail.com,TKT-011642,Late Delivery,4
user_02de4549@gmail.com,TKT-011643,Damaged Item,5
user_7dded2af@gmail.com,TKT-011644,Late Delivery,4
user_fc7c27fe@gmail.com,TKT-011645,Late Delivery,1
user_43c9959d@gmail.com,TKT-011646,Damaged Item,3
user_c2256952@gmail.com,TKT-011647,Damaged Item,5
user_e9bd6025@gmail.com,TKT-011648,Damaged Item,2
user_ddd8ecec@gmail.com,TKT-011649,Late Delivery,4
user_31e7af84@gmail.com,TKT-011650,Damaged Item,5
user_fef4049e@gmail.com,TKT-011651,Late Delivery,3
user_49c6d4f0@gmail.com,TKT-011652,Late Delivery,1
user_7dc47599@gmail.com,TKT-011653,Damaged Item,2
user_d482a90b@gmail.com,TKT-011654,Late Delivery,3
user_7586515e@gmail.com,TKT-011655,Damaged Item,1
user_6e2cb7d2@gmail.com,TKT-011656,Damaged Item,5
user_51d83b6f@gmail.com,TKT-011657,Late Delivery,5
user_36fd23d5@gmail.com,TKT-011658,Damaged Item,5
user_77346ead@gmail.com,TKT-011659,Damaged Item,2
user_bfdb1f4f@gmail.com,TKT-011660,Late Delivery,2
user_34962563@gmail.com,TKT-011661,Damaged Item,3
user_0c7b920c@gmail.com,TKT-011662,Late Delivery,1
user_eb62b07c@gmail.com,TKT-011663,Damaged Item,2
user_2d9e2f6b@gmail.com,TKT-011664,Late Delivery,5
user_3ebefa66@gmail.com,TKT-011665,Damaged Item,4
user_b3dfaa74@gmail.com,TKT-011666,Late Delivery,4
user_d11a1a22@gmail.com,TKT-011667,Damaged Item,3
user_24706c6b@gmail.com,TKT-011668,Damaged Item,2
user_045188ef@gmail.com,TKT-011669,Late Delivery,1
user_11d4f577@gmail.com,TKT-011670,Damaged Item,4
user_73fd25c9@gmail.com,TKT-011671,Late Delivery,3
user_93a1b58f@gmail.com,TKT-011672,Damaged Item,1
user_37cad315@gmail.com,TKT-011673,Late Delivery,1
user_28bdccfb@gmail.com,TKT-011674,Damaged Item,2
user_8dfa4b70@gmail.com,TKT-011675,Late Delivery,1
user_39e9ca66@gmail.com,TKT-011676,Damaged Item,1
user_7cdb3b66@gmail.com,TKT-011677,Damaged Item,2
user_9107bdca@gmail.com,TKT-011678,Damaged Item,4
user_3867198d@gmail.com,TKT-011679,Late Delivery,5
user_d60a5127@gmail.com,TKT-011680,Late Delivery,4
user_08ace701@gmail.com,TKT-011681,Damaged Item,1
user_5604315f@gmail.com,TKT-011682,Late Delivery,3
user_37b68ac3@gmail.com,TKT-011683,Late Delivery,3
user_01bf812b@gmail.com,TKT-011684,Damaged Item,4
user_de57ad8a@gmail.com,TKT-011685,Late Delivery,5
user_143ee345@gmail.com,TKT-011686,Late Delivery,1
user_c4081e13@gmail.com,TKT-011687,Damaged Item,3
user_fec01391@gmail.com,TKT-011688,Damaged Item,3
user_782192ec@gmail.com,TKT-011689,Late Delivery,1
user_d428d057@gmail.com,TKT-011690,Damaged Item,4
user_36df0b96@gmail.com,TKT-011691,Late Delivery,3
user_4557896c@gmail.com,TKT-011692,Damaged Item,4
user_42fd12f5@gmail.com,TKT-011693,Damaged Item,3
user_070168ac@gmail.com,TKT-011694,Damaged Item,4
user_a28a5bf2@gmail.com,TKT-011695,Late Delivery,5
user_fbc2149f@gmail.com,TKT-011696,Damaged Item,3
user_527ce1ba@gmail.com,TKT-011697,Late Delivery,2
user_f041d0ca@gmail.com,TKT-011698,Damaged Item,4
user_5c65a207@gmail.com,TKT-011699,Damaged Item,2
user_f94857d9@gmail.com,TKT-011700,Damaged Item,4
user_9516f0ae@gmail.com,TKT-011701,Damaged Item,1
user_5d5662cb@gmail.com,TKT-011702,Damaged Item,4
user_752b204b@gmail.com,TKT-011703,Damaged Item,1
user_381a9120@gmail.com,TKT-011704,Damaged Item,5
user_6f562464@gmail.com,TKT-011705,Damaged Item,3
user_04a7a56a@gmail.com,TKT-011706,Damaged Item,4
user_3de8346a@gmail.com,TKT-011707,Damaged Item,5
user_597e8da4@gmail.com,TKT-011708,Damaged Item,5
user_ff22e309@gmail.com,TKT-011709,Late Delivery,1
user_67747e49@gmail.com,TKT-011710,Damaged Item,2
user_c317be6b@gmail.com,TKT-011711,Damaged Item,2
user_6def6279@gmail.com,TKT-011712,Late Delivery,2
user_1d859e14@gmail.com,TKT-011713,Late Delivery,2
user_236cb334@gmail.com,TKT-011714,Late Delivery,2
user_56e484b0@gmail.com,TKT-011715,Late Delivery,5
user_91fd93ad@gmail.com,TKT-011716,Damaged Item,4
user_036f4129@gmail.com,TKT-011717,Late Delivery,2
user_d22f8ea9@gmail.com,TKT-011718,Late Delivery,1
user_7e494da0@gmail.com,TKT-011719,Damaged Item,4
user_3c7243d5@gmail.com,TKT-011720,Late Delivery,2
user_de5f2d4a@gmail.com,TKT-011721,Damaged Item,3
user_8751ebbb@gmail.com,TKT-011722,Damaged Item,4
user_1979f6ce@gmail.com,TKT-011723,Damaged Item,2
user_22fca38d@gmail.com,TKT-011724,Damaged Item,1
user_29d480bd@gmail.com,TKT-011725,Damaged Item,4
user_b18800b8@gmail.com,TKT-011726,Damaged Item,3
user_1682bd11@gmail.com,TKT-011727,Damaged Item,2
user_71b9d868@gmail.com,TKT-011728,Late Delivery,2
user_b152eeb2@gmail.com,TKT-011729,Late Delivery,1
user_2fd69e50@gmail.com,TKT-011730,Damaged Item,2
user_23c130ed@gmail.com,TKT-011731,Damaged Item,4
user_ee22def0@gmail.com,TKT-011732,Late Delivery,1
user_98f089ba@gmail.com,TKT-011733,Late Delivery,1
user_609fd1b1@gmail.com,TKT-011734,Damaged Item,5
user_d44bc0ff@gmail.com,TKT-011735,Damaged Item,1
user_99fefcc0@gmail.com,TKT-011736,Damaged Item,4
user_49afd3c2@gmail.com,TKT-011737,Damaged Item,2
user_b586d4a0@gmail.com,TKT-011738,Damaged Item,5
user_56f358d0@gmail.com,TKT-011739,Damaged Item,4
user_3559644b@gmail.com,TKT-011740,Late Delivery,5
user_5b2c641e@gmail.com,TKT-011741,Late Delivery,2
user_65078037@gmail.com,TKT-011742,Damaged Item,2
user_b13e32b6@gmail.com,TKT-011743,Damaged Item,3
user_cbb86722@gmail.com,TKT-011744,Damaged Item,4
user_861eacb5@gmail.com,TKT-011745,Damaged Item,4
user_fdaccf44@gmail.com,TKT-011746,Late Delivery,5
user_a07fcff6@gmail.com,TKT-011747,Damaged Item,4
user_1e1eb1db@gmail.com,TKT-011748,Damaged Item,2
user_58bf69d6@gmail.com,TKT-011749,Late Delivery,4
user_376e8a87@gmail.com,TKT-011750,Late Delivery,1
user_3b1a140b@gmail.com,TKT-011751,Damaged Item,1
user_55bf21e5@gmail.com,TKT-011752,Late Delivery,5
user_a67935fe@gmail.com,TKT-011753,Damaged Item,5
user_7098b700@gmail.com,TKT-011754,Damaged Item,2
user_49abdbe8@gmail.com,TKT-011755,Damaged Item,4
user_61f5df1a@gmail.com,TKT-011756,Damaged Item,1
user_68ce6151@gmail.com,TKT-011757,Damaged Item,1
user_df645402@gmail.com,TKT-011758,Damaged Item,5
user_368b1c6e@gmail.com,TKT-011759,Damaged Item,5
user_5f559ae9@gmail.com,TKT-011760,Damaged Item,1
user_86d5d204@gmail.com,TKT-011761,Late Delivery,1
user_b76bbd64@gmail.com,TKT-011762,Damaged Item,3
user_1aa54d79@gmail.com,TKT-011763,Late Delivery,3
user_ba85eb3f@gmail.com,TKT-011764,Late Delivery,2
user_a2c40363@gmail.com,TKT-011765,Late Delivery,5
user_58d12a56@gmail.com,TKT-011766,Late Delivery,4
user_44ff83df@gmail.com,TKT-011767,Late Delivery,4
user_831d5ed3@gmail.com,TKT-011768,Damaged Item,4
user_42f7f650@gmail.com,TKT-011769,Damaged Item,3
user_d86250e9@gmail.com,TKT-011770,Late Delivery,5
user_c5628087@gmail.com,TKT-011771,Damaged Item,4
user_b9c8283a@gmail.com,TKT-011772,Late Delivery,4
user_b0516790@gmail.com,TKT-011773,Late Delivery,4
user_9b352d07@gmail.com,TKT-011774,Damaged Item,3
user_367804e9@gmail.com,TKT-011775,Late Delivery,4
user_09acad0f@gmail.com,TKT-011776,Damaged Item,2
user_d784cf4b@gmail.com,TKT-011777,Damaged Item,4
user_10db899e@gmail.com,TKT-011778,Damaged Item,5
user_b7ec5031@gmail.com,TKT-011779,Late Delivery,5
user_b8ca2e14@gmail.com,TKT-011780,Damaged Item,4
user_04c8f10e@gmail.com,TKT-011781,Late Delivery,2
user_1cdad576@gmail.com,TKT-011782,Late Delivery,5
user_af891fda@gmail.com,TKT-011783,Late Delivery,4
user_3a3cb373@gmail.com,TKT-011784,Late Delivery,1
user_0ad6cef8@gmail.com,TKT-011785,Damaged Item,4
user_b0e5e880@gmail.com,TKT-011786,Damaged Item,4
user_2fb21822@gmail.com,TKT-011787,Late Delivery,3
user_9eb50bea@gmail.com,TKT-011788,Late Delivery,1
user_a5bbe790@gmail.com,TKT-011789,Damaged Item,3
user_58835ea1@gmail.com,TKT-011790,Late Delivery,5
user_c47c38aa@gmail.com,TKT-011791,Damaged Item,2
user_fa57a930@gmail.com,TKT-011792,Late Delivery,5
user_b21ec173@gmail.com,TKT-011793,Damaged Item,4
user_b878e86e@gmail.com,TKT-011794,Damaged Item,3
user_a2f93f1c@gmail.com,TKT-011795,Damaged Item,3
user_d08ebb7d@gmail.com,TKT-011796,Damaged Item,5
user_b4f825fb@gmail.com,TKT-011797,Late Delivery,3
user_23302f67@gmail.com,TKT-011798,Late Delivery,4
user_959b120a@gmail.com,TKT-011799,Damaged Item,5
user_d76e1d31@gmail.com,TKT-011800,Damaged Item,2
user_0367c679@gmail.com,TKT-011801,Damaged Item,4
user_b771739d@gmail.com,TKT-011802,Late Delivery,1
user_63fe7b88@gmail.com,TKT-011803,Damaged Item,3
user_eb64903e@gmail.com,TKT-011804,Late Delivery,1
user_a8ee33e3@gmail.com,TKT-011805,Damaged Item,2
user_bb9c04f0@gmail.com,TKT-011806,Late Delivery,3
user_318275d4@gmail.com,TKT-011807,Damaged Item,1
user_57cd75ea@gmail.com,TKT-011808,Late Delivery,4
user_d3d63014@gmail.com,TKT-011809,Damaged Item,1
user_884deb29@gmail.com,TKT-011810,Late Delivery,3
user_3538cf3e@gmail.com,TKT-011811,Late Delivery,2
user_1ded3385@gmail.com,TKT-011812,Damaged Item,4
user_ae3874e3@gmail.com,TKT-011813,Damaged Item,3
user_69499c6c@gmail.com,TKT-011814,Damaged Item,3
user_66919cff@gmail.com,TKT-011815,Damaged Item,4
user_89d48414@gmail.com,TKT-011816,Damaged Item,4
user_40bdad7a@gmail.com,TKT-011817,Late Delivery,2
user_4c4cb729@gmail.com,TKT-011818,Damaged Item,5
user_990302c8@gmail.com,TKT-011819,Damaged Item,2
user_35575327@gmail.com,TKT-011820,Late Delivery,5
user_d8207d7c@gmail.com,TKT-011821,Damaged Item,4
user_58768ae8@gmail.com,TKT-011822,Late Delivery,1
user_771743ee@gmail.com,TKT-011823,Late Delivery,1
user_01ea2467@gmail.com,TKT-011824,Damaged Item,1
user_2cda8af6@gmail.com,TKT-011825,Damaged Item,2
user_7d0f53a4@gmail.com,TKT-011826,Damaged Item,1
user_fcaba43c@gmail.com,TKT-011827,Late Delivery,1
user_3a869e3b@gmail.com,TKT-011828,Damaged Item,1
user_57c2cfb4@gmail.com,TKT-011829,Damaged Item,2
user_4c7346cf@gmail.com,TKT-011830,Late Delivery,5
user_95ad7062@gmail.com,TKT-011831,Late Delivery,2
user_1058b6fc@gmail.com,TKT-011832,Damaged Item,3
user_8f1103e4@gmail.com,TKT-011833,Damaged Item,4
user_91b8e44f@gmail.com,TKT-011834,Damaged Item,4
user_f42a3583@gmail.com,TKT-011835,Damaged Item,5
user_cd207eb5@gmail.com,TKT-011836,Damaged Item,4
user_6893dcca@gmail.com,TKT-011837,Late Delivery,4
user_f6339a9f@gmail.com,TKT-011838,Late Delivery,3
user_2b57bfbe@gmail.com,TKT-011839,Damaged Item,1
user_ab6897ef@gmail.com,TKT-011840,Late Delivery,4
user_a45fcf74@gmail.com,TKT-011841,Damaged Item,2
user_f800f4fe@gmail.com,TKT-011842,Damaged Item,4
user_0209cc23@gmail.com,TKT-011843,Damaged Item,4
user_17cdf681@gmail.com,TKT-011844,Damaged Item,3
user_87373d8d@gmail.com,TKT-011845,Damaged Item,2
user_b875c033@gmail.com,TKT-011846,Damaged Item,2
user_3f5c4574@gmail.com,TKT-011847,Late Delivery,1
user_1d4c192b@gmail.com,TKT-011848,Damaged Item,2
user_250b54f7@gmail.com,TKT-011849,Late Delivery,4
user_1a42398a@gmail.com,TKT-011850,Late Delivery,3
user_faa7e7f2@gmail.com,TKT-011851,Late Delivery,5
user_a48eb10c@gmail.com,TKT-011852,Late Delivery,3
user_c4b224d2@gmail.com,TKT-011853,Late Delivery,1
user_c90610b4@gmail.com,TKT-011854,Damaged Item,2
user_7276dbdc@gmail.com,TKT-011855,Late Delivery,5
user_19b3f79c@gmail.com,TKT-011856,Late Delivery,4
user_69a43b90@gmail.com,TKT-011857,Late Delivery,1
user_b7d0720d@gmail.com,TKT-011858,Late Delivery,4
user_bfa04e2d@gmail.com,TKT-011859,Late Delivery,2
user_c62b669d@gmail.com,TKT-011860,Damaged Item,4
user_37495c9a@gmail.com,TKT-011861,Damaged Item,1
user_f6c74b25@gmail.com,TKT-011862,Damaged Item,5
user_4caac876@gmail.com,TKT-011863,Late Delivery,5
user_52b431a6@gmail.com,TKT-011864,Damaged Item,4
user_1474e237@gmail.com,TKT-011865,Late Delivery,2
user_3ec55dad@gmail.com,TKT-011866,Late Delivery,4
user_24e6704e@gmail.com,TKT-011867,Late Delivery,5
user_b5b7c916@gmail.com,TKT-011868,Late Delivery,5
user_679d0402@gmail.com,TKT-011869,Late Delivery,4
user_fa7b4283@gmail.com,TKT-011870,Damaged Item,2
user_b879fb96@gmail.com,TKT-011871,Late Delivery,5
user_6b8c63c6@gmail.com,TKT-011872,Late Delivery,2
user_e5851a5d@gmail.com,TKT-011873,Late Delivery,5
user_f6c5eb8f@gmail.com,TKT-011874,Damaged Item,4
user_168a1688@gmail.com,TKT-011875,Damaged Item,2
user_2d32acd3@gmail.com,TKT-011876,Late Delivery,5
user_6752250a@gmail.com,TKT-011877,Damaged Item,4
user_225f33b7@gmail.com,TKT-011878,Damaged Item,5
user_d630b2db@gmail.com,TKT-011879,Damaged Item,2
user_dd5ed009@gmail.com,TKT-011880,Damaged Item,4
user_74d4c0cf@gmail.com,TKT-011881,Damaged Item,5
user_7a75a25e@gmail.com,TKT-011882,Damaged Item,1
user_6c57e6bd@gmail.com,TKT-011883,Late Delivery,4
user_e7b9bd81@gmail.com,TKT-011884,Late Delivery,5
user_83f7218d@gmail.com,TKT-011885,Late Delivery,2
user_4ef529d8@gmail.com,TKT-011886,Late Delivery,3
user_6eafcebe@gmail.com,TKT-011887,Late Delivery,5
user_a0368361@gmail.com,TKT-011888,Damaged Item,1
user_3544017c@gmail.com,TKT-011889,Late Delivery,4
user_62dc0e1f@gmail.com,TKT-011890,Late Delivery,4
user_dd701266@gmail.com,TKT-011891,Damaged Item,1
user_244024d7@gmail.com,TKT-011892,Damaged Item,4
user_ec017641@gmail.com,TKT-011893,Late Delivery,2
user_15780038@gmail.com,TKT-011894,Damaged Item,4
user_b95d83ad@gmail.com,TKT-011895,Damaged Item,2
user_0eade64a@gmail.com,TKT-011896,Late Delivery,2
user_a9cc258a@gmail.com,TKT-011897,Late Delivery,4
user_23230b97@gmail.com,TKT-011898,Damaged Item,1
user_f9294071@gmail.com,TKT-011899,Late Delivery,3
user_fb95a6cc@gmail.com,TKT-011900,Late Delivery,5
user_5deda40a@gmail.com,TKT-011901,Damaged Item,2
user_4ba10416@gmail.com,TKT-011902,Late Delivery,4
user_f90565e5@gmail.com,TKT-011903,Late Delivery,2
user_d23948c2@gmail.com,TKT-011904,Late Delivery,2
user_b05a0be4@gmail.com,TKT-011905,Damaged Item,1
user_56ebae6a@gmail.com,TKT-011906,Damaged Item,5
user_f31772ef@gmail.com,TKT-011907,Late Delivery,1
user_9b56c599@gmail.com,TKT-011908,Damaged Item,4
user_539cbe23@gmail.com,TKT-011909,Late Delivery,2
user_8a3e02aa@gmail.com,TKT-011910,Late Delivery,2
user_39037533@gmail.com,TKT-011911,Damaged Item,3
user_46980e88@gmail.com,TKT-011912,Late Delivery,5
user_c1749d39@gmail.com,TKT-011913,Late Delivery,1
user_7249a976@gmail.com,TKT-011914,Late Delivery,3
user_d783a133@gmail.com,TKT-011915,Late Delivery,4
user_3b000f82@gmail.com,TKT-011916,Late Delivery,1
user_253d899f@gmail.com,TKT-011917,Damaged Item,4
user_d416239f@gmail.com,TKT-011918,Late Delivery,1
user_2b203aad@gmail.com,TKT-011919,Late Delivery,5
user_ca209916@gmail.com,TKT-011920,Damaged Item,5
user_fa23588c@gmail.com,TKT-011921,Late Delivery,2
user_6c7fb438@gmail.com,TKT-011922,Damaged Item,4
user_9fac43aa@gmail.com,TKT-011923,Late Delivery,2
user_0ef2e97b@gmail.com,TKT-011924,Damaged Item,2
user_e7186ccf@gmail.com,TKT-011925,Late Delivery,4
user_12fbbfc4@gmail.com,TKT-011926,Damaged Item,4
user_998a00cc@gmail.com,TKT-011927,Late Delivery,2
user_77f76d4d@gmail.com,TKT-011928,Damaged Item,1
user_c6c3f7de@gmail.com,TKT-011929,Damaged Item,3
user_d7cd2dba@gmail.com,TKT-011930,Damaged Item,2
user_d0d7681e@gmail.com,TKT-011931,Late Delivery,2
user_e7ee519c@gmail.com,TKT-011932,Late Delivery,3
user_9bb17125@gmail.com,TKT-011933,Damaged Item,5
user_72c7b08a@gmail.com,TKT-011934,Late Delivery,5
user_0815eecb@gmail.com,TKT-011935,Late Delivery,4
user_5f5c947a@gmail.com,TKT-011936,Damaged Item,4
user_deb75c69@gmail.com,TKT-011937,Late Delivery,2
user_2aeb1b7d@gmail.com,TKT-011938,Late Delivery,4
user_58c2385a@gmail.com,TKT-011939,Damaged Item,2
user_5ede9beb@gmail.com,TKT-011940,Late Delivery,5
user_b3fc51a2@gmail.com,TKT-011941,Damaged Item,3
user_25c43622@gmail.com,TKT-011942,Damaged Item,1
user_19f19354@gmail.com,TKT-011943,Late Delivery,1
user_361f293b@gmail.com,TKT-011944,Late Delivery,4
user_04ab6728@gmail.com,TKT-011945,Late Delivery,2
user_530bc746@gmail.com,TKT-011946,Late Delivery,2
user_c9c41b0c@gmail.com,TKT-011947,Damaged Item,2
user_bbe406cd@gmail.com,TKT-011948,Damaged Item,3
user_7769dfed@gmail.com,TKT-011949,Damaged Item,2
user_46853529@gmail.com,TKT-011950,Damaged Item,4
user_bd7e86dd@gmail.com,TKT-011951,Damaged Item,3
user_4f49e4d6@gmail.com,TKT-011952,Damaged Item,2
user_3e9c6b78@gmail.com,TKT-011953,Damaged Item,2
user_ffe96201@gmail.com,TKT-011954,Damaged Item,2
user_182c637a@gmail.com,TKT-011955,Late Delivery,5
user_06bf11f5@gmail.com,TKT-011956,Late Delivery,1
user_d43cd455@gmail.com,TKT-011957,Damaged Item,2
user_f3583c1f@gmail.com,TKT-011958,Damaged Item,3
user_8b86b3fc@gmail.com,TKT-011959,Late Delivery,5
user_acc71fc1@gmail.com,TKT-011960,Late Delivery,2
user_5355f502@gmail.com,TKT-011961,Late Delivery,3
user_e3170caa@gmail.com,TKT-011962,Damaged Item,5
user_d56638fc@gmail.com,TKT-011963,Damaged Item,5
user_5106f6e7@gmail.com,TKT-011964,Damaged Item,2
user_585e5182@gmail.com,TKT-011965,Late Delivery,4
user_7eb999fc@gmail.com,TKT-011966,Late Delivery,1
user_52deacc5@gmail.com,TKT-011967,Damaged Item,1
user_16bc2649@gmail.com,TKT-011968,Damaged Item,2
user_7a48bd1d@gmail.com,TKT-011969,Damaged Item,2
user_527acd5e@gmail.com,TKT-011970,Late Delivery,1
user_04e6136a@gmail.com,TKT-011971,Late Delivery,5
user_29fa253f@gmail.com,TKT-011972,Late Delivery,1
user_14d50b4b@gmail.com,TKT-011973,Late Delivery,4
user_7ee9123f@gmail.com,TKT-011974,Damaged Item,2
user_19d7a8b3@gmail.com,TKT-011975,Late Delivery,4
user_b8df9865@gmail.com,TKT-011976,Late Delivery,3
user_423829fe@gmail.com,TKT-011977,Damaged Item,1
user_5863e524@gmail.com,TKT-011978,Damaged Item,2
user_1dc8092b@gmail.com,TKT-011979,Damaged Item,4
user_4ddd6dc0@gmail.com,TKT-011980,Late Delivery,4
user_a7dfc40e@gmail.com,TKT-011981,Damaged Item,3
user_715e295d@gmail.com,TKT-011982,Damaged Item,5
user_e822ad5b@gmail.com,TKT-011983,Late Delivery,2
user_9c83f211@gmail.com,TKT-011984,Late Delivery,5
user_06435728@gmail.com,TKT-011985,Damaged Item,4
user_bc6514b5@gmail.com,TKT-011986,Late Delivery,3
user_ba078569@gmail.com,TKT-011987,Late Delivery,2
user_16377aa8@gmail.com,TKT-011988,Late Delivery,1
user_96900575@gmail.com,TKT-011989,Damaged Item,3
user_21d2dd83@gmail.com,TKT-011990,Damaged Item,5
user_4f3b9b59@gmail.com,TKT-011991,Late Delivery,3
user_87e84336@gmail.com,TKT-011992,Late Delivery,5
user_b3a842ea@gmail.com,TKT-011993,Late Delivery,2
user_ccc860f7@gmail.com,TKT-011994,Late Delivery,2
user_0ffe3525@gmail.com,TKT-011995,Damaged Item,4
user_0fbef9a1@gmail.com,TKT-011996,Damaged Item,1
user_5c0d36b8@gmail.com,TKT-011997,Late Delivery,1
user_e44a59cd@gmail.com,TKT-011998,Damaged Item,3
user_52ed5a07@gmail.com,TKT-011999,Damaged Item,1
user_64c8d3a6@gmail.com,TKT-012000,Damaged Item,2
user_3705a866@gmail.com,TKT-012001,Late Delivery,1
user_6b145fab@gmail.com,TKT-012002,Damaged Item,1
user_e6555acf@gmail.com,TKT-012003,Late Delivery,2
user_0f694fd4@gmail.com,TKT-012004,Late Delivery,1
user_7aed54ed@gmail.com,TKT-012005,Damaged Item,2
user_383650ab@gmail.com,TKT-012006,Damaged Item,4
user_9ccbb5f7@gmail.com,TKT-012007,Late Delivery,2
user_2ec68b85@gmail.com,TKT-012008,Damaged Item,3
user_2f20ceb1@gmail.com,TKT-012009,Late Delivery,4
user_23a9fef8@gmail.com,TKT-012010,Late Delivery,1
user_d41f37ab@gmail.com,TKT-012011,Damaged Item,3
user_89383f8d@gmail.com,TKT-012012,Damaged Item,1
user_ada9d7ad@gmail.com,TKT-012013,Damaged Item,3
user_7b41b772@gmail.com,TKT-012014,Late Delivery,2
user_2da9c684@gmail.com,TKT-012015,Late Delivery,5
user_3f505a41@gmail.com,TKT-012016,Late Delivery,5
user_5829c7a1@gmail.com,TKT-012017,Late Delivery,3
user_386e3272@gmail.com,TKT-012018,Late Delivery,5
user_a1cdbc5d@gmail.com,TKT-012019,Late Delivery,1
user_642d2f70@gmail.com,TKT-012020,Damaged Item,2
user_b3f2ccc1@gmail.com,TKT-012021,Damaged Item,1
user_965dbf9e@gmail.com,TKT-012022,Late Delivery,5
user_0322aa4c@gmail.com,TKT-012023,Damaged Item,2
user_f4ff1a79@gmail.com,TKT-012024,Damaged Item,5
user_16b9086c@gmail.com,TKT-012025,Damaged Item,5
user_9c9cf13b@gmail.com,TKT-012026,Damaged Item,2
user_b02afb84@gmail.com,TKT-012027,Late Delivery,3
user_9cda91a6@gmail.com,TKT-012028,Damaged Item,4
user_a75eb9d7@gmail.com,TKT-012029,Late Delivery,3
user_fb482506@gmail.com,TKT-012030,Late Delivery,2
user_baa8b1be@gmail.com,TKT-012031,Damaged Item,5
user_580b560f@gmail.com,TKT-012032,Damaged Item,2
user_c3be4ee2@gmail.com,TKT-012033,Late Delivery,5
user_40a0dbd0@gmail.com,TKT-012034,Late Delivery,1
user_26ff795f@gmail.com,TKT-012035,Late Delivery,1
user_4578a509@gmail.com,TKT-012036,Late Delivery,5
user_22a0bd78@gmail.com,TKT-012037,Damaged Item,5
user_b8785799@gmail.com,TKT-012038,Damaged Item,4
user_c5487f0a@gmail.com,TKT-012039,Late Delivery,3
user_26c602ff@gmail.com,TKT-012040,Late Delivery,1
user_2a3b73d1@gmail.com,TKT-012041,Damaged Item,5
user_ebd180e7@gmail.com,TKT-012042,Late Delivery,4
user_e7a252c6@gmail.com,TKT-012043,Damaged Item,3
user_0451ef5a@gmail.com,TKT-012044,Damaged Item,5
user_113c58ed@gmail.com,TKT-012045,Damaged Item,4
user_5de40556@gmail.com,TKT-012046,Damaged Item,5
user_6fecb43c@gmail.com,TKT-012047,Damaged Item,2
user_20b3b30d@gmail.com,TKT-012048,Damaged Item,3
user_b0ea7c59@gmail.com,TKT-012049,Late Delivery,3
user_90cef6cb@gmail.com,TKT-012050,Late Delivery,5
user_9bf98681@gmail.com,TKT-012051,Damaged Item,3
user_543ce8a3@gmail.com,TKT-012052,Damaged Item,3
user_2abafbfa@gmail.com,TKT-012053,Late Delivery,2
user_21672030@gmail.com,TKT-012054,Late Delivery,4
user_1bb7abb3@gmail.com,TKT-012055,Damaged Item,2
user_d6f48615@gmail.com,TKT-012056,Late Delivery,5
user_7297b46c@gmail.com,TKT-012057,Damaged Item,1
user_165d93a9@gmail.com,TKT-012058,Late Delivery,2
user_c49f37b6@gmail.com,TKT-012059,Late Delivery,3
user_fdf7b49f@gmail.com,TKT-012060,Damaged Item,1
user_6fc943c1@gmail.com,TKT-012061,Late Delivery,5
user_56f7d552@gmail.com,TKT-012062,Damaged Item,5
user_5a378836@gmail.com,TKT-012063,Late Delivery,2
user_96748a84@gmail.com,TKT-012064,Late Delivery,5
user_38e7d993@gmail.com,TKT-012065,Damaged Item,4
user_b4af97cd@gmail.com,TKT-012066,Late Delivery,5
user_9b260394@gmail.com,TKT-012067,Damaged Item,5
user_a2c92455@gmail.com,TKT-012068,Damaged Item,1
user_aa455152@gmail.com,TKT-012069,Late Delivery,2
user_a54dc584@gmail.com,TKT-012070,Late Delivery,3
user_2b8de040@gmail.com,TKT-012071,Damaged Item,2
user_1af7da77@gmail.com,TKT-012072,Late Delivery,4
user_673e1a98@gmail.com,TKT-012073,Late Delivery,5
user_d5665800@gmail.com,TKT-012074,Damaged Item,5
user_53483554@gmail.com,TKT-012075,Late Delivery,5
user_9a880908@gmail.com,TKT-012076,Damaged Item,4
user_72547fc0@gmail.com,TKT-012077,Late Delivery,5
user_17059a76@gmail.com,TKT-012078,Late Delivery,5
user_f43f9cbf@gmail.com,TKT-012079,Damaged Item,5
user_8797ab21@gmail.com,TKT-012080,Late Delivery,3
user_305adb7f@gmail.com,TKT-012081,Late Delivery,3
user_fc16565a@gmail.com,TKT-012082,Late Delivery,2
user_54610a85@gmail.com,TKT-012083,Late Delivery,5
user_a78e22cb@gmail.com,TKT-012084,Late Delivery,1
user_323818ef@gmail.com,TKT-012085,Damaged Item,3
user_73ddf889@gmail.com,TKT-012086,Late Delivery,1
user_89653940@gmail.com,TKT-012087,Late Delivery,2
user_bd96ce1f@gmail.com,TKT-012088,Damaged Item,1
user_dd4478f5@gmail.com,TKT-012089,Late Delivery,4
user_fd82070a@gmail.com,TKT-012090,Damaged Item,3
user_e27c7b98@gmail.com,TKT-012091,Late Delivery,1
user_e24408e9@gmail.com,TKT-012092,Damaged Item,3
user_1440e5bc@gmail.com,TKT-012093,Damaged Item,1
user_806ab9e6@gmail.com,TKT-012094,Late Delivery,4
user_ebeecfc2@gmail.com,TKT-012095,Damaged Item,2
user_8d95960c@gmail.com,TKT-012096,Damaged Item,4
user_22aab04e@gmail.com,TKT-012097,Late Delivery,4
user_b62349d6@gmail.com,TKT-012098,Damaged Item,2
user_f329e0e1@gmail.com,TKT-012099,Late Delivery,3
user_bc587014@gmail.com,TKT-012100,Late Delivery,2
user_58da8fca@gmail.com,TKT-012101,Damaged Item,3
user_62f1e9da@gmail.com,TKT-012102,Late Delivery,1
user_ce4c0829@gmail.com,TKT-012103,Late Delivery,4
user_e2ab3a92@gmail.com,TKT-012104,Damaged Item,3
user_8f48a3e7@gmail.com,TKT-012105,Damaged Item,2
user_e54b1417@gmail.com,TKT-012106,Late Delivery,1
user_2664e99a@gmail.com,TKT-012107,Late Delivery,3
user_bac1f311@gmail.com,TKT-012108,Damaged Item,5
user_72739f22@gmail.com,TKT-012109,Damaged Item,3
user_75015153@gmail.com,TKT-012110,Late Delivery,1
user_db0e222b@gmail.com,TKT-012111,Late Delivery,2
user_d85b5e17@gmail.com,TKT-012112,Damaged Item,4
user_5650e95c@gmail.com,TKT-012113,Damaged Item,1
user_2e01258d@gmail.com,TKT-012114,Damaged Item,4
user_0dc3a432@gmail.com,TKT-012115,Damaged Item,1
user_35a537b3@gmail.com,TKT-012116,Damaged Item,3
user_ccdc8077@gmail.com,TKT-012117,Damaged Item,1
user_2c8c7b6b@gmail.com,TKT-012118,Damaged Item,5
user_1de5850c@gmail.com,TKT-012119,Late Delivery,1
user_15759dc8@gmail.com,TKT-012120,Damaged Item,5
user_a8951303@gmail.com,TKT-012121,Late Delivery,2
user_0921f17e@gmail.com,TKT-012122,Damaged Item,3
user_8fdf286f@gmail.com,TKT-012123,Damaged Item,3
user_23040ee8@gmail.com,TKT-012124,Late Delivery,2
user_a73b094b@gmail.com,TKT-012125,Late Delivery,5
user_7f92b73f@gmail.com,TKT-012126,Damaged Item,1
user_3c784e5a@gmail.com,TKT-012127,Late Delivery,4
user_d485dc82@gmail.com,TKT-012128,Late Delivery,2
user_ea8ed37b@gmail.com,TKT-012129,Damaged Item,1
user_7afcfd9f@gmail.com,TKT-012130,Damaged Item,3
user_c7cecb2f@gmail.com,TKT-012131,Late Delivery,3
user_366def67@gmail.com,TKT-012132,Damaged Item,5
user_b8727599@gmail.com,TKT-012133,Late Delivery,2
user_58068744@gmail.com,TKT-012134,Damaged Item,4
user_557cd07f@gmail.com,TKT-012135,Damaged Item,2
user_1d90ebd8@gmail.com,TKT-012136,Damaged Item,1
user_79954dd2@gmail.com,TKT-012137,Late Delivery,2
user_35b98c20@gmail.com,TKT-012138,Late Delivery,3
user_4ab73425@gmail.com,TKT-012139,Late Delivery,3
user_afdf6bba@gmail.com,TKT-012140,Damaged Item,4
user_a012820f@gmail.com,TKT-012141,Late Delivery,3
user_1f6a5f79@gmail.com,TKT-012142,Damaged Item,1
user_5abc5823@gmail.com,TKT-012143,Late Delivery,1
user_16a4c082@gmail.com,TKT-012144,Damaged Item,2
user_a6817334@gmail.com,TKT-012145,Late Delivery,2
user_0549ef97@gmail.com,TKT-012146,Damaged Item,3
user_ff47f8d8@gmail.com,TKT-012147,Damaged Item,5
user_c7e67e5d@gmail.com,TKT-012148,Damaged Item,1
user_4346ad9d@gmail.com,TKT-012149,Damaged Item,3
user_5cbabf2e@gmail.com,TKT-012150,Damaged Item,2
user_f16a1c72@gmail.com,TKT-012151,Damaged Item,1
user_791e514e@gmail.com,TKT-012152,Late Delivery,3
user_f7963f2d@gmail.com,TKT-012153,Damaged Item,3
user_cfcdff18@gmail.com,TKT-012154,Damaged Item,4
user_5f0358c0@gmail.com,TKT-012155,Late Delivery,5
user_ed91cb31@gmail.com,TKT-012156,Late Delivery,3
user_87d406e4@gmail.com,TKT-012157,Damaged Item,2
user_814d9ae5@gmail.com,TKT-012158,Damaged Item,5
user_1c396934@gmail.com,TKT-012159,Late Delivery,3
user_87c3677f@gmail.com,TKT-012160,Damaged Item,1
user_f4714ce5@gmail.com,TKT-012161,Damaged Item,3
user_247d2727@gmail.com,TKT-012162,Late Delivery,5
user_e8a37d42@gmail.com,TKT-012163,Damaged Item,1
user_7b3303f3@gmail.com,TKT-012164,Late Delivery,1
user_a5ba3292@gmail.com,TKT-012165,Late Delivery,3
user_25fa655b@gmail.com,TKT-012166,Late Delivery,4
user_5013a21b@gmail.com,TKT-012167,Damaged Item,2
user_34acad21@gmail.com,TKT-012168,Late Delivery,4
user_513f55ae@gmail.com,TKT-012169,Late Delivery,2
user_6b7c2636@gmail.com,TKT-012170,Damaged Item,4
user_9ccbe128@gmail.com,TKT-012171,Damaged Item,2
user_c27a3033@gmail.com,TKT-012172,Damaged Item,2
user_3315424c@gmail.com,TKT-012173,Late Delivery,3
user_aeedbf08@gmail.com,TKT-012174,Late Delivery,2
user_af567bc2@gmail.com,TKT-012175,Damaged Item,1
user_afc8f3a1@gmail.com,TKT-012176,Damaged Item,2
user_aca7974d@gmail.com,TKT-012177,Late Delivery,4
user_2274251c@gmail.com,TKT-012178,Damaged Item,1
user_b44b5bf7@gmail.com,TKT-012179,Late Delivery,1
user_903a7793@gmail.com,TKT-012180,Damaged Item,2
user_6a35c5eb@gmail.com,TKT-012181,Late Delivery,2
user_f8f4221e@gmail.com,TKT-012182,Damaged Item,1
user_b33e5827@gmail.com,TKT-012183,Damaged Item,3
user_60a1f47e@gmail.com,TKT-012184,Damaged Item,4
user_537702fb@gmail.com,TKT-012185,Late Delivery,3
user_7c73ec4c@gmail.com,TKT-012186,Late Delivery,2
user_dc0c390d@gmail.com,TKT-012187,Damaged Item,3
user_d12f8234@gmail.com,TKT-012188,Late Delivery,1
user_bbe7f810@gmail.com,TKT-012189,Damaged Item,2
user_8b9d3969@gmail.com,TKT-012190,Damaged Item,4
user_191e1845@gmail.com,TKT-012191,Late Delivery,4
user_e46e5d0b@gmail.com,TKT-012192,Late Delivery,4
user_3c97e5f7@gmail.com,TKT-012193,Damaged Item,4
user_e6c51113@gmail.com,TKT-012194,Late Delivery,3
user_4d58eca1@gmail.com,TKT-012195,Damaged Item,3
user_1c39c97e@gmail.com,TKT-012196,Late Delivery,2
user_f7bb1f3e@gmail.com,TKT-012197,Late Delivery,5
user_c04ece51@gmail.com,TKT-012198,Damaged Item,4
user_22c53c9a@gmail.com,TKT-012199,Late Delivery,1
user_9cec172c@gmail.com,TKT-012200,Late Delivery,3
user_9407262e@gmail.com,TKT-012201,Damaged Item,1
user_7d815d72@gmail.com,TKT-012202,Damaged Item,1
user_2e38c5e2@gmail.com,TKT-012203,Late Delivery,3
user_8725487b@gmail.com,TKT-012204,Late Delivery,1
user_a11ae0d9@gmail.com,TKT-012205,Late Delivery,4
user_3abf2523@gmail.com,TKT-012206,Damaged Item,3
user_98033112@gmail.com,TKT-012207,Damaged Item,3
user_c8778217@gmail.com,TKT-012208,Late Delivery,4
user_6cf0d280@gmail.com,TKT-012209,Late Delivery,2
user_ea6f3544@gmail.com,TKT-012210,Damaged Item,2
user_ee87870a@gmail.com,TKT-012211,Damaged Item,1
user_52914e4c@gmail.com,TKT-012212,Damaged Item,5
user_de166e0e@gmail.com,TKT-012213,Late Delivery,2
user_36404140@gmail.com,TKT-012214,Damaged Item,5
user_7742f3d5@gmail.com,TKT-012215,Damaged Item,2
user_e620be18@gmail.com,TKT-012216,Late Delivery,5
user_e39d770b@gmail.com,TKT-012217,Damaged Item,1
user_2e96ab32@gmail.com,TKT-012218,Late Delivery,5
user_0d7e002b@gmail.com,TKT-012219,Damaged Item,4
user_2b3dd42b@gmail.com,TKT-012220,Damaged Item,3
user_c1d7876f@gmail.com,TKT-012221,Late Delivery,5
user_f9440ee3@gmail.com,TKT-012222,Damaged Item,2
user_55c00c8a@gmail.com,TKT-012223,Damaged Item,2
user_696bcbb6@gmail.com,TKT-012224,Damaged Item,2
user_fcb003b1@gmail.com,TKT-012225,Damaged Item,3
user_734392e6@gmail.com,TKT-012226,Late Delivery,3
user_4e345c02@gmail.com,TKT-012227,Late Delivery,1
user_a7e20949@gmail.com,TKT-012228,Late Delivery,1
user_c063bfcd@gmail.com,TKT-012229,Late Delivery,2
user_e0e957a4@gmail.com,TKT-012230,Late Delivery,1
user_8a925d6a@gmail.com,TKT-012231,Damaged Item,2
user_dfeea6fc@gmail.com,TKT-012232,Damaged Item,1
user_f4594149@gmail.com,TKT-012233,Late Delivery,2
user_a29f167d@gmail.com,TKT-012234,Damaged Item,1
user_2077863a@gmail.com,TKT-012235,Late Delivery,5
user_638fa4ce@gmail.com,TKT-012236,Damaged Item,3
user_fbd78a1f@gmail.com,TKT-012237,Damaged Item,3
user_7c4b6d77@gmail.com,TKT-012238,Late Delivery,4
user_43f7b159@gmail.com,TKT-012239,Late Delivery,4
user_b8b7f727@gmail.com,TKT-012240,Late Delivery,5
user_948173a1@gmail.com,TKT-012241,Damaged Item,5
user_8f168e42@gmail.com,TKT-012242,Late Delivery,2
user_38a6f0de@gmail.com,TKT-012243,Late Delivery,2
user_461f43df@gmail.com,TKT-012244,Late Delivery,3
user_e6a89389@gmail.com,TKT-012245,Damaged Item,5
user_666ffb10@gmail.com,TKT-012246,Late Delivery,3
user_b61dcc55@gmail.com,TKT-012247,Damaged Item,5
user_39deed49@gmail.com,TKT-012248,Damaged Item,2
user_6c2f6983@gmail.com,TKT-012249,Late Delivery,2
user_96c0cff4@gmail.com,TKT-012250,Late Delivery,3
user_4dd4051c@gmail.com,TKT-012251,Late Delivery,5
user_630aa56b@gmail.com,TKT-012252,Damaged Item,1
user_d26ea450@gmail.com,TKT-012253,Late Delivery,4
user_8ca747eb@gmail.com,TKT-012254,Damaged Item,2
user_e16cf9d9@gmail.com,TKT-012255,Late Delivery,4
user_efd751d2@gmail.com,TKT-012256,Damaged Item,2
user_9bda9b42@gmail.com,TKT-012257,Damaged Item,1
user_4db04f38@gmail.com,TKT-012258,Damaged Item,2
user_639d2342@gmail.com,TKT-012259,Late Delivery,1
user_69037903@gmail.com,TKT-012260,Damaged Item,1
user_103f8161@gmail.com,TKT-012261,Damaged Item,1
user_a154d731@gmail.com,TKT-012262,Late Delivery,2
user_e2cca4a0@gmail.com,TKT-012263,Late Delivery,4
user_14c338e1@gmail.com,TKT-012264,Damaged Item,3
user_081f8c2a@gmail.com,TKT-012265,Damaged Item,4
user_150f4a8d@gmail.com,TKT-012266,Damaged Item,1
user_da31b1e7@gmail.com,TKT-012267,Late Delivery,2
user_7e29fb10@gmail.com,TKT-012268,Damaged Item,5
user_0f226080@gmail.com,TKT-012269,Late Delivery,5
user_9f10a450@gmail.com,TKT-012270,Late Delivery,4
user_b5557597@gmail.com,TKT-012271,Damaged Item,2
user_159bbeaf@gmail.com,TKT-012272,Damaged Item,5
user_2a731b06@gmail.com,TKT-012273,Late Delivery,5
user_158782d4@gmail.com,TKT-012274,Late Delivery,2
user_e46a8ddc@gmail.com,TKT-012275,Late Delivery,4
user_2864a61f@gmail.com,TKT-012276,Damaged Item,3
user_6a917566@gmail.com,TKT-012277,Late Delivery,3
user_131dc8b8@gmail.com,TKT-012278,Late Delivery,2
user_decc6bfd@gmail.com,TKT-012279,Damaged Item,1
user_819c6562@gmail.com,TKT-012280,Damaged Item,1
user_02d73d09@gmail.com,TKT-012281,Damaged Item,3
user_4f6e6ec3@gmail.com,TKT-012282,Late Delivery,3
user_116490c8@gmail.com,TKT-012283,Damaged Item,2
user_f5071ca0@gmail.com,TKT-012284,Late Delivery,1
user_7f9f86b6@gmail.com,TKT-012285,Late Delivery,3
user_c2761496@gmail.com,TKT-012286,Damaged Item,1
user_11426ed9@gmail.com,TKT-012287,Damaged Item,3
user_a2ccc225@gmail.com,TKT-012288,Damaged Item,5
user_8f3dca43@gmail.com,TKT-012289,Late Delivery,4
user_1b9a4809@gmail.com,TKT-012290,Late Delivery,5
user_e61e0c3e@gmail.com,TKT-012291,Late Delivery,2
user_e9d92452@gmail.com,TKT-012292,Damaged Item,3
user_072f8721@gmail.com,TKT-012293,Damaged Item,5
user_0462c410@gmail.com,TKT-012294,Damaged Item,2
user_e5e893f0@gmail.com,TKT-012295,Late Delivery,5
user_0d01490a@gmail.com,TKT-012296,Late Delivery,5
user_347fc6de@gmail.com,TKT-012297,Damaged Item,2
user_a9c5e655@gmail.com,TKT-012298,Late Delivery,3
user_8da8e5f4@gmail.com,TKT-012299,Damaged Item,2
user_2505afff@gmail.com,TKT-012300,Damaged Item,3
user_2e480e3d@gmail.com,TKT-012301,Damaged Item,1
user_0884c621@gmail.com,TKT-012302,Damaged Item,1
user_66b3fb2e@gmail.com,TKT-012303,Late Delivery,4
user_f4390fda@gmail.com,TKT-012304,Late Delivery,4
user_28da9098@gmail.com,TKT-012305,Damaged Item,5
user_a3924db2@gmail.com,TKT-012306,Late Delivery,5
user_e37c7922@gmail.com,TKT-012307,Late Delivery,1
user_067c8117@gmail.com,TKT-012308,Damaged Item,1
user_9cee985f@gmail.com,TKT-012309,Late Delivery,2
user_5dc6d4b5@gmail.com,TKT-012310,Late Delivery,4
user_cb1773cc@gmail.com,TKT-012311,Late Delivery,5
user_5ac93723@gmail.com,TKT-012312,Late Delivery,2
user_45a717e3@gmail.com,TKT-012313,Damaged Item,4
user_e24f80e9@gmail.com,TKT-012314,Late Delivery,2
user_58c80a0f@gmail.com,TKT-012315,Damaged Item,2
user_1ae3af03@gmail.com,TKT-012316,Damaged Item,5
user_ce0c4603@gmail.com,TKT-012317,Damaged Item,5
user_7b4afa12@gmail.com,TKT-012318,Damaged Item,5
user_c396d133@gmail.com,TKT-012319,Late Delivery,3
user_d6001de2@gmail.com,TKT-012320,Late Delivery,4
user_617f3ccf@gmail.com,TKT-012321,Late Delivery,5
user_88eadf26@gmail.com,TKT-012322,Damaged Item,4
user_eb269fa8@gmail.com,TKT-012323,Late Delivery,3
user_0eda70ee@gmail.com,TKT-012324,Damaged Item,4
user_349c5a71@gmail.com,TKT-012325,Late Delivery,1
user_1d0317b8@gmail.com,TKT-012326,Damaged Item,3
user_a4864228@gmail.com,TKT-012327,Late Delivery,1
user_1232eef6@gmail.com,TKT-012328,Damaged Item,5
user_2598d176@gmail.com,TKT-012329,Damaged Item,5
user_74043d81@gmail.com,TKT-012330,Damaged Item,5
user_fef38f31@gmail.com,TKT-012331,Late Delivery,5
user_a6ac63c6@gmail.com,TKT-012332,Late Delivery,4
user_e097aa2a@gmail.com,TKT-012333,Damaged Item,5
user_b077b77a@gmail.com,TKT-012334,Damaged Item,1
user_c9ec7638@gmail.com,TKT-012335,Late Delivery,1
user_f499bec5@gmail.com,TKT-012336,Late Delivery,4
user_564e4161@gmail.com,TKT-012337,Late Delivery,1
user_a1a60b6c@gmail.com,TKT-012338,Damaged Item,2
user_929de36e@gmail.com,TKT-012339,Damaged Item,3
user_ff8fd64c@gmail.com,TKT-012340,Late Delivery,3
user_05138f0e@gmail.com,TKT-012341,Damaged Item,3
user_7e32864f@gmail.com,TKT-012342,Late Delivery,5
user_82531daa@gmail.com,TKT-012343,Damaged Item,5
user_bf8a5ff4@gmail.com,TKT-012344,Late Delivery,5
user_333f7cf5@gmail.com,TKT-012345,Damaged Item,4
user_5c4532e9@gmail.com,TKT-012346,Late Delivery,3
user_aa89c9ff@gmail.com,TKT-012347,Damaged Item,2
user_4510a0e4@gmail.com,TKT-012348,Late Delivery,1
user_31b3e8da@gmail.com,TKT-012349,Late Delivery,4
user_e38e8912@gmail.com,TKT-012350,Late Delivery,1
user_95d06f61@gmail.com,TKT-012351,Late Delivery,1
user_d32f60c9@gmail.com,TKT-012352,Damaged Item,3
user_305af21f@gmail.com,TKT-012353,Late Delivery,1
user_29c11834@gmail.com,TKT-012354,Damaged Item,4
user_737ad1c6@gmail.com,TKT-012355,Damaged Item,1
user_6503b6c9@gmail.com,TKT-012356,Damaged Item,3
user_8b35a688@gmail.com,TKT-012357,Damaged Item,5
user_de5a3ee2@gmail.com,TKT-012358,Late Delivery,2
user_caea4a01@gmail.com,TKT-012359,Damaged Item,2
user_ea963389@gmail.com,TKT-012360,Late Delivery,1
user_c8c88e0a@gmail.com,TKT-012361,Damaged Item,1
user_f5aee11a@gmail.com,TKT-012362,Late Delivery,3
user_c5897787@gmail.com,TKT-012363,Damaged Item,5
user_939caa92@gmail.com,TKT-012364,Late Delivery,2
user_7627c7c4@gmail.com,TKT-012365,Damaged Item,2
user_6af770a9@gmail.com,TKT-012366,Damaged Item,4
user_ba5168cb@gmail.com,TKT-012367,Damaged Item,3
user_1e716a50@gmail.com,TKT-012368,Late Delivery,1
user_1b681ab1@gmail.com,TKT-012369,Late Delivery,3
user_b585f93c@gmail.com,TKT-012370,Damaged Item,3
user_c6dade98@gmail.com,TKT-012371,Damaged Item,1
user_43b31309@gmail.com,TKT-012372,Late Delivery,3
user_e0faaaa5@gmail.com,TKT-012373,Damaged Item,2
user_7869ac0d@gmail.com,TKT-012374,Damaged Item,5
user_89eb91f4@gmail.com,TKT-012375,Damaged Item,2
user_203fc79a@gmail.com,TKT-012376,Damaged Item,1
user_b77ba174@gmail.com,TKT-012377,Late Delivery,5
user_220bcdd6@gmail.com,TKT-012378,Late Delivery,5
user_620a2814@gmail.com,TKT-012379,Late Delivery,3
user_5da306ec@gmail.com,TKT-012380,Late Delivery,5
user_0d66c742@gmail.com,TKT-012381,Late Delivery,5
user_f27b718e@gmail.com,TKT-012382,Late Delivery,4
user_91f0db1a@gmail.com,TKT-012383,Damaged Item,2
user_86cf1223@gmail.com,TKT-012384,Damaged Item,5
user_bf72abdf@gmail.com,TKT-012385,Late Delivery,5
user_1f25cb84@gmail.com,TKT-012386,Damaged Item,2
user_a5ea267e@gmail.com,TKT-012387,Damaged Item,1
user_e668e6dd@gmail.com,TKT-012388,Damaged Item,2
user_f3daaaf7@gmail.com,TKT-012389,Late Delivery,4
user_0663abc6@gmail.com,TKT-012390,Late Delivery,1
user_a35ac27a@gmail.com,TKT-012391,Late Delivery,5
user_106daf23@gmail.com,TKT-012392,Late Delivery,2
user_edc4c183@gmail.com,TKT-012393,Late Delivery,2
user_2d415b8c@gmail.com,TKT-012394,Late Delivery,2
user_9c3520c6@gmail.com,TKT-012395,Late Delivery,5
user_c4c1e77e@gmail.com,TKT-012396,Late Delivery,1
user_7c57017d@gmail.com,TKT-012397,Damaged Item,4
user_37873a7d@gmail.com,TKT-012398,Damaged Item,1
user_9b4496ef@gmail.com,TKT-012399,Damaged Item,3
user_36942bd3@gmail.com,TKT-012400,Damaged Item,4
user_754f69cf@gmail.com,TKT-012401,Damaged Item,1
user_102592d9@gmail.com,TKT-012402,Damaged Item,1
user_e8dffc99@gmail.com,TKT-012403,Late Delivery,5
user_08ae33aa@gmail.com,TKT-012404,Late Delivery,3
user_cd5a39a0@gmail.com,TKT-012405,Damaged Item,3
user_a5827e46@gmail.com,TKT-012406,Damaged Item,4
user_06f11804@gmail.com,TKT-012407,Late Delivery,1
user_30e105cb@gmail.com,TKT-012408,Late Delivery,5
user_e09928ea@gmail.com,TKT-012409,Damaged Item,5
user_b75c0220@gmail.com,TKT-012410,Late Delivery,3
user_9473d390@gmail.com,TKT-012411,Late Delivery,5
user_0255fc14@gmail.com,TKT-012412,Damaged Item,5
user_6f35424a@gmail.com,TKT-012413,Late Delivery,4
user_62a90409@gmail.com,TKT-012414,Damaged Item,5
user_fdce3a41@gmail.com,TKT-012415,Late Delivery,1
user_dfcbceb9@gmail.com,TKT-012416,Late Delivery,4
user_7804c2ee@gmail.com,TKT-012417,Damaged Item,2
user_326bc355@gmail.com,TKT-012418,Late Delivery,3
user_084be429@gmail.com,TKT-012419,Late Delivery,2
user_3a4bc325@gmail.com,TKT-012420,Late Delivery,2
user_42b638e5@gmail.com,TKT-012421,Damaged Item,1
user_b58456db@gmail.com,TKT-012422,Damaged Item,3
user_ab911ba2@gmail.com,TKT-012423,Damaged Item,5
user_f0b376c0@gmail.com,TKT-012424,Damaged Item,1
user_3c5e1130@gmail.com,TKT-012425,Late Delivery,1
user_1db73215@gmail.com,TKT-012426,Damaged Item,2
user_c6d75856@gmail.com,TKT-012427,Damaged Item,3
user_89baf783@gmail.com,TKT-012428,Damaged Item,2
user_5de57fee@gmail.com,TKT-012429,Late Delivery,2
user_11ad503b@gmail.com,TKT-012430,Late Delivery,1
user_4b349b23@gmail.com,TKT-012431,Damaged Item,2
user_9626fb4f@gmail.com,TKT-012432,Late Delivery,5
user_a0a10f72@gmail.com,TKT-012433,Damaged Item,1
user_0a78d407@gmail.com,TKT-012434,Late Delivery,3
user_e5adb3ff@gmail.com,TKT-012435,Late Delivery,2
user_002ed121@gmail.com,TKT-012436,Late Delivery,4
user_79c56151@gmail.com,TKT-012437,Late Delivery,2
user_728bcc94@gmail.com,TKT-012438,Late Delivery,4
user_32ca1256@gmail.com,TKT-012439,Late Delivery,5
user_9154ece3@gmail.com,TKT-012440,Late Delivery,1
user_743c8062@gmail.com,TKT-012441,Damaged Item,2
user_78ae0a75@gmail.com,TKT-012442,Damaged Item,5
user_28d0e86b@gmail.com,TKT-012443,Late Delivery,1
user_b07e6772@gmail.com,TKT-012444,Damaged Item,2
user_8a700eb6@gmail.com,TKT-012445,Damaged Item,2
user_ac30e70f@gmail.com,TKT-012446,Damaged Item,2
user_8f96a7f4@gmail.com,TKT-012447,Damaged Item,3
user_1bd7e8af@gmail.com,TKT-012448,Late Delivery,5
user_4ed413ae@gmail.com,TKT-012449,Late Delivery,4
user_ae5b7e3f@gmail.com,TKT-012450,Late Delivery,1
user_6a068ccd@gmail.com,TKT-012451,Late Delivery,2
user_cc76ca50@gmail.com,TKT-012452,Damaged Item,1
user_8bf1dc98@gmail.com,TKT-012453,Damaged Item,3
user_89a9e1d2@gmail.com,TKT-012454,Damaged Item,4
user_659140cc@gmail.com,TKT-012455,Damaged Item,3
user_a30990a6@gmail.com,TKT-012456,Late Delivery,2
user_fafc4a24@gmail.com,TKT-012457,Damaged Item,4
user_27cbfa02@gmail.com,TKT-012458,Late Delivery,4
user_183b3b30@gmail.com,TKT-012459,Damaged Item,2
user_36345564@gmail.com,TKT-012460,Damaged Item,2
user_df924ea3@gmail.com,TKT-012461,Damaged Item,4
user_49d60289@gmail.com,TKT-012462,Late Delivery,4
user_eb1d518f@gmail.com,TKT-012463,Late Delivery,2
user_dcc91c2b@gmail.com,TKT-012464,Damaged Item,5
user_3deda78a@gmail.com,TKT-012465,Damaged Item,5
user_79f8edc5@gmail.com,TKT-012466,Late Delivery,3
user_e6f6acc2@gmail.com,TKT-012467,Late Delivery,1
user_b5b02fa8@gmail.com,TKT-012468,Damaged Item,2
user_f8516011@gmail.com,TKT-012469,Damaged Item,4
user_59c7d161@gmail.com,TKT-012470,Late Delivery,5
user_7ecaafb8@gmail.com,TKT-012471,Late Delivery,5
user_9bb02438@gmail.com,TKT-012472,Damaged Item,2
user_01769144@gmail.com,TKT-012473,Late Delivery,4
user_ddeeee01@gmail.com,TKT-012474,Damaged Item,4
user_8cd9e7d9@gmail.com,TKT-012475,Late Delivery,4
user_1c7d293e@gmail.com,TKT-012476,Late Delivery,5
user_714734aa@gmail.com,TKT-012477,Damaged Item,4
user_d26889b6@gmail.com,TKT-012478,Late Delivery,4
user_303e2158@gmail.com,TKT-012479,Late Delivery,4
user_bce4764e@gmail.com,TKT-012480,Damaged Item,4
user_f8bd8ab8@gmail.com,TKT-012481,Damaged Item,2
user_4df43d4c@gmail.com,TKT-012482,Late Delivery,3
user_2f96790f@gmail.com,TKT-012483,Late Delivery,1
user_f2c6cf75@gmail.com,TKT-012484,Damaged Item,3
user_86669cc0@gmail.com,TKT-012485,Damaged Item,2
user_ade95773@gmail.com,TKT-012486,Damaged Item,3
user_0469bf6f@gmail.com,TKT-012487,Late Delivery,5
user_7f18fa0c@gmail.com,TKT-012488,Late Delivery,4
user_2fae57f3@gmail.com,TKT-012489,Damaged Item,4
user_647afdb8@gmail.com,TKT-012490,Late Delivery,3
user_1c0ad53b@gmail.com,TKT-012491,Late Delivery,1
user_ac955659@gmail.com,TKT-012492,Damaged Item,2
user_96ff0ab5@gmail.com,TKT-012493,Damaged Item,4
user_b6f26635@gmail.com,TKT-012494,Late Delivery,1
user_e1ee4ff7@gmail.com,TKT-012495,Damaged Item,3
user_5fa0fa2f@gmail.com,TKT-012496,Damaged Item,5
user_706a88ea@gmail.com,TKT-012497,Late Delivery,2
user_397cd1af@gmail.com,TKT-012498,Damaged Item,5
user_0927a38a@gmail.com,TKT-012499,Late Delivery,3
user_81c8a139@gmail.com,TKT-012500,Damaged Item,5
user_8da72fa9@gmail.com,TKT-012501,Late Delivery,1
user_91db3ef8@gmail.com,TKT-012502,Late Delivery,4
user_bbc94fb2@gmail.com,TKT-012503,Damaged Item,3
user_b6318d1c@gmail.com,TKT-012504,Late Delivery,1
user_e449c14a@gmail.com,TKT-012505,Damaged Item,5
user_37f5eb27@gmail.com,TKT-012506,Damaged Item,4
user_3bb1a92b@gmail.com,TKT-012507,Damaged Item,5
user_ada7f29a@gmail.com,TKT-012508,Late Delivery,5
user_6e66873f@gmail.com,TKT-012509,Damaged Item,5
user_f3f0aa7c@gmail.com,TKT-012510,Damaged Item,4
user_ca038431@gmail.com,TKT-012511,Late Delivery,1
user_031e19fc@gmail.com,TKT-012512,Late Delivery,4
user_073a0317@gmail.com,TKT-012513,Late Delivery,5
user_e6b73803@gmail.com,TKT-012514,Damaged Item,2
user_4b480671@gmail.com,TKT-012515,Damaged Item,1
user_39382392@gmail.com,TKT-012516,Damaged Item,2
user_07f2fe90@gmail.com,TKT-012517,Late Delivery,3
user_284cef87@gmail.com,TKT-012518,Late Delivery,3
user_7c6df472@gmail.com,TKT-012519,Damaged Item,4
user_7d761448@gmail.com,TKT-012520,Late Delivery,2
user_25eb1743@gmail.com,TKT-012521,Late Delivery,3
user_4b48b3ba@gmail.com,TKT-012522,Late Delivery,1
user_63fcbeca@gmail.com,TKT-012523,Late Delivery,1
user_99d32fcd@gmail.com,TKT-012524,Damaged Item,1
user_1cf650b3@gmail.com,TKT-012525,Late Delivery,3
user_052076c6@gmail.com,TKT-012526,Damaged Item,3
user_4b10b6d5@gmail.com,TKT-012527,Late Delivery,3
user_48f99b5b@gmail.com,TKT-012528,Late Delivery,4
user_c8010581@gmail.com,TKT-012529,Damaged Item,4
user_760bbbf1@gmail.com,TKT-012530,Late Delivery,5
user_149164ae@gmail.com,TKT-012531,Damaged Item,2
user_79d00294@gmail.com,TKT-012532,Late Delivery,3
user_1be9735e@gmail.com,TKT-012533,Damaged Item,5
user_c60f8d96@gmail.com,TKT-012534,Late Delivery,5
user_ecb876c3@gmail.com,TKT-012535,Late Delivery,4
user_7b249d4e@gmail.com,TKT-012536,Late Delivery,1
user_12c4baf4@gmail.com,TKT-012537,Late Delivery,2
user_b632522f@gmail.com,TKT-012538,Late Delivery,3
user_866dc731@gmail.com,TKT-012539,Late Delivery,5
user_7caf7197@gmail.com,TKT-012540,Late Delivery,2
user_ee3074a0@gmail.com,TKT-012541,Late Delivery,3
user_af02f43a@gmail.com,TKT-012542,Late Delivery,2
user_be944e18@gmail.com,TKT-012543,Late Delivery,3
user_6f807268@gmail.com,TKT-012544,Damaged Item,1
user_ab5d8807@gmail.com,TKT-012545,Late Delivery,1
user_213dc56d@gmail.com,TKT-012546,Late Delivery,2
user_9959487d@gmail.com,TKT-012547,Damaged Item,5
user_5acb7097@gmail.com,TKT-012548,Late Delivery,1
user_725d7d27@gmail.com,TKT-012549,Damaged Item,2
user_3f591bdc@gmail.com,TKT-012550,Late Delivery,2
user_a95d231f@gmail.com,TKT-012551,Late Delivery,2
user_ff60ab8b@gmail.com,TKT-012552,Late Delivery,2
user_ca849609@gmail.com,TKT-012553,Damaged Item,4
user_dc1dac99@gmail.com,TKT-012554,Late Delivery,3
user_130cc1e0@gmail.com,TKT-012555,Damaged Item,4
user_81b6c19b@gmail.com,TKT-012556,Late Delivery,4
user_0bd5a9db@gmail.com,TKT-012557,Damaged Item,2
user_a467e2e0@gmail.com,TKT-012558,Damaged Item,2
user_eaf18a91@gmail.com,TKT-012559,Late Delivery,5
user_d4bf092b@gmail.com,TKT-012560,Damaged Item,2
user_5f66ee1b@gmail.com,TKT-012561,Damaged Item,5
user_d184e6ed@gmail.com,TKT-012562,Damaged Item,1
user_1a61345b@gmail.com,TKT-012563,Late Delivery,3
user_a16af76f@gmail.com,TKT-012564,Late Delivery,5
user_bc68dfa7@gmail.com,TKT-012565,Late Delivery,5
user_66395d34@gmail.com,TKT-012566,Late Delivery,5
user_e889a9b6@gmail.com,TKT-012567,Damaged Item,2
user_98e8c6ad@gmail.com,TKT-012568,Damaged Item,4
user_ebac0060@gmail.com,TKT-012569,Damaged Item,2
user_072d62b7@gmail.com,TKT-012570,Damaged Item,3
user_c11c87f1@gmail.com,TKT-012571,Damaged Item,1
user_6ec51f2f@gmail.com,TKT-012572,Damaged Item,4
user_f65090e3@gmail.com,TKT-012573,Damaged Item,1
user_6b396256@gmail.com,TKT-012574,Damaged Item,2
user_e620a3f4@gmail.com,TKT-012575,Late Delivery,4
user_92f93187@gmail.com,TKT-012576,Damaged Item,4
user_c640422e@gmail.com,TKT-012577,Damaged Item,1
user_254534a3@gmail.com,TKT-012578,Damaged Item,2
user_0d974402@gmail.com,TKT-012579,Late Delivery,1
user_5ed603e9@gmail.com,TKT-012580,Late Delivery,5
user_13ca1f31@gmail.com,TKT-012581,Damaged Item,1
user_a67e4216@gmail.com,TKT-012582,Damaged Item,3
user_a9747f09@gmail.com,TKT-012583,Late Delivery,1
user_552f9632@gmail.com,TKT-012584,Damaged Item,2
user_638b18c1@gmail.com,TKT-012585,Late Delivery,5
user_98c90b1b@gmail.com,TKT-012586,Damaged Item,4
user_02e6e8a8@gmail.com,TKT-012587,Late Delivery,1
user_c828fb18@gmail.com,TKT-012588,Damaged Item,5
user_a679b405@gmail.com,TKT-012589,Late Delivery,3
user_c0817965@gmail.com,TKT-012590,Damaged Item,2
user_b40aae4e@gmail.com,TKT-012591,Damaged Item,3
user_ae96f701@gmail.com,TKT-012592,Damaged Item,1
user_cdf2b2b8@gmail.com,TKT-012593,Late Delivery,2
user_fb83cfe9@gmail.com,TKT-012594,Damaged Item,2
user_a8dd8139@gmail.com,TKT-012595,Late Delivery,2
user_654cc929@gmail.com,TKT-012596,Late Delivery,1
user_a93d5bc3@gmail.com,TKT-012597,Damaged Item,2
user_979f3bf0@gmail.com,TKT-012598,Late Delivery,5
user_9a855ffa@gmail.com,TKT-012599,Damaged Item,2
user_b1d711ee@gmail.com,TKT-012600,Late Delivery,4
user_9bcc6669@gmail.com,TKT-012601,Late Delivery,3
user_933d09bc@gmail.com,TKT-012602,Damaged Item,2
user_1f89d919@gmail.com,TKT-012603,Damaged Item,5
user_d40aaaf3@gmail.com,TKT-012604,Late Delivery,2
user_d6c14e53@gmail.com,TKT-012605,Damaged Item,2
user_7c359da7@gmail.com,TKT-012606,Late Delivery,2
user_39be3ec6@gmail.com,TKT-012607,Late Delivery,4
user_1d7f02d5@gmail.com,TKT-012608,Late Delivery,1
user_41fb4efc@gmail.com,TKT-012609,Damaged Item,1
user_46fcf618@gmail.com,TKT-012610,Damaged Item,4
user_bb94d0ad@gmail.com,TKT-012611,Late Delivery,2
user_bc53fa6f@gmail.com,TKT-012612,Damaged Item,5
user_d40e8584@gmail.com,TKT-012613,Late Delivery,2
user_ce8ca250@gmail.com,TKT-012614,Late Delivery,4
user_03d5cfec@gmail.com,TKT-012615,Damaged Item,5
user_9f4c36aa@gmail.com,TKT-012616,Damaged Item,5
user_28be3bd4@gmail.com,TKT-012617,Damaged Item,1
user_647de02f@gmail.com,TKT-012618,Late Delivery,5
user_80faf0a4@gmail.com,TKT-012619,Late Delivery,5
user_df5ceb0c@gmail.com,TKT-012620,Late Delivery,5
user_6c504a0c@gmail.com,TKT-012621,Damaged Item,5
user_b1f8d8eb@gmail.com,TKT-012622,Damaged Item,4
user_33309f9e@gmail.com,TKT-012623,Damaged Item,5
user_cd10a74f@gmail.com,TKT-012624,Late Delivery,1
user_385ec0e1@gmail.com,TKT-012625,Late Delivery,3
user_95075c47@gmail.com,TKT-012626,Damaged Item,5
user_031b06b6@gmail.com,TKT-012627,Damaged Item,2
user_7638aa01@gmail.com,TKT-012628,Late Delivery,2
user_bb68ab36@gmail.com,TKT-012629,Late Delivery,2
user_ab0b18d7@gmail.com,TKT-012630,Late Delivery,1
user_9cd3542c@gmail.com,TKT-012631,Late Delivery,2
user_04ebe767@gmail.com,TKT-012632,Damaged Item,3
user_10a4b9f4@gmail.com,TKT-012633,Damaged Item,1
user_dc675dde@gmail.com,TKT-012634,Damaged Item,5
user_eaab462d@gmail.com,TKT-012635,Late Delivery,2
user_967a2e50@gmail.com,TKT-012636,Late Delivery,1
user_d80e2750@gmail.com,TKT-012637,Late Delivery,3
user_ab0f956f@gmail.com,TKT-012638,Late Delivery,2
user_715062b0@gmail.com,TKT-012639,Damaged Item,3
user_c70dfb29@gmail.com,TKT-012640,Late Delivery,1
user_23ce1427@gmail.com,TKT-012641,Late Delivery,3
user_55efe0d4@gmail.com,TKT-012642,Damaged Item,1
user_d8325734@gmail.com,TKT-012643,Late Delivery,4
user_bb1a47fe@gmail.com,TKT-012644,Damaged Item,2
user_97ee46ac@gmail.com,TKT-012645,Damaged Item,1
user_89fb6320@gmail.com,TKT-012646,Damaged Item,4
user_f9af91ee@gmail.com,TKT-012647,Damaged Item,3
user_1be00084@gmail.com,TKT-012648,Late Delivery,3
user_42c96a49@gmail.com,TKT-012649,Damaged Item,4
user_cab88505@gmail.com,TKT-012650,Damaged Item,4
user_041dc685@gmail.com,TKT-012651,Damaged Item,1
user_bc7de832@gmail.com,TKT-012652,Late Delivery,2
user_e8bd9ab3@gmail.com,TKT-012653,Late Delivery,2
user_e91a615e@gmail.com,TKT-012654,Damaged Item,5
user_93317aff@gmail.com,TKT-012655,Damaged Item,4
user_2c6f6296@gmail.com,TKT-012656,Late Delivery,2
user_45953930@gmail.com,TKT-012657,Damaged Item,1
user_51fb6211@gmail.com,TKT-012658,Damaged Item,1
user_0ce2692a@gmail.com,TKT-012659,Late Delivery,5
user_f4f6b324@gmail.com,TKT-012660,Damaged Item,4
user_67ccad24@gmail.com,TKT-012661,Late Delivery,4
user_80385058@gmail.com,TKT-012662,Late Delivery,4
user_43021aab@gmail.com,TKT-012663,Late Delivery,2
user_8848bddb@gmail.com,TKT-012664,Late Delivery,5
user_9f25bf3a@gmail.com,TKT-012665,Late Delivery,4
user_a416da50@gmail.com,TKT-012666,Late Delivery,4
user_36113434@gmail.com,TKT-012667,Late Delivery,5
user_a763728f@gmail.com,TKT-012668,Damaged Item,1
user_272c0b60@gmail.com,TKT-012669,Late Delivery,5
user_a80a15cc@gmail.com,TKT-012670,Damaged Item,3
user_89a3260a@gmail.com,TKT-012671,Late Delivery,5
user_915c3852@gmail.com,TKT-012672,Damaged Item,2
user_38788913@gmail.com,TKT-012673,Late Delivery,2
user_fc2657bd@gmail.com,TKT-012674,Damaged Item,4
user_823c47d4@gmail.com,TKT-012675,Damaged Item,2
user_583acdbf@gmail.com,TKT-012676,Late Delivery,2
user_c0d831f9@gmail.com,TKT-012677,Late Delivery,4
user_8a8a1edd@gmail.com,TKT-012678,Late Delivery,4
user_415a0a08@gmail.com,TKT-012679,Late Delivery,1
user_33eb8233@gmail.com,TKT-012680,Late Delivery,3
user_b64000ee@gmail.com,TKT-012681,Late Delivery,5
user_a69877bb@gmail.com,TKT-012682,Late Delivery,1
user_26e7f29d@gmail.com,TKT-012683,Damaged Item,1
user_a8e4ef02@gmail.com,TKT-012684,Late Delivery,1
user_05af4d44@gmail.com,TKT-012685,Late Delivery,3
user_b67e845a@gmail.com,TKT-012686,Damaged Item,2
user_0d4cf36e@gmail.com,TKT-012687,Damaged Item,3
user_200bde58@gmail.com,TKT-012688,Late Delivery,3
user_33d313f7@gmail.com,TKT-012689,Late Delivery,3
user_b4fe3506@gmail.com,TKT-012690,Damaged Item,1
user_b6cb19f4@gmail.com,TKT-012691,Late Delivery,3
user_f94af80b@gmail.com,TKT-012692,Late Delivery,4
user_e4581db1@gmail.com,TKT-012693,Damaged Item,3
user_9b15ce57@gmail.com,TKT-012694,Late Delivery,1
user_c4ae87fc@gmail.com,TKT-012695,Late Delivery,2
user_0331dad8@gmail.com,TKT-012696,Late Delivery,3
user_781d55b6@gmail.com,TKT-012697,Damaged Item,2
user_dcb20e69@gmail.com,TKT-012698,Late Delivery,5
user_9d70ea3e@gmail.com,TKT-012699,Damaged Item,4
user_2c125973@gmail.com,TKT-012700,Damaged Item,4
user_5f351efa@gmail.com,TKT-012701,Damaged Item,5
user_bb23040f@gmail.com,TKT-012702,Damaged Item,4
user_2948c3e8@gmail.com,TKT-012703,Late Delivery,1
user_04ab1b97@gmail.com,TKT-012704,Late Delivery,3
user_04b7afde@gmail.com,TKT-012705,Damaged Item,3
user_efa1d162@gmail.com,TKT-012706,Damaged Item,1
user_ebfc820e@gmail.com,TKT-012707,Late Delivery,2
user_458c3ce3@gmail.com,TKT-012708,Late Delivery,3
user_ef2b1180@gmail.com,TKT-012709,Late Delivery,4
user_b5477baf@gmail.com,TKT-012710,Late Delivery,3
user_5f94af52@gmail.com,TKT-012711,Late Delivery,2
user_3e08b9cd@gmail.com,TKT-012712,Late Delivery,2
user_6953fd5f@gmail.com,TKT-012713,Late Delivery,5
user_8165d1d2@gmail.com,TKT-012714,Late Delivery,2
user_7a5abb56@gmail.com,TKT-012715,Damaged Item,2
user_8d01758f@gmail.com,TKT-012716,Damaged Item,2
user_adec2cec@gmail.com,TKT-012717,Late Delivery,4
user_bc7b9e0d@gmail.com,TKT-012718,Late Delivery,2
user_6335819f@gmail.com,TKT-012719,Damaged Item,4
user_de7cad0a@gmail.com,TKT-012720,Damaged Item,2
user_ef702c59@gmail.com,TKT-012721,Damaged Item,2
user_69891f8e@gmail.com,TKT-012722,Damaged Item,4
user_45db8759@gmail.com,TKT-012723,Damaged Item,2
user_d46c82a4@gmail.com,TKT-012724,Late Delivery,2
user_a414f74f@gmail.com,TKT-012725,Late Delivery,1
user_0ae899cc@gmail.com,TKT-012726,Late Delivery,4
user_7fc3dfe8@gmail.com,TKT-012727,Damaged Item,4
user_7760f3da@gmail.com,TKT-012728,Late Delivery,3
user_5bb6a9ae@gmail.com,TKT-012729,Damaged Item,2
user_4e7930ae@gmail.com,TKT-012730,Late Delivery,1
user_b4758feb@gmail.com,TKT-012731,Damaged Item,2
user_681a39d4@gmail.com,TKT-012732,Damaged Item,3
user_27af9987@gmail.com,TKT-012733,Late Delivery,4
user_7ac875f3@gmail.com,TKT-012734,Damaged Item,2
user_8637ac34@gmail.com,TKT-012735,Late Delivery,3
user_db9292a4@gmail.com,TKT-012736,Late Delivery,2
user_d0175fc5@gmail.com,TKT-012737,Late Delivery,1
user_f0588881@gmail.com,TKT-012738,Damaged Item,3
user_e0750a5a@gmail.com,TKT-012739,Damaged Item,5
user_feb77fc3@gmail.com,TKT-012740,Damaged Item,5
user_d44430de@gmail.com,TKT-012741,Damaged Item,1
user_f56bf73e@gmail.com,TKT-012742,Damaged Item,3
user_3c87409c@gmail.com,TKT-012743,Damaged Item,5
user_4fc9b591@gmail.com,TKT-012744,Damaged Item,4
user_04fdd3ae@gmail.com,TKT-012745,Damaged Item,4
user_8db46442@gmail.com,TKT-012746,Late Delivery,2
user_a252a440@gmail.com,TKT-012747,Damaged Item,3
user_ebfb4762@gmail.com,TKT-012748,Damaged Item,5
user_c9aa0996@gmail.com,TKT-012749,Damaged Item,2
user_5b87097b@gmail.com,TKT-012750,Late Delivery,2
user_77dc1d01@gmail.com,TKT-012751,Late Delivery,3
user_7dd99cf6@gmail.com,TKT-012752,Late Delivery,1
user_58efc734@gmail.com,TKT-012753,Late Delivery,1
user_672afa8a@gmail.com,TKT-012754,Late Delivery,1
user_ad0c2683@gmail.com,TKT-012755,Damaged Item,3
user_fc6c9398@gmail.com,TKT-012756,Damaged Item,4
user_4541fbed@gmail.com,TKT-012757,Late Delivery,1
user_a4dd1aab@gmail.com,TKT-012758,Late Delivery,3
user_1462a5f9@gmail.com,TKT-012759,Damaged Item,2
user_aa584bf6@gmail.com,TKT-012760,Late Delivery,1
user_9d730871@gmail.com,TKT-012761,Damaged Item,3
user_e0638834@gmail.com,TKT-012762,Late Delivery,4
user_ee1c3520@gmail.com,TKT-012763,Late Delivery,4
user_962eb524@gmail.com,TKT-012764,Late Delivery,2
user_b2d60d71@gmail.com,TKT-012765,Late Delivery,3
user_1c259d45@gmail.com,TKT-012766,Late Delivery,1
user_5c370ae0@gmail.com,TKT-012767,Damaged Item,2
user_bbfafdbb@gmail.com,TKT-012768,Damaged Item,5
user_ea016c6b@gmail.com,TKT-012769,Late Delivery,5
user_937ab586@gmail.com,TKT-012770,Damaged Item,5
user_e307b1e2@gmail.com,TKT-012771,Late Delivery,3
user_62f11279@gmail.com,TKT-012772,Late Delivery,5
user_6b669292@gmail.com,TKT-012773,Damaged Item,2
user_922cb381@gmail.com,TKT-012774,Late Delivery,3
user_5989b4c4@gmail.com,TKT-012775,Damaged Item,4
user_18e5c815@gmail.com,TKT-012776,Late Delivery,5
user_664f8462@gmail.com,TKT-012777,Damaged Item,3
user_07ec373c@gmail.com,TKT-012778,Damaged Item,2
user_6d20cbea@gmail.com,TKT-012779,Damaged Item,2
user_4b72c220@gmail.com,TKT-012780,Damaged Item,2
user_91a7366b@gmail.com,TKT-012781,Late Delivery,4
user_b1081ec8@gmail.com,TKT-012782,Damaged Item,5
user_eca835c0@gmail.com,TKT-012783,Damaged Item,1
user_357cf424@gmail.com,TKT-012784,Late Delivery,3
user_21bde4e9@gmail.com,TKT-012785,Damaged Item,5
user_b3a8671b@gmail.com,TKT-012786,Late Delivery,2
user_5ef08d4b@gmail.com,TKT-012787,Late Delivery,4
user_17f976b8@gmail.com,TKT-012788,Damaged Item,4
user_fbc767f7@gmail.com,TKT-012789,Late Delivery,2
user_0d51c3b3@gmail.com,TKT-012790,Late Delivery,3
user_bc7e7da8@gmail.com,TKT-012791,Damaged Item,1
user_eff87395@gmail.com,TKT-012792,Damaged Item,4
user_b4692b07@gmail.com,TKT-012793,Late Delivery,5
user_51ff8247@gmail.com,TKT-012794,Damaged Item,4
user_6a615385@gmail.com,TKT-012795,Damaged Item,3
user_104f7bce@gmail.com,TKT-012796,Damaged Item,2
user_6655a87e@gmail.com,TKT-012797,Damaged Item,4
user_d6d29496@gmail.com,TKT-012798,Late Delivery,1
user_959d3819@gmail.com,TKT-012799,Late Delivery,4
user_8cb21d81@gmail.com,TKT-012800,Late Delivery,2
user_bcdd861a@gmail.com,TKT-012801,Late Delivery,3
user_f113042f@gmail.com,TKT-012802,Late Delivery,2
user_e979216a@gmail.com,TKT-012803,Damaged Item,3
user_e2381d9b@gmail.com,TKT-012804,Damaged Item,2
user_19c476e5@gmail.com,TKT-012805,Damaged Item,5
user_44813bd3@gmail.com,TKT-012806,Damaged Item,2
user_55aa4c7d@gmail.com,TKT-012807,Damaged Item,3
user_40dcf0ca@gmail.com,TKT-012808,Late Delivery,5
user_1a815ce5@gmail.com,TKT-012809,Damaged Item,4
user_bcbffa4d@gmail.com,TKT-012810,Late Delivery,1
user_0400cd54@gmail.com,TKT-012811,Late Delivery,2
user_afabf6c6@gmail.com,TKT-012812,Damaged Item,2
user_7959ffbe@gmail.com,TKT-012813,Late Delivery,5
user_bb939798@gmail.com,TKT-012814,Damaged Item,4
user_1616e9d0@gmail.com,TKT-012815,Late Delivery,3
user_a1e9a193@gmail.com,TKT-012816,Damaged Item,3
user_f08e73cf@gmail.com,TKT-012817,Damaged Item,1
user_656fc9b3@gmail.com,TKT-012818,Damaged Item,3
user_915e75e4@gmail.com,TKT-012819,Damaged Item,5
user_d98e2747@gmail.com,TKT-012820,Damaged Item,1
user_9c17da3c@gmail.com,TKT-012821,Damaged Item,5
user_25539f1f@gmail.com,TKT-012822,Damaged Item,2
user_58d6ca46@gmail.com,TKT-012823,Damaged Item,5
user_81c6970e@gmail.com,TKT-012824,Late Delivery,4
user_eb4406e7@gmail.com,TKT-012825,Late Delivery,4
user_09ca8f96@gmail.com,TKT-012826,Damaged Item,3
user_8f12f030@gmail.com,TKT-012827,Late Delivery,2
user_b99d74a7@gmail.com,TKT-012828,Damaged Item,2
user_2356a157@gmail.com,TKT-012829,Damaged Item,3
user_09ac8455@gmail.com,TKT-012830,Late Delivery,1
user_e78838df@gmail.com,TKT-012831,Damaged Item,5
user_a107fc81@gmail.com,TKT-012832,Late Delivery,4
user_3ae5f28c@gmail.com,TKT-012833,Late Delivery,3
user_4b7dc42c@gmail.com,TKT-012834,Late Delivery,5
user_324ce23e@gmail.com,TKT-012835,Late Delivery,5
user_5000124f@gmail.com,TKT-012836,Damaged Item,4
user_76e41b21@gmail.com,TKT-012837,Damaged Item,4
user_37b54c95@gmail.com,TKT-012838,Late Delivery,2
user_d28ed46e@gmail.com,TKT-012839,Late Delivery,4
user_37ba3c18@gmail.com,TKT-012840,Late Delivery,2
user_8a3b1739@gmail.com,TKT-012841,Late Delivery,2
user_9e47811d@gmail.com,TKT-012842,Late Delivery,4
user_1f2dd1ed@gmail.com,TKT-012843,Damaged Item,1
user_ecce149a@gmail.com,TKT-012844,Late Delivery,4
user_ce8ab3fa@gmail.com,TKT-012845,Late Delivery,5
user_329d55bd@gmail.com,TKT-012846,Damaged Item,2
user_530e2b29@gmail.com,TKT-012847,Damaged Item,2
user_71df425c@gmail.com,TKT-012848,Late Delivery,5
user_b15403eb@gmail.com,TKT-012849,Late Delivery,3
user_c3d20e45@gmail.com,TKT-012850,Damaged Item,4
user_ebcca806@gmail.com,TKT-012851,Damaged Item,3
user_934d7e7b@gmail.com,TKT-012852,Late Delivery,4
user_753fd284@gmail.com,TKT-012853,Late Delivery,3
user_d9a2ec3c@gmail.com,TKT-012854,Damaged Item,5
user_b174e8b6@gmail.com,TKT-012855,Damaged Item,2
user_d533bbd7@gmail.com,TKT-012856,Late Delivery,5
user_9870b99e@gmail.com,TKT-012857,Damaged Item,5
user_3673c4a5@gmail.com,TKT-012858,Damaged Item,3
user_b82cc83c@gmail.com,TKT-012859,Damaged Item,1
user_d1ed58c0@gmail.com,TKT-012860,Damaged Item,1
user_256f8c4d@gmail.com,TKT-012861,Damaged Item,4
user_7a409060@gmail.com,TKT-012862,Damaged Item,2
user_8bc85b10@gmail.com,TKT-012863,Damaged Item,3
user_278a0b22@gmail.com,TKT-012864,Damaged Item,2
user_9a9d051b@gmail.com,TKT-012865,Late Delivery,3
user_7f1ea016@gmail.com,TKT-012866,Late Delivery,3
user_5e787bf7@gmail.com,TKT-012867,Late Delivery,2
user_64421b07@gmail.com,TKT-012868,Late Delivery,4
user_377d0d53@gmail.com,TKT-012869,Damaged Item,4
user_d06f106a@gmail.com,TKT-012870,Late Delivery,3
user_fd2b82cf@gmail.com,TKT-012871,Late Delivery,4
user_dfc2cb9e@gmail.com,TKT-012872,Late Delivery,3
user_da8198ea@gmail.com,TKT-012873,Late Delivery,3
user_87e8d95c@gmail.com,TKT-012874,Damaged Item,3
user_9db0dce3@gmail.com,TKT-012875,Late Delivery,2
user_86d1b878@gmail.com,TKT-012876,Late Delivery,4
user_3f083a4f@gmail.com,TKT-012877,Late Delivery,3
user_5112d728@gmail.com,TKT-012878,Late Delivery,5
user_3eea1890@gmail.com,TKT-012879,Late Delivery,4
user_a7de0c84@gmail.com,TKT-012880,Late Delivery,4
user_d04dc53f@gmail.com,TKT-012881,Late Delivery,2
user_b7d76df2@gmail.com,TKT-012882,Late Delivery,2
user_3cd77f35@gmail.com,TKT-012883,Damaged Item,4
user_7456e305@gmail.com,TKT-012884,Damaged Item,4
user_92ac3d5a@gmail.com,TKT-012885,Late Delivery,3
user_0520f54e@gmail.com,TKT-012886,Damaged Item,5
user_50229622@gmail.com,TKT-012887,Late Delivery,1
user_48544e2a@gmail.com,TKT-012888,Late Delivery,4
user_7cc882b8@gmail.com,TKT-012889,Late Delivery,1
user_7a00bb1e@gmail.com,TKT-012890,Damaged Item,1
user_3c810bde@gmail.com,TKT-012891,Late Delivery,5
user_7031ce0a@gmail.com,TKT-012892,Late Delivery,4
user_391181d8@gmail.com,TKT-012893,Damaged Item,2
user_34c43e71@gmail.com,TKT-012894,Late Delivery,2
user_431a77a2@gmail.com,TKT-012895,Damaged Item,1
user_7b6d07da@gmail.com,TKT-012896,Late Delivery,1
user_89d61298@gmail.com,TKT-012897,Late Delivery,2
user_4e0e024e@gmail.com,TKT-012898,Damaged Item,1
user_9dec569f@gmail.com,TKT-012899,Damaged Item,3
user_85fb83a5@gmail.com,TKT-012900,Late Delivery,5
user_41937e54@gmail.com,TKT-012901,Damaged Item,4
user_8b699bd4@gmail.com,TKT-012902,Damaged Item,2
user_85cada3b@gmail.com,TKT-012903,Late Delivery,4
user_0ecb51b1@gmail.com,TKT-012904,Late Delivery,2
user_0177f697@gmail.com,TKT-012905,Damaged Item,4
user_3c8af93b@gmail.com,TKT-012906,Late Delivery,5
user_cc17c84a@gmail.com,TKT-012907,Damaged Item,4
user_9a1d3ed3@gmail.com,TKT-012908,Damaged Item,5
user_795e2dd3@gmail.com,TKT-012909,Late Delivery,5
user_004493e0@gmail.com,TKT-012910,Late Delivery,4
user_289c9eae@gmail.com,TKT-012911,Damaged Item,3
user_b6080712@gmail.com,TKT-012912,Damaged Item,3
user_3941073b@gmail.com,TKT-012913,Late Delivery,3
user_7ac26eac@gmail.com,TKT-012914,Damaged Item,1
user_6e7e695a@gmail.com,TKT-012915,Damaged Item,5
user_57a5850c@gmail.com,TKT-012916,Late Delivery,3
user_e51ad9d7@gmail.com,TKT-012917,Late Delivery,1
user_f08bcc26@gmail.com,TKT-012918,Damaged Item,2
user_fe119667@gmail.com,TKT-012919,Late Delivery,2
user_2cc5e983@gmail.com,TKT-012920,Damaged Item,2
user_40f9b6aa@gmail.com,TKT-012921,Damaged Item,5
user_4c28ec7f@gmail.com,TKT-012922,Late Delivery,3
user_d6703c82@gmail.com,TKT-012923,Damaged Item,5
user_012c61cc@gmail.com,TKT-012924,Damaged Item,2
user_1d37df73@gmail.com,TKT-012925,Damaged Item,2
user_a45554d9@gmail.com,TKT-012926,Damaged Item,3
user_d6053d8b@gmail.com,TKT-012927,Late Delivery,1
user_76aa9e24@gmail.com,TKT-012928,Late Delivery,5
user_98168eac@gmail.com,TKT-012929,Damaged Item,5
user_7e251bdc@gmail.com,TKT-012930,Damaged Item,1
user_2d53a3a6@gmail.com,TKT-012931,Late Delivery,2
user_81d7aa5c@gmail.com,TKT-012932,Damaged Item,2
user_396bd77d@gmail.com,TKT-012933,Late Delivery,1
user_08c3fdfa@gmail.com,TKT-012934,Late Delivery,1
user_ccc0975f@gmail.com,TKT-012935,Damaged Item,1
user_2d613625@gmail.com,TKT-012936,Late Delivery,2
user_3d4972f6@gmail.com,TKT-012937,Late Delivery,3
user_a0e363eb@gmail.com,TKT-012938,Damaged Item,5
user_2fae0c7f@gmail.com,TKT-012939,Late Delivery,1
user_f226c02a@gmail.com,TKT-012940,Damaged Item,2
user_55a82b18@gmail.com,TKT-012941,Late Delivery,3
user_2f4f9918@gmail.com,TKT-012942,Late Delivery,1
user_02c77985@gmail.com,TKT-012943,Damaged Item,2
user_5cce8eaf@gmail.com,TKT-012944,Damaged Item,4
user_e756cdd0@gmail.com,TKT-012945,Damaged Item,3
user_0097fca0@gmail.com,TKT-012946,Damaged Item,3
user_8196065b@gmail.com,TKT-012947,Late Delivery,5
user_0f563118@gmail.com,TKT-012948,Damaged Item,5
user_ded340ac@gmail.com,TKT-012949,Damaged Item,4
user_c77a1dad@gmail.com,TKT-012950,Late Delivery,3
user_a96d7918@gmail.com,TKT-012951,Late Delivery,1
user_09a404d8@gmail.com,TKT-012952,Late Delivery,3
user_d615ca1c@gmail.com,TKT-012953,Damaged Item,5
user_06c0b3ff@gmail.com,TKT-012954,Late Delivery,4
user_4ea92c59@gmail.com,TKT-012955,Late Delivery,2
user_b94a3a62@gmail.com,TKT-012956,Late Delivery,2
user_61a8a601@gmail.com,TKT-012957,Late Delivery,2
user_ede8f366@gmail.com,TKT-012958,Late Delivery,4
user_b106847a@gmail.com,TKT-012959,Late Delivery,1
user_d7a40891@gmail.com,TKT-012960,Late Delivery,4
user_47c0c269@gmail.com,TKT-012961,Late Delivery,5
user_2f9ef385@gmail.com,TKT-012962,Damaged Item,1
user_5abec77f@gmail.com,TKT-012963,Late Delivery,5
user_100f3fb6@gmail.com,TKT-012964,Late Delivery,1
user_ff025bb8@gmail.com,TKT-012965,Late Delivery,1
user_4c26b909@gmail.com,TKT-012966,Damaged Item,4
user_b3a8c7ac@gmail.com,TKT-012967,Late Delivery,4
user_5e631f0a@gmail.com,TKT-012968,Damaged Item,4
user_a4bdd0ff@gmail.com,TKT-012969,Late Delivery,5
user_6cddaef0@gmail.com,TKT-012970,Damaged Item,2
user_a52bfe7e@gmail.com,TKT-012971,Late Delivery,2
user_00b2ca23@gmail.com,TKT-012972,Damaged Item,2
user_d5e9479e@gmail.com,TKT-012973,Late Delivery,4
user_91a11823@gmail.com,TKT-012974,Damaged Item,4
user_81db097f@gmail.com,TKT-012975,Late Delivery,5
user_049ec66b@gmail.com,TKT-012976,Damaged Item,3
user_ecacfb5d@gmail.com,TKT-012977,Damaged Item,2
user_b9505e56@gmail.com,TKT-012978,Late Delivery,1
user_29a75a38@gmail.com,TKT-012979,Damaged Item,4
user_d477b33c@gmail.com,TKT-012980,Damaged Item,5
user_6dfebea9@gmail.com,TKT-012981,Damaged Item,2
user_6dda77ce@gmail.com,TKT-012982,Late Delivery,4
user_1439b4be@gmail.com,TKT-012983,Damaged Item,4
user_c00a2456@gmail.com,TKT-012984,Late Delivery,1
user_43dce1c4@gmail.com,TKT-012985,Damaged Item,3
user_4f1e3e1a@gmail.com,TKT-012986,Damaged Item,5
user_f53c22ce@gmail.com,TKT-012987,Late Delivery,2
user_d042efa4@gmail.com,TKT-012988,Damaged Item,4
user_07a27af7@gmail.com,TKT-012989,Late Delivery,1
user_bfcb850f@gmail.com,TKT-012990,Damaged Item,1
user_f2146708@gmail.com,TKT-012991,Damaged Item,5
user_b352e446@gmail.com,TKT-012992,Late Delivery,1
user_b5259781@gmail.com,TKT-012993,Damaged Item,2
user_91649e22@gmail.com,TKT-012994,Late Delivery,2
user_15f9e82e@gmail.com,TKT-012995,Late Delivery,2
user_ae76d876@gmail.com,TKT-012996,Damaged Item,1
user_64a61ea4@gmail.com,TKT-012997,Damaged Item,5
user_4ca02abf@gmail.com,TKT-012998,Damaged Item,1
user_5b583873@gmail.com,TKT-012999,Late Delivery,5
user_6a6cb845@gmail.com,TKT-013000,Late Delivery,3
user_d0b5b4d2@gmail.com,TKT-013001,Late Delivery,5
user_f28223d7@gmail.com,TKT-013002,Late Delivery,4
user_142e95a7@gmail.com,TKT-013003,Damaged Item,4
user_94de5f75@gmail.com,TKT-013004,Damaged Item,4
user_6c59befe@gmail.com,TKT-013005,Late Delivery,5
user_78e25992@gmail.com,TKT-013006,Late Delivery,4
user_17232dfe@gmail.com,TKT-013007,Damaged Item,4
user_14ffbd4d@gmail.com,TKT-013008,Damaged Item,2
user_4041ea3e@gmail.com,TKT-013009,Damaged Item,2
user_aabb72e2@gmail.com,TKT-013010,Late Delivery,1
user_645d7e06@gmail.com,TKT-013011,Damaged Item,2
user_6581c5cc@gmail.com,TKT-013012,Damaged Item,5
user_3d6042d8@gmail.com,TKT-013013,Late Delivery,2
user_3bcf206a@gmail.com,TKT-013014,Late Delivery,3
user_4aab7537@gmail.com,TKT-013015,Late Delivery,4
user_36516895@gmail.com,TKT-013016,Damaged Item,2
user_59c85e23@gmail.com,TKT-013017,Damaged Item,4
user_23e6a9d3@gmail.com,TKT-013018,Late Delivery,3
user_6d4cbfa3@gmail.com,TKT-013019,Damaged Item,4
user_77134235@gmail.com,TKT-013020,Damaged Item,2
user_b6b13cc2@gmail.com,TKT-013021,Damaged Item,4
user_553794cf@gmail.com,TKT-013022,Damaged Item,2
user_21b5bd1b@gmail.com,TKT-013023,Late Delivery,3
user_f1ed0298@gmail.com,TKT-013024,Late Delivery,2
user_5a7491f1@gmail.com,TKT-013025,Late Delivery,5
user_11448fa8@gmail.com,TKT-013026,Damaged Item,2
user_02c56fe9@gmail.com,TKT-013027,Damaged Item,4
user_79b39409@gmail.com,TKT-013028,Late Delivery,1
user_94819c11@gmail.com,TKT-013029,Late Delivery,4
user_87a30982@gmail.com,TKT-013030,Damaged Item,3
user_1e7e6097@gmail.com,TKT-013031,Late Delivery,2
user_1ae27253@gmail.com,TKT-013032,Damaged Item,4
user_f19d7913@gmail.com,TKT-013033,Late Delivery,2
user_46f454b6@gmail.com,TKT-013034,Damaged Item,1
user_4470b161@gmail.com,TKT-013035,Damaged Item,5
user_b12c8302@gmail.com,TKT-013036,Damaged Item,5
user_afbb5a64@gmail.com,TKT-013037,Late Delivery,2
user_012ab8ee@gmail.com,TKT-013038,Late Delivery,1
user_28db9e6c@gmail.com,TKT-013039,Damaged Item,3
user_679c725a@gmail.com,TKT-013040,Late Delivery,5
user_e50a7c66@gmail.com,TKT-013041,Late Delivery,2
user_9654d6df@gmail.com,TKT-013042,Late Delivery,2
user_79adc030@gmail.com,TKT-013043,Damaged Item,3
user_a4933e2a@gmail.com,TKT-013044,Damaged Item,3
user_8b4cb727@gmail.com,TKT-013045,Damaged Item,4
user_892d1dbe@gmail.com,TKT-013046,Late Delivery,2
user_1adee71d@gmail.com,TKT-013047,Damaged Item,4
user_4470a189@gmail.com,TKT-013048,Late Delivery,1
user_98e922b1@gmail.com,TKT-013049,Damaged Item,3
user_2576fdbc@gmail.com,TKT-013050,Late Delivery,5
user_23ac9515@gmail.com,TKT-013051,Late Delivery,3
user_13e84b6a@gmail.com,TKT-013052,Damaged Item,5
user_3c0982e4@gmail.com,TKT-013053,Late Delivery,3
user_79f64a80@gmail.com,TKT-013054,Damaged Item,2
user_08642cd3@gmail.com,TKT-013055,Late Delivery,1
user_67eac55e@gmail.com,TKT-013056,Damaged Item,4
user_1ea64ae3@gmail.com,TKT-013057,Damaged Item,4
user_602e2301@gmail.com,TKT-013058,Late Delivery,3
user_3d05f072@gmail.com,TKT-013059,Late Delivery,4
user_e4f4210b@gmail.com,TKT-013060,Late Delivery,3
user_6d417685@gmail.com,TKT-013061,Late Delivery,1
user_ea9d1d54@gmail.com,TKT-013062,Late Delivery,5
user_10bf5fb9@gmail.com,TKT-013063,Damaged Item,3
user_a4d20ae2@gmail.com,TKT-013064,Late Delivery,1
user_a65399cb@gmail.com,TKT-013065,Late Delivery,4
user_432477f9@gmail.com,TKT-013066,Late Delivery,3
user_abfcf529@gmail.com,TKT-013067,Late Delivery,2
user_0c52c4e6@gmail.com,TKT-013068,Late Delivery,1
user_c9601828@gmail.com,TKT-013069,Damaged Item,1
user_b954441f@gmail.com,TKT-013070,Late Delivery,4
user_6a9501d5@gmail.com,TKT-013071,Late Delivery,1
user_4f114ef0@gmail.com,TKT-013072,Damaged Item,1
user_6af40347@gmail.com,TKT-013073,Late Delivery,4
user_8e0453d7@gmail.com,TKT-013074,Late Delivery,5
user_c61f229e@gmail.com,TKT-013075,Late Delivery,2
user_61259867@gmail.com,TKT-013076,Late Delivery,1
user_16dff007@gmail.com,TKT-013077,Late Delivery,5
user_fc950f11@gmail.com,TKT-013078,Damaged Item,3
user_c942abf0@gmail.com,TKT-013079,Damaged Item,4
user_b068fd2f@gmail.com,TKT-013080,Damaged Item,3
user_48bee639@gmail.com,TKT-013081,Damaged Item,2
user_a39f499b@gmail.com,TKT-013082,Late Delivery,1
user_5509f093@gmail.com,TKT-013083,Late Delivery,1
user_b4b26faa@gmail.com,TKT-013084,Damaged Item,4
user_2d4912f3@gmail.com,TKT-013085,Late Delivery,5
user_0aa4c869@gmail.com,TKT-013086,Late Delivery,3
user_37363700@gmail.com,TKT-013087,Late Delivery,5
user_2b161eaf@gmail.com,TKT-013088,Damaged Item,5
user_fcc0b9a9@gmail.com,TKT-013089,Damaged Item,1
user_8459ee50@gmail.com,TKT-013090,Late Delivery,2
user_c39c28b8@gmail.com,TKT-013091,Damaged Item,3
user_a2facd87@gmail.com,TKT-013092,Late Delivery,5
user_d979a464@gmail.com,TKT-013093,Damaged Item,1
user_e76b5511@gmail.com,TKT-013094,Damaged Item,3
user_d9937d01@gmail.com,TKT-013095,Damaged Item,4
user_233cc5ac@gmail.com,TKT-013096,Damaged Item,3
user_0772c2ac@gmail.com,TKT-013097,Damaged Item,4
user_0a04ef49@gmail.com,TKT-013098,Late Delivery,4
user_4d7a6861@gmail.com,TKT-013099,Damaged Item,1
user_03995411@gmail.com,TKT-013100,Late Delivery,2
user_390ab7d2@gmail.com,TKT-013101,Damaged Item,3
user_f233c2a6@gmail.com,TKT-013102,Damaged Item,4
user_8e580bcf@gmail.com,TKT-013103,Damaged Item,2
user_282ebddb@gmail.com,TKT-013104,Late Delivery,2
user_c20179e2@gmail.com,TKT-013105,Damaged Item,3
user_379ede85@gmail.com,TKT-013106,Late Delivery,5
user_027b0a2a@gmail.com,TKT-013107,Damaged Item,1
user_57600ac0@gmail.com,TKT-013108,Damaged Item,3
user_2ee123fe@gmail.com,TKT-013109,Late Delivery,3
user_7d4297ce@gmail.com,TKT-013110,Damaged Item,2
user_404d906a@gmail.com,TKT-013111,Damaged Item,2
user_af88b795@gmail.com,TKT-013112,Late Delivery,5
user_b12519eb@gmail.com,TKT-013113,Damaged Item,2
user_4e8a9b92@gmail.com,TKT-013114,Late Delivery,2
user_e1314eeb@gmail.com,TKT-013115,Damaged Item,1
user_bbe304a1@gmail.com,TKT-013116,Damaged Item,3
user_f5b34e3a@gmail.com,TKT-013117,Damaged Item,3
user_dc2388a8@gmail.com,TKT-013118,Damaged Item,2
user_a6ba026e@gmail.com,TKT-013119,Late Delivery,3
user_e93551d6@gmail.com,TKT-013120,Damaged Item,3
user_eee0f253@gmail.com,TKT-013121,Damaged Item,3
user_3c666a10@gmail.com,TKT-013122,Late Delivery,1
user_d99f8310@gmail.com,TKT-013123,Damaged Item,3
user_1ed5829d@gmail.com,TKT-013124,Damaged Item,5
user_da4ae1d8@gmail.com,TKT-013125,Damaged Item,1
user_131384fd@gmail.com,TKT-013126,Late Delivery,1
user_a0da6dd1@gmail.com,TKT-013127,Late Delivery,3
user_e8efd904@gmail.com,TKT-013128,Damaged Item,2
user_606745e1@gmail.com,TKT-013129,Damaged Item,1
user_9c996103@gmail.com,TKT-013130,Late Delivery,1
user_fdb65db2@gmail.com,TKT-013131,Late Delivery,3
user_78e33e57@gmail.com,TKT-013132,Damaged Item,3
user_916b9317@gmail.com,TKT-013133,Late Delivery,2
user_108e63f3@gmail.com,TKT-013134,Damaged Item,5
user_463d6437@gmail.com,TKT-013135,Late Delivery,4
user_d389a37c@gmail.com,TKT-013136,Late Delivery,5
user_36eef06c@gmail.com,TKT-013137,Late Delivery,1
user_52498fe5@gmail.com,TKT-013138,Damaged Item,1
user_79e922ce@gmail.com,TKT-013139,Damaged Item,5
user_91ad1af5@gmail.com,TKT-013140,Damaged Item,4
user_a5a4dda1@gmail.com,TKT-013141,Late Delivery,2
user_4bdd2c68@gmail.com,TKT-013142,Late Delivery,5
user_5ac4e37b@gmail.com,TKT-013143,Late Delivery,5
user_d91da6ad@gmail.com,TKT-013144,Late Delivery,3
user_c7d25a09@gmail.com,TKT-013145,Late Delivery,5
user_220e9027@gmail.com,TKT-013146,Late Delivery,5
user_fa4e306b@gmail.com,TKT-013147,Damaged Item,1
user_e2e09ecd@gmail.com,TKT-013148,Late Delivery,3
user_3d6629d2@gmail.com,TKT-013149,Damaged Item,2
user_7c10cc54@gmail.com,TKT-013150,Damaged Item,3
user_a868a483@gmail.com,TKT-013151,Late Delivery,1
user_edf8176b@gmail.com,TKT-013152,Late Delivery,1
user_142f18a4@gmail.com,TKT-013153,Late Delivery,1
user_3eb24ad3@gmail.com,TKT-013154,Damaged Item,3
user_d33f44d7@gmail.com,TKT-013155,Late Delivery,4
user_af53f595@gmail.com,TKT-013156,Damaged Item,3
user_a2591740@gmail.com,TKT-013157,Late Delivery,5
user_5ffa9430@gmail.com,TKT-013158,Damaged Item,2
user_0c2ebb95@gmail.com,TKT-013159,Late Delivery,4
user_30eb528c@gmail.com,TKT-013160,Damaged Item,1
user_e4267ee7@gmail.com,TKT-013161,Damaged Item,1
user_60de4491@gmail.com,TKT-013162,Damaged Item,1
user_5de71f02@gmail.com,TKT-013163,Damaged Item,3
user_82f41c4d@gmail.com,TKT-013164,Damaged Item,3
user_9988d896@gmail.com,TKT-013165,Damaged Item,2
user_7433185b@gmail.com,TKT-013166,Damaged Item,4
user_fa701e4c@gmail.com,TKT-013167,Damaged Item,2
user_732c5869@gmail.com,TKT-013168,Late Delivery,4
user_e58e049e@gmail.com,TKT-013169,Late Delivery,2
user_82b1fc61@gmail.com,TKT-013170,Late Delivery,3
user_552e9107@gmail.com,TKT-013171,Damaged Item,4
user_58243e7c@gmail.com,TKT-013172,Late Delivery,4
user_15b715fc@gmail.com,TKT-013173,Late Delivery,3
user_b63033d1@gmail.com,TKT-013174,Late Delivery,5
user_eb73b5a6@gmail.com,TKT-013175,Damaged Item,4
user_0a2147c7@gmail.com,TKT-013176,Late Delivery,2
user_e016365b@gmail.com,TKT-013177,Damaged Item,5
user_8904db47@gmail.com,TKT-013178,Damaged Item,3
user_9d2165e3@gmail.com,TKT-013179,Damaged Item,4
user_8cb552bb@gmail.com,TKT-013180,Late Delivery,2
user_47c7f4b7@gmail.com,TKT-013181,Damaged Item,4
user_a3a5ea7b@gmail.com,TKT-013182,Damaged Item,4
user_0528a0a9@gmail.com,TKT-013183,Damaged Item,2
user_f327bc8a@gmail.com,TKT-013184,Damaged Item,2
user_84394f56@gmail.com,TKT-013185,Late Delivery,3
user_198fa73f@gmail.com,TKT-013186,Damaged Item,5
user_6861bf3b@gmail.com,TKT-013187,Damaged Item,2
user_c65442cd@gmail.com,TKT-013188,Late Delivery,5
user_92f5b9a0@gmail.com,TKT-013189,Late Delivery,1
user_4c93fc5b@gmail.com,TKT-013190,Late Delivery,1
user_0f1a32b5@gmail.com,TKT-013191,Damaged Item,1
user_5d11f199@gmail.com,TKT-013192,Damaged Item,4
user_317cfc69@gmail.com,TKT-013193,Damaged Item,1
user_3c71562c@gmail.com,TKT-013194,Late Delivery,5
user_06fb035f@gmail.com,TKT-013195,Late Delivery,2
user_34262db1@gmail.com,TKT-013196,Late Delivery,1
user_e5ea6dad@gmail.com,TKT-013197,Damaged Item,4
user_3527fe12@gmail.com,TKT-013198,Damaged Item,5
user_ba5cc2b7@gmail.com,TKT-013199,Late Delivery,3
user_77b4c81d@gmail.com,TKT-013200,Damaged Item,5
user_1b7d59bc@gmail.com,TKT-013201,Damaged Item,5
user_911aed96@gmail.com,TKT-013202,Damaged Item,3
user_de3da035@gmail.com,TKT-013203,Late Delivery,4
user_0fe65f18@gmail.com,TKT-013204,Damaged Item,1
user_70129333@gmail.com,TKT-013205,Late Delivery,1
user_124fe05c@gmail.com,TKT-013206,Damaged Item,2
user_cf30da57@gmail.com,TKT-013207,Damaged Item,5
user_17c24fb7@gmail.com,TKT-013208,Damaged Item,3
user_4bb91829@gmail.com,TKT-013209,Late Delivery,1
user_67d0c6bd@gmail.com,TKT-013210,Damaged Item,1
user_11882330@gmail.com,TKT-013211,Damaged Item,3
user_37275a94@gmail.com,TKT-013212,Damaged Item,5
user_cab44ea1@gmail.com,TKT-013213,Late Delivery,2
user_26d6d75e@gmail.com,TKT-013214,Damaged Item,5
user_905b4b5e@gmail.com,TKT-013215,Late Delivery,3
user_684b1800@gmail.com,TKT-013216,Damaged Item,2
user_a2f2d904@gmail.com,TKT-013217,Late Delivery,3
user_9d2c9a97@gmail.com,TKT-013218,Late Delivery,4
user_f97b13a8@gmail.com,TKT-013219,Late Delivery,1
user_5df9ba99@gmail.com,TKT-013220,Damaged Item,2
user_25066a40@gmail.com,TKT-013221,Damaged Item,1
user_4a8e9e9f@gmail.com,TKT-013222,Late Delivery,4
user_c18f1eb8@gmail.com,TKT-013223,Damaged Item,3
user_54f3df1d@gmail.com,TKT-013224,Damaged Item,4
user_1d973c98@gmail.com,TKT-013225,Late Delivery,4
user_b68c6573@gmail.com,TKT-013226,Damaged Item,5
user_c00f7319@gmail.com,TKT-013227,Damaged Item,2
user_b6460359@gmail.com,TKT-013228,Damaged Item,5
user_0326cb53@gmail.com,TKT-013229,Late Delivery,3
user_c030e003@gmail.com,TKT-013230,Damaged Item,5
user_5d36dc34@gmail.com,TKT-013231,Damaged Item,1
user_83501973@gmail.com,TKT-013232,Damaged Item,5
user_6ef29cfb@gmail.com,TKT-013233,Late Delivery,3
user_1e5e95db@gmail.com,TKT-013234,Damaged Item,5
user_befc1034@gmail.com,TKT-013235,Late Delivery,2
user_705a33a4@gmail.com,TKT-013236,Late Delivery,4
user_b1c885ee@gmail.com,TKT-013237,Damaged Item,3
user_85fbf7b7@gmail.com,TKT-013238,Late Delivery,5
user_4d00d27c@gmail.com,TKT-013239,Late Delivery,1
user_61cebd13@gmail.com,TKT-013240,Damaged Item,2
user_10c6bf65@gmail.com,TKT-013241,Damaged Item,3
user_b7e7d79e@gmail.com,TKT-013242,Late Delivery,2
user_9b382a02@gmail.com,TKT-013243,Damaged Item,5
user_a59fb29a@gmail.com,TKT-013244,Late Delivery,4
user_16669e4b@gmail.com,TKT-013245,Late Delivery,5
user_492d755d@gmail.com,TKT-013246,Damaged Item,4
user_328dd6e3@gmail.com,TKT-013247,Damaged Item,3
user_efc6c92c@gmail.com,TKT-013248,Late Delivery,2
user_da0e3f29@gmail.com,TKT-013249,Late Delivery,5
user_f1da617b@gmail.com,TKT-013250,Damaged Item,2
user_fe4d5c29@gmail.com,TKT-013251,Damaged Item,2
user_52981379@gmail.com,TKT-013252,Late Delivery,5
user_16c8e420@gmail.com,TKT-013253,Late Delivery,1
user_0a9e39dc@gmail.com,TKT-013254,Damaged Item,5
user_ecb600f2@gmail.com,TKT-013255,Damaged Item,2
user_33ab3179@gmail.com,TKT-013256,Late Delivery,4
user_fa235e09@gmail.com,TKT-013257,Late Delivery,3
user_bddfe291@gmail.com,TKT-013258,Damaged Item,2
user_6fc4b690@gmail.com,TKT-013259,Damaged Item,1
user_5f8799c5@gmail.com,TKT-013260,Late Delivery,5
user_53be1842@gmail.com,TKT-013261,Late Delivery,5
user_717bebcd@gmail.com,TKT-013262,Late Delivery,2
user_0dc9c8d7@gmail.com,TKT-013263,Late Delivery,1
user_0263cd21@gmail.com,TKT-013264,Damaged Item,4
user_3ceefb21@gmail.com,TKT-013265,Damaged Item,2
user_a9d87448@gmail.com,TKT-013266,Late Delivery,1
user_cee2ed18@gmail.com,TKT-013267,Late Delivery,4
user_0c6adab7@gmail.com,TKT-013268,Damaged Item,5
user_5063d70a@gmail.com,TKT-013269,Late Delivery,1
user_74d24129@gmail.com,TKT-013270,Late Delivery,3
user_e4507501@gmail.com,TKT-013271,Damaged Item,5
user_2e6510ee@gmail.com,TKT-013272,Late Delivery,1
user_5457ae2c@gmail.com,TKT-013273,Late Delivery,3
user_3acb4dcd@gmail.com,TKT-013274,Late Delivery,4
user_4969dd7b@gmail.com,TKT-013275,Late Delivery,3
user_ac3fd225@gmail.com,TKT-013276,Late Delivery,5
user_236dd194@gmail.com,TKT-013277,Late Delivery,4
user_ea31fe9c@gmail.com,TKT-013278,Damaged Item,4
user_d8d1c43c@gmail.com,TKT-013279,Damaged Item,2
user_7c4c172f@gmail.com,TKT-013280,Damaged Item,4
user_381921f3@gmail.com,TKT-013281,Late Delivery,1
user_fc80ae66@gmail.com,TKT-013282,Late Delivery,1
user_69333c9b@gmail.com,TKT-013283,Late Delivery,5
user_1520ebe0@gmail.com,TKT-013284,Damaged Item,5
user_ad684122@gmail.com,TKT-013285,Damaged Item,1
user_6a69c3f2@gmail.com,TKT-013286,Late Delivery,2
user_3786ff0b@gmail.com,TKT-013287,Late Delivery,2
user_06485620@gmail.com,TKT-013288,Damaged Item,1
user_48cdf71f@gmail.com,TKT-013289,Late Delivery,5
user_aedbffbe@gmail.com,TKT-013290,Late Delivery,1
user_2fbe21ee@gmail.com,TKT-013291,Damaged Item,3
user_8f191959@gmail.com,TKT-013292,Late Delivery,1
user_c5d3ed7e@gmail.com,TKT-013293,Damaged Item,2
user_f3bc8bc6@gmail.com,TKT-013294,Damaged Item,4
user_cce18bd6@gmail.com,TKT-013295,Damaged Item,5
user_4bdd26f3@gmail.com,TKT-013296,Damaged Item,2
user_25d006b3@gmail.com,TKT-013297,Late Delivery,1
user_369a11c5@gmail.com,TKT-013298,Late Delivery,1
user_bf8b1b6b@gmail.com,TKT-013299,Late Delivery,2
user_9406b09e@gmail.com,TKT-013300,Damaged Item,2
user_8cf3c6e1@gmail.com,TKT-013301,Late Delivery,1
user_01440d8d@gmail.com,TKT-013302,Damaged Item,3
user_231fb63f@gmail.com,TKT-013303,Late Delivery,1
user_8e82a325@gmail.com,TKT-013304,Damaged Item,1
user_ced3a990@gmail.com,TKT-013305,Late Delivery,1
user_57388091@gmail.com,TKT-013306,Damaged Item,5
user_82c0bc25@gmail.com,TKT-013307,Late Delivery,2
user_fc75028f@gmail.com,TKT-013308,Late Delivery,3
user_c81165a6@gmail.com,TKT-013309,Late Delivery,1
user_f92274a1@gmail.com,TKT-013310,Damaged Item,4
user_33ebb8a9@gmail.com,TKT-013311,Damaged Item,5
user_b4c9b126@gmail.com,TKT-013312,Late Delivery,3
user_ce36b982@gmail.com,TKT-013313,Late Delivery,5
user_58fba8b5@gmail.com,TKT-013314,Late Delivery,4
user_1d13b863@gmail.com,TKT-013315,Damaged Item,4
user_4213c83d@gmail.com,TKT-013316,Late Delivery,3
user_ee9075a8@gmail.com,TKT-013317,Late Delivery,2
user_f0b061f3@gmail.com,TKT-013318,Late Delivery,2
user_cd7cfb30@gmail.com,TKT-013319,Damaged Item,1
user_90a8efa6@gmail.com,TKT-013320,Late Delivery,5
user_ba7a268d@gmail.com,TKT-013321,Late Delivery,2
user_a36e6aac@gmail.com,TKT-013322,Late Delivery,4
user_c4532df8@gmail.com,TKT-013323,Late Delivery,5
user_962d2602@gmail.com,TKT-013324,Damaged Item,2
user_571fd0fd@gmail.com,TKT-013325,Late Delivery,1
user_6bcce41d@gmail.com,TKT-013326,Damaged Item,3
user_48fd7dec@gmail.com,TKT-013327,Late Delivery,2
user_b6c76775@gmail.com,TKT-013328,Late Delivery,5
user_a6ccdaa6@gmail.com,TKT-013329,Late Delivery,3
user_b36699e8@gmail.com,TKT-013330,Late Delivery,2
user_bee9909c@gmail.com,TKT-013331,Damaged Item,2
user_79af1bbf@gmail.com,TKT-013332,Damaged Item,3
user_9b85684c@gmail.com,TKT-013333,Late Delivery,2
user_3aa77488@gmail.com,TKT-013334,Late Delivery,5
user_eb4c7dfb@gmail.com,TKT-013335,Damaged Item,5
user_2d655bc1@gmail.com,TKT-013336,Late Delivery,1
user_c0f0c461@gmail.com,TKT-013337,Damaged Item,5
user_38827a4b@gmail.com,TKT-013338,Late Delivery,2
user_f84801ef@gmail.com,TKT-013339,Late Delivery,5
user_a7599764@gmail.com,TKT-013340,Damaged Item,2
user_2fe46c40@gmail.com,TKT-013341,Damaged Item,3
user_e9859891@gmail.com,TKT-013342,Damaged Item,1
user_ca16b60e@gmail.com,TKT-013343,Late Delivery,5
user_3f320e45@gmail.com,TKT-013344,Damaged Item,1
user_794b3c70@gmail.com,TKT-013345,Late Delivery,4
user_d99a94ef@gmail.com,TKT-013346,Late Delivery,2
user_a621c2c0@gmail.com,TKT-013347,Late Delivery,1
user_ca1f033f@gmail.com,TKT-013348,Damaged Item,4
user_7ab9a0ba@gmail.com,TKT-013349,Damaged Item,5
user_4023332a@gmail.com,TKT-013350,Late Delivery,3
user_3f0f963f@gmail.com,TKT-013351,Damaged Item,3
user_0f85d421@gmail.com,TKT-013352,Damaged Item,4
user_a56d7533@gmail.com,TKT-013353,Late Delivery,2
user_4e756b60@gmail.com,TKT-013354,Damaged Item,2
user_ef5a31b0@gmail.com,TKT-013355,Damaged Item,3
user_de9d828c@gmail.com,TKT-013356,Late Delivery,4
user_a9b8982c@gmail.com,TKT-013357,Late Delivery,1
user_68f3c549@gmail.com,TKT-013358,Late Delivery,2
user_6f3e851f@gmail.com,TKT-013359,Damaged Item,4
user_37d072bb@gmail.com,TKT-013360,Damaged Item,4
user_da5d6f1b@gmail.com,TKT-013361,Damaged Item,1
user_5e77878e@gmail.com,TKT-013362,Damaged Item,2
user_239c38c2@gmail.com,TKT-013363,Damaged Item,2
user_07958b7f@gmail.com,TKT-013364,Late Delivery,5
user_472a03ae@gmail.com,TKT-013365,Damaged Item,4
user_4fd3a2b6@gmail.com,TKT-013366,Late Delivery,1
user_2534da0e@gmail.com,TKT-013367,Damaged Item,3
user_3e665886@gmail.com,TKT-013368,Damaged Item,3
user_ae2d8a10@gmail.com,TKT-013369,Damaged Item,3
user_07bd3d18@gmail.com,TKT-013370,Damaged Item,4
user_58b8872a@gmail.com,TKT-013371,Late Delivery,2
user_331261d6@gmail.com,TKT-013372,Late Delivery,3
user_e6f55aa8@gmail.com,TKT-013373,Damaged Item,1
user_04aecdfe@gmail.com,TKT-013374,Damaged Item,5
user_2d4ae260@gmail.com,TKT-013375,Late Delivery,3
user_261e8255@gmail.com,TKT-013376,Damaged Item,4
user_2514de05@gmail.com,TKT-013377,Late Delivery,1
user_8981d055@gmail.com,TKT-013378,Late Delivery,5
user_548c2fe3@gmail.com,TKT-013379,Damaged Item,3
user_eef70e28@gmail.com,TKT-013380,Late Delivery,5
user_81c3d02a@gmail.com,TKT-013381,Late Delivery,3
user_00fd4a62@gmail.com,TKT-013382,Late Delivery,4
user_98aeaefb@gmail.com,TKT-013383,Damaged Item,4
user_fc27b2de@gmail.com,TKT-013384,Late Delivery,2
user_b55ced23@gmail.com,TKT-013385,Damaged Item,1
user_a657b542@gmail.com,TKT-013386,Damaged Item,5
user_55442d45@gmail.com,TKT-013387,Late Delivery,1
user_82688481@gmail.com,TKT-013388,Damaged Item,3
user_b3af6f6f@gmail.com,TKT-013389,Damaged Item,5
user_64b2459c@gmail.com,TKT-013390,Damaged Item,5
user_acab73a1@gmail.com,TKT-013391,Late Delivery,4
user_9b1ded78@gmail.com,TKT-013392,Late Delivery,2
user_5f643217@gmail.com,TKT-013393,Damaged Item,1
user_cb2d0fee@gmail.com,TKT-013394,Damaged Item,4
user_08e37284@gmail.com,TKT-013395,Damaged Item,5
user_dac15dbe@gmail.com,TKT-013396,Damaged Item,2
user_2b5b9e6b@gmail.com,TKT-013397,Late Delivery,1
user_f8878ca9@gmail.com,TKT-013398,Late Delivery,5
user_15e918e7@gmail.com,TKT-013399,Late Delivery,1
user_693343db@gmail.com,TKT-013400,Damaged Item,5
user_c78b90dd@gmail.com,TKT-013401,Late Delivery,1
user_4ab8840b@gmail.com,TKT-013402,Late Delivery,4
user_3f2e9cee@gmail.com,TKT-013403,Damaged Item,2
user_7d162a09@gmail.com,TKT-013404,Late Delivery,5
user_b822cd7e@gmail.com,TKT-013405,Late Delivery,5
user_2dd5d907@gmail.com,TKT-013406,Late Delivery,3
user_6093a4a6@gmail.com,TKT-013407,Damaged Item,2
user_d1b3ff87@gmail.com,TKT-013408,Damaged Item,1
user_ebd383b2@gmail.com,TKT-013409,Late Delivery,4
user_e72953f6@gmail.com,TKT-013410,Late Delivery,1
user_f1b56b1a@gmail.com,TKT-013411,Damaged Item,3
user_1a58ae3b@gmail.com,TKT-013412,Late Delivery,2
user_b6ddd2e1@gmail.com,TKT-013413,Damaged Item,2
user_3c6157c7@gmail.com,TKT-013414,Late Delivery,2
user_b59c009c@gmail.com,TKT-013415,Late Delivery,3
user_090e173c@gmail.com,TKT-013416,Damaged Item,4
user_0636d30c@gmail.com,TKT-013417,Damaged Item,5
user_3c4d7fdb@gmail.com,TKT-013418,Damaged Item,1
user_a99ba58d@gmail.com,TKT-013419,Late Delivery,3
user_9502e121@gmail.com,TKT-013420,Late Delivery,3
user_a706a810@gmail.com,TKT-013421,Late Delivery,1
user_d385d86f@gmail.com,TKT-013422,Late Delivery,4
user_55a55b65@gmail.com,TKT-013423,Damaged Item,5
user_680f14d7@gmail.com,TKT-013424,Late Delivery,4
user_b6357731@gmail.com,TKT-013425,Late Delivery,2
user_bd046849@gmail.com,TKT-013426,Damaged Item,2
user_8a220632@gmail.com,TKT-013427,Late Delivery,1
user_523730e4@gmail.com,TKT-013428,Damaged Item,3
user_d7f535c3@gmail.com,TKT-013429,Late Delivery,3
user_2f2b167c@gmail.com,TKT-013430,Damaged Item,2
user_241b2982@gmail.com,TKT-013431,Damaged Item,1
user_c59222b1@gmail.com,TKT-013432,Damaged Item,3
user_c2c0608c@gmail.com,TKT-013433,Late Delivery,1
user_878f5506@gmail.com,TKT-013434,Damaged Item,3
user_9d8df744@gmail.com,TKT-013435,Late Delivery,3
user_5786ba87@gmail.com,TKT-013436,Late Delivery,3
user_fbf209b3@gmail.com,TKT-013437,Late Delivery,1
user_687d9299@gmail.com,TKT-013438,Late Delivery,4
user_368e9869@gmail.com,TKT-013439,Late Delivery,3
user_ad7c7b01@gmail.com,TKT-013440,Damaged Item,5
user_ff3c7cdd@gmail.com,TKT-013441,Late Delivery,1
user_36dc1ff7@gmail.com,TKT-013442,Damaged Item,2
user_3e627ef3@gmail.com,TKT-013443,Damaged Item,4
user_93f31725@gmail.com,TKT-013444,Late Delivery,3
user_09ec14d4@gmail.com,TKT-013445,Damaged Item,1
user_474dc551@gmail.com,TKT-013446,Late Delivery,2
user_9e839634@gmail.com,TKT-013447,Damaged Item,1
user_36cd1438@gmail.com,TKT-013448,Damaged Item,3
user_d4b96caf@gmail.com,TKT-013449,Late Delivery,4
user_8868b962@gmail.com,TKT-013450,Damaged Item,1
user_959f91ac@gmail.com,TKT-013451,Late Delivery,1
user_66ef0f6d@gmail.com,TKT-013452,Late Delivery,4
user_a5b42694@gmail.com,TKT-013453,Late Delivery,4
user_ee0536b9@gmail.com,TKT-013454,Damaged Item,1
user_109e7a34@gmail.com,TKT-013455,Late Delivery,2
user_03dd3244@gmail.com,TKT-013456,Late Delivery,1
user_41c64496@gmail.com,TKT-013457,Damaged Item,4
user_45789f1b@gmail.com,TKT-013458,Late Delivery,4
user_0f862748@gmail.com,TKT-013459,Damaged Item,1
user_302754b2@gmail.com,TKT-013460,Late Delivery,4
user_693c7d67@gmail.com,TKT-013461,Damaged Item,3
user_8e4bcade@gmail.com,TKT-013462,Damaged Item,1
user_d9d33d7a@gmail.com,TKT-013463,Late Delivery,5
user_035d5664@gmail.com,TKT-013464,Damaged Item,2
user_b6fa5547@gmail.com,TKT-013465,Damaged Item,2
user_6781482e@gmail.com,TKT-013466,Damaged Item,4
user_bd696e11@gmail.com,TKT-013467,Damaged Item,5
user_61172f1f@gmail.com,TKT-013468,Damaged Item,3
user_9b07fe36@gmail.com,TKT-013469,Late Delivery,4
user_b533f9ea@gmail.com,TKT-013470,Late Delivery,3
user_b79bded2@gmail.com,TKT-013471,Damaged Item,1
user_07d4d99c@gmail.com,TKT-013472,Late Delivery,5
user_7a6e597c@gmail.com,TKT-013473,Late Delivery,4
user_ce3a0f7f@gmail.com,TKT-013474,Damaged Item,1
user_a53e2daf@gmail.com,TKT-013475,Damaged Item,5
user_8ce274e2@gmail.com,TKT-013476,Late Delivery,1
user_0a510d78@gmail.com,TKT-013477,Late Delivery,5
user_70c7b03f@gmail.com,TKT-013478,Late Delivery,1
user_6f3ac928@gmail.com,TKT-013479,Damaged Item,4
user_99f61b9e@gmail.com,TKT-013480,Damaged Item,1
user_a3f3cf61@gmail.com,TKT-013481,Damaged Item,1
user_8611e516@gmail.com,TKT-013482,Late Delivery,1
user_20ef01dd@gmail.com,TKT-013483,Damaged Item,2
user_2351e74f@gmail.com,TKT-013484,Damaged Item,4
user_e1f75871@gmail.com,TKT-013485,Late Delivery,4
user_897201fd@gmail.com,TKT-013486,Late Delivery,4
user_66a3c167@gmail.com,TKT-013487,Damaged Item,4
user_3248d94d@gmail.com,TKT-013488,Late Delivery,1
user_11be24c6@gmail.com,TKT-013489,Late Delivery,2
user_b818a223@gmail.com,TKT-013490,Late Delivery,1
user_991b34b2@gmail.com,TKT-013491,Late Delivery,4
user_672a85aa@gmail.com,TKT-013492,Late Delivery,5
user_1d7c9132@gmail.com,TKT-013493,Damaged Item,1
user_741529ab@gmail.com,TKT-013494,Late Delivery,1
user_a6b0fe83@gmail.com,TKT-013495,Damaged Item,3
user_d7855a88@gmail.com,TKT-013496,Damaged Item,4
user_208ff27c@gmail.com,TKT-013497,Damaged Item,4
user_065102c8@gmail.com,TKT-013498,Late Delivery,2
user_0347fa27@gmail.com,TKT-013499,Late Delivery,4
user_b80e7c4f@gmail.com,TKT-013500,Late Delivery,2
user_0e627c64@gmail.com,TKT-013501,Damaged Item,4
user_eacf958e@gmail.com,TKT-013502,Damaged Item,2
user_4b7b6e49@gmail.com,TKT-013503,Damaged Item,3
user_af80cd98@gmail.com,TKT-013504,Damaged Item,5
user_92118110@gmail.com,TKT-013505,Late Delivery,5
user_e0e5bfb3@gmail.com,TKT-013506,Late Delivery,3
user_33d548bd@gmail.com,TKT-013507,Late Delivery,5
user_1b0cc6f6@gmail.com,TKT-013508,Late Delivery,3
user_d1712e29@gmail.com,TKT-013509,Damaged Item,4
user_f4f3461e@gmail.com,TKT-013510,Late Delivery,2
user_8836d142@gmail.com,TKT-013511,Damaged Item,5
user_5914429b@gmail.com,TKT-013512,Late Delivery,1
user_e23a255c@gmail.com,TKT-013513,Late Delivery,3
user_571b56c7@gmail.com,TKT-013514,Late Delivery,2
user_a05e4035@gmail.com,TKT-013515,Damaged Item,1
user_a52d4d2f@gmail.com,TKT-013516,Damaged Item,3
user_b1c9793b@gmail.com,TKT-013517,Damaged Item,5
user_f9d3fcf0@gmail.com,TKT-013518,Late Delivery,5
user_5f804d66@gmail.com,TKT-013519,Late Delivery,3
user_f9d4024c@gmail.com,TKT-013520,Damaged Item,1
user_df79caee@gmail.com,TKT-013521,Late Delivery,1
user_8db23ea8@gmail.com,TKT-013522,Damaged Item,3
user_c7687d27@gmail.com,TKT-013523,Late Delivery,2
user_8091550a@gmail.com,TKT-013524,Damaged Item,3
user_7f11d8cb@gmail.com,TKT-013525,Damaged Item,1
user_27750a2a@gmail.com,TKT-013526,Damaged Item,2
user_0dc6af7f@gmail.com,TKT-013527,Damaged Item,2
user_19f8f989@gmail.com,TKT-013528,Damaged Item,4
user_4703af83@gmail.com,TKT-013529,Late Delivery,5
user_7462256a@gmail.com,TKT-013530,Late Delivery,4
user_ad8e9869@gmail.com,TKT-013531,Damaged Item,2
user_be7e0456@gmail.com,TKT-013532,Damaged Item,2
user_0e1a55bb@gmail.com,TKT-013533,Damaged Item,5
user_503bae71@gmail.com,TKT-013534,Damaged Item,4
user_47bcc63f@gmail.com,TKT-013535,Late Delivery,1
user_c1ed3acc@gmail.com,TKT-013536,Late Delivery,3
user_87ce5e73@gmail.com,TKT-013537,Late Delivery,4
user_66fbda5c@gmail.com,TKT-013538,Late Delivery,2
user_416eb700@gmail.com,TKT-013539,Damaged Item,5
user_57a00f21@gmail.com,TKT-013540,Late Delivery,3
user_86455ab5@gmail.com,TKT-013541,Late Delivery,4
user_a42999dd@gmail.com,TKT-013542,Late Delivery,2
user_cd71c345@gmail.com,TKT-013543,Late Delivery,1
user_305b4a13@gmail.com,TKT-013544,Late Delivery,4
user_4badd97d@gmail.com,TKT-013545,Late Delivery,1
user_60a8f07a@gmail.com,TKT-013546,Late Delivery,5
user_3d7fe6a6@gmail.com,TKT-013547,Damaged Item,4
user_077294e9@gmail.com,TKT-013548,Damaged Item,4
user_0a9854e7@gmail.com,TKT-013549,Late Delivery,1
user_e56182b3@gmail.com,TKT-013550,Damaged Item,2
user_4bac3593@gmail.com,TKT-013551,Damaged Item,1
user_ba0d2a82@gmail.com,TKT-013552,Damaged Item,1
user_7783e58b@gmail.com,TKT-013553,Late Delivery,4
user_f3a00ef0@gmail.com,TKT-013554,Late Delivery,5
user_964c3e09@gmail.com,TKT-013555,Damaged Item,5
user_2f472888@gmail.com,TKT-013556,Late Delivery,4
user_3961601c@gmail.com,TKT-013557,Damaged Item,1
user_bcdd148e@gmail.com,TKT-013558,Late Delivery,4
user_50aca4b5@gmail.com,TKT-013559,Damaged Item,3
user_197df65a@gmail.com,TKT-013560,Late Delivery,3
user_c4bcf5ed@gmail.com,TKT-013561,Late Delivery,4
user_648a5085@gmail.com,TKT-013562,Late Delivery,4
user_faaa6c0b@gmail.com,TKT-013563,Late Delivery,5
user_0d9f520d@gmail.com,TKT-013564,Damaged Item,3
user_257a0a89@gmail.com,TKT-013565,Damaged Item,5
user_10e7dded@gmail.com,TKT-013566,Late Delivery,3
user_0b45aca0@gmail.com,TKT-013567,Late Delivery,3
user_8a1d6a1e@gmail.com,TKT-013568,Damaged Item,2
user_c93c37c8@gmail.com,TKT-013569,Late Delivery,3
user_a50062ee@gmail.com,TKT-013570,Late Delivery,4
user_ed5f2cdb@gmail.com,TKT-013571,Damaged Item,1
user_7a7c40d5@gmail.com,TKT-013572,Damaged Item,5
user_85b3ae9d@gmail.com,TKT-013573,Late Delivery,2
user_a3b24904@gmail.com,TKT-013574,Damaged Item,3
user_c5f0ff39@gmail.com,TKT-013575,Damaged Item,3
user_5aa242b4@gmail.com,TKT-013576,Damaged Item,5
user_b5e44624@gmail.com,TKT-013577,Damaged Item,1
user_096e392e@gmail.com,TKT-013578,Damaged Item,5
user_5cc35d90@gmail.com,TKT-013579,Late Delivery,3
user_0098853a@gmail.com,TKT-013580,Late Delivery,1
user_ec980e08@gmail.com,TKT-013581,Damaged Item,5
user_79f025a1@gmail.com,TKT-013582,Damaged Item,2
user_3b08978b@gmail.com,TKT-013583,Damaged Item,5
user_015ba10e@gmail.com,TKT-013584,Damaged Item,4
user_c8c9de3d@gmail.com,TKT-013585,Damaged Item,4
user_4118b91e@gmail.com,TKT-013586,Late Delivery,3
user_5c97a78a@gmail.com,TKT-013587,Damaged Item,5
user_6f25b6a8@gmail.com,TKT-013588,Late Delivery,1
user_c882c0a7@gmail.com,TKT-013589,Damaged Item,2
user_6692c140@gmail.com,TKT-013590,Damaged Item,3
user_5b8e2b15@gmail.com,TKT-013591,Late Delivery,3
user_b32c5b76@gmail.com,TKT-013592,Damaged Item,3
user_d44af08e@gmail.com,TKT-013593,Damaged Item,4
user_87315ceb@gmail.com,TKT-013594,Damaged Item,3
user_54105fa3@gmail.com,TKT-013595,Damaged Item,1
user_2ae5edfa@gmail.com,TKT-013596,Damaged Item,1
user_7465b598@gmail.com,TKT-013597,Damaged Item,3
user_7aea85f9@gmail.com,TKT-013598,Damaged Item,1
user_2f30a830@gmail.com,TKT-013599,Damaged Item,3
user_1431b66e@gmail.com,TKT-013600,Damaged Item,3
user_80455d82@gmail.com,TKT-013601,Damaged Item,2
user_d468fd7b@gmail.com,TKT-013602,Damaged Item,1
user_a8ad13fa@gmail.com,TKT-013603,Late Delivery,5
user_35959524@gmail.com,TKT-013604,Late Delivery,2
user_1c055b49@gmail.com,TKT-013605,Late Delivery,1
user_72d56caf@gmail.com,TKT-013606,Damaged Item,2
user_cff66352@gmail.com,TKT-013607,Damaged Item,3
user_b27e0969@gmail.com,TKT-013608,Late Delivery,4
user_49367bf5@gmail.com,TKT-013609,Damaged Item,2
user_93ae88cf@gmail.com,TKT-013610,Damaged Item,1
user_55eaa587@gmail.com,TKT-013611,Late Delivery,2
user_f1b1f966@gmail.com,TKT-013612,Damaged Item,4
user_b942b04d@gmail.com,TKT-013613,Damaged Item,3
user_932afa1e@gmail.com,TKT-013614,Damaged Item,4
user_f74edccf@gmail.com,TKT-013615,Late Delivery,4
user_00a218ea@gmail.com,TKT-013616,Late Delivery,3
user_d35579e8@gmail.com,TKT-013617,Late Delivery,3
user_f98b5b5d@gmail.com,TKT-013618,Damaged Item,2
user_a19618a3@gmail.com,TKT-013619,Late Delivery,2
user_69773615@gmail.com,TKT-013620,Late Delivery,3
user_de4935d8@gmail.com,TKT-013621,Late Delivery,1
user_436bdea7@gmail.com,TKT-013622,Damaged Item,1
user_0a0f9036@gmail.com,TKT-013623,Damaged Item,4
user_6113be01@gmail.com,TKT-013624,Late Delivery,2
user_12611e50@gmail.com,TKT-013625,Damaged Item,3
user_5d9a8a6c@gmail.com,TKT-013626,Damaged Item,2
user_560fc03b@gmail.com,TKT-013627,Damaged Item,5
user_d5a09a02@gmail.com,TKT-013628,Damaged Item,5
user_7637489f@gmail.com,TKT-013629,Late Delivery,3
user_ea484338@gmail.com,TKT-013630,Damaged Item,3
user_4716de56@gmail.com,TKT-013631,Damaged Item,3
user_eba4578c@gmail.com,TKT-013632,Damaged Item,3
user_39f31c1a@gmail.com,TKT-013633,Damaged Item,5
user_8f2a016d@gmail.com,TKT-013634,Late Delivery,5
user_e6c4ff8a@gmail.com,TKT-013635,Late Delivery,2
user_47d2b80b@gmail.com,TKT-013636,Damaged Item,4
user_58ee1060@gmail.com,TKT-013637,Late Delivery,5
user_ab36c217@gmail.com,TKT-013638,Late Delivery,5
user_f07019a1@gmail.com,TKT-013639,Damaged Item,5
user_3a4da0e9@gmail.com,TKT-013640,Late Delivery,1
user_841de7f6@gmail.com,TKT-013641,Late Delivery,2
user_126e1754@gmail.com,TKT-013642,Damaged Item,5
user_4c84957a@gmail.com,TKT-013643,Damaged Item,5
user_cff26106@gmail.com,TKT-013644,Damaged Item,2
user_5ec1fb91@gmail.com,TKT-013645,Late Delivery,2
user_bafc5f19@gmail.com,TKT-013646,Late Delivery,2
user_b1b8ee41@gmail.com,TKT-013647,Damaged Item,2
user_ac3d0170@gmail.com,TKT-013648,Late Delivery,3
user_17d985e9@gmail.com,TKT-013649,Late Delivery,2
user_944fa7af@gmail.com,TKT-013650,Damaged Item,3
user_4926c684@gmail.com,TKT-013651,Damaged Item,2
user_717f1dc5@gmail.com,TKT-013652,Damaged Item,2
user_afedc37b@gmail.com,TKT-013653,Damaged Item,1
user_0e41533d@gmail.com,TKT-013654,Damaged Item,3
user_5ab8765a@gmail.com,TKT-013655,Late Delivery,1
user_4a5f7507@gmail.com,TKT-013656,Damaged Item,3
user_1dba64c5@gmail.com,TKT-013657,Late Delivery,5
user_3a5c6764@gmail.com,TKT-013658,Damaged Item,5
user_6fa9a7cc@gmail.com,TKT-013659,Late Delivery,2
user_2fd9aad8@gmail.com,TKT-013660,Late Delivery,1
user_a243dc51@gmail.com,TKT-013661,Damaged Item,5
user_185f17e2@gmail.com,TKT-013662,Damaged Item,5
user_4c7b5071@gmail.com,TKT-013663,Late Delivery,2
user_f649dbf0@gmail.com,TKT-013664,Late Delivery,4
user_a423a442@gmail.com,TKT-013665,Damaged Item,1
user_75462999@gmail.com,TKT-013666,Late Delivery,1
user_97af3062@gmail.com,TKT-013667,Damaged Item,1
user_c3dd9b2d@gmail.com,TKT-013668,Damaged Item,1
user_30ddfb93@gmail.com,TKT-013669,Damaged Item,1
user_3ebb2a0f@gmail.com,TKT-013670,Late Delivery,1
user_a3d62db2@gmail.com,TKT-013671,Late Delivery,2
user_8460bf49@gmail.com,TKT-013672,Late Delivery,4
user_ec5237e6@gmail.com,TKT-013673,Late Delivery,4
user_a2d7f342@gmail.com,TKT-013674,Late Delivery,2
user_398a0d73@gmail.com,TKT-013675,Late Delivery,3
user_5cae4d2e@gmail.com,TKT-013676,Damaged Item,1
user_69f7e342@gmail.com,TKT-013677,Damaged Item,2
user_b92f5d19@gmail.com,TKT-013678,Damaged Item,3
user_211ebb34@gmail.com,TKT-013679,Late Delivery,1
user_8f030ee4@gmail.com,TKT-013680,Damaged Item,3
user_dc36c19e@gmail.com,TKT-013681,Damaged Item,2
user_eabe386c@gmail.com,TKT-013682,Late Delivery,1
user_f6ce5612@gmail.com,TKT-013683,Late Delivery,2
user_9498c849@gmail.com,TKT-013684,Late Delivery,1
user_2e44d903@gmail.com,TKT-013685,Damaged Item,2
user_9982778e@gmail.com,TKT-013686,Late Delivery,5
user_160469fb@gmail.com,TKT-013687,Damaged Item,1
user_969dd25b@gmail.com,TKT-013688,Damaged Item,2
user_1cc48564@gmail.com,TKT-013689,Late Delivery,1
user_69414ec3@gmail.com,TKT-013690,Late Delivery,2
user_9bffa0e4@gmail.com,TKT-013691,Damaged Item,3
user_a9a852a3@gmail.com,TKT-013692,Late Delivery,5
user_4cd1a7f6@gmail.com,TKT-013693,Damaged Item,4
user_805363c3@gmail.com,TKT-013694,Late Delivery,3
user_96eb7dd5@gmail.com,TKT-013695,Damaged Item,5
user_3442337a@gmail.com,TKT-013696,Damaged Item,2
user_82c3bf2f@gmail.com,TKT-013697,Damaged Item,1
user_c83903be@gmail.com,TKT-013698,Late Delivery,1
user_4e11a713@gmail.com,TKT-013699,Late Delivery,1
user_8f90c831@gmail.com,TKT-013700,Damaged Item,4
user_0cca3951@gmail.com,TKT-013701,Damaged Item,2
user_a9216bc4@gmail.com,TKT-013702,Late Delivery,2
user_ba064803@gmail.com,TKT-013703,Late Delivery,5
user_1e8f48ab@gmail.com,TKT-013704,Late Delivery,2
user_8359909e@gmail.com,TKT-013705,Late Delivery,3
user_7b70964e@gmail.com,TKT-013706,Late Delivery,5
user_903fccb1@gmail.com,TKT-013707,Late Delivery,4
user_ac4bd679@gmail.com,TKT-013708,Late Delivery,2
user_58ff5484@gmail.com,TKT-013709,Late Delivery,5
user_2000fd41@gmail.com,TKT-013710,Late Delivery,2
user_82d0f187@gmail.com,TKT-013711,Damaged Item,2
user_8c35a225@gmail.com,TKT-013712,Late Delivery,1
user_0010fb34@gmail.com,TKT-013713,Damaged Item,2
user_93711751@gmail.com,TKT-013714,Late Delivery,5
user_15b7e024@gmail.com,TKT-013715,Damaged Item,2
user_b8589027@gmail.com,TKT-013716,Damaged Item,5
user_44f80f94@gmail.com,TKT-013717,Damaged Item,4
user_8a818496@gmail.com,TKT-013718,Late Delivery,1
user_30e2cb2f@gmail.com,TKT-013719,Late Delivery,1
user_a1f13fd5@gmail.com,TKT-013720,Late Delivery,1
user_374ad33a@gmail.com,TKT-013721,Damaged Item,3
user_30fac3a7@gmail.com,TKT-013722,Late Delivery,2
user_ee081c6f@gmail.com,TKT-013723,Damaged Item,3
user_c7e7c929@gmail.com,TKT-013724,Damaged Item,1
user_cec7cf22@gmail.com,TKT-013725,Damaged Item,1
user_dd1640a5@gmail.com,TKT-013726,Damaged Item,4
user_f1ad9d52@gmail.com,TKT-013727,Damaged Item,5
user_7d70da50@gmail.com,TKT-013728,Damaged Item,2
user_6d5dfbd4@gmail.com,TKT-013729,Damaged Item,4
user_47af326d@gmail.com,TKT-013730,Late Delivery,1
user_aa124de4@gmail.com,TKT-013731,Damaged Item,4
user_71d5e9bc@gmail.com,TKT-013732,Damaged Item,1
user_0e1fa5cd@gmail.com,TKT-013733,Late Delivery,2
user_7dae1baa@gmail.com,TKT-013734,Damaged Item,5
user_ae3b415f@gmail.com,TKT-013735,Damaged Item,4
user_40b3dc9f@gmail.com,TKT-013736,Damaged Item,1
user_8abb6a57@gmail.com,TKT-013737,Damaged Item,4
user_8c9ca7a5@gmail.com,TKT-013738,Late Delivery,4
user_7ba3c99c@gmail.com,TKT-013739,Late Delivery,5
user_6f9fe132@gmail.com,TKT-013740,Late Delivery,1
user_dc08eb51@gmail.com,TKT-013741,Damaged Item,4
user_3ce11e56@gmail.com,TKT-013742,Late Delivery,4
user_15db2039@gmail.com,TKT-013743,Damaged Item,2
user_08371b8f@gmail.com,TKT-013744,Damaged Item,4
user_dbbe734f@gmail.com,TKT-013745,Damaged Item,5
user_e8b17068@gmail.com,TKT-013746,Damaged Item,3
user_45a484ff@gmail.com,TKT-013747,Late Delivery,3
user_3c96c4f4@gmail.com,TKT-013748,Late Delivery,3
user_e5b9ad45@gmail.com,TKT-013749,Damaged Item,4
user_c09049ee@gmail.com,TKT-013750,Late Delivery,4
user_4351ecd4@gmail.com,TKT-013751,Damaged Item,1
user_1028ab5a@gmail.com,TKT-013752,Late Delivery,2
user_7a2dccc8@gmail.com,TKT-013753,Late Delivery,5
user_acbb1fa8@gmail.com,TKT-013754,Damaged Item,5
user_c192180b@gmail.com,TKT-013755,Late Delivery,4
user_553e08d1@gmail.com,TKT-013756,Damaged Item,4
user_863586d6@gmail.com,TKT-013757,Damaged Item,1
user_eed29848@gmail.com,TKT-013758,Damaged Item,2
user_273a1f5b@gmail.com,TKT-013759,Damaged Item,5
user_af365457@gmail.com,TKT-013760,Damaged Item,2
user_ab67636a@gmail.com,TKT-013761,Damaged Item,1
user_aa122834@gmail.com,TKT-013762,Late Delivery,2
user_bd73d484@gmail.com,TKT-013763,Damaged Item,4
user_f1cf81d9@gmail.com,TKT-013764,Late Delivery,5
user_f0ccc558@gmail.com,TKT-013765,Late Delivery,3
user_5ebd2c3c@gmail.com,TKT-013766,Damaged Item,5
user_a7738710@gmail.com,TKT-013767,Damaged Item,1
user_8a765fef@gmail.com,TKT-013768,Damaged Item,1
user_fec3e4a7@gmail.com,TKT-013769,Damaged Item,3
user_9ddf3b3f@gmail.com,TKT-013770,Late Delivery,1
user_a7638fe2@gmail.com,TKT-013771,Late Delivery,4
user_337a05aa@gmail.com,TKT-013772,Late Delivery,2
user_9b89c6a9@gmail.com,TKT-013773,Damaged Item,4
user_447cb10f@gmail.com,TKT-013774,Damaged Item,3
user_617f211e@gmail.com,TKT-013775,Late Delivery,2
user_c375bfda@gmail.com,TKT-013776,Late Delivery,5
user_9c9edf19@gmail.com,TKT-013777,Late Delivery,3
user_a2284b35@gmail.com,TKT-013778,Late Delivery,3
user_a7833d72@gmail.com,TKT-013779,Late Delivery,1
user_699ffe78@gmail.com,TKT-013780,Damaged Item,1
user_c6c431ac@gmail.com,TKT-013781,Damaged Item,2
user_65ff6547@gmail.com,TKT-013782,Damaged Item,3
user_c553acdc@gmail.com,TKT-013783,Late Delivery,3
user_87b17699@gmail.com,TKT-013784,Late Delivery,2
user_e65e882d@gmail.com,TKT-013785,Late Delivery,1
user_c398a258@gmail.com,TKT-013786,Late Delivery,4
user_db062747@gmail.com,TKT-013787,Late Delivery,2
user_dbaa4e5c@gmail.com,TKT-013788,Late Delivery,2
user_91ed74cc@gmail.com,TKT-013789,Damaged Item,2
user_64f8a480@gmail.com,TKT-013790,Damaged Item,3
user_ed4293ec@gmail.com,TKT-013791,Damaged Item,3
user_181943d6@gmail.com,TKT-013792,Late Delivery,2
user_4cee717f@gmail.com,TKT-013793,Damaged Item,3
user_35e511c2@gmail.com,TKT-013794,Damaged Item,3
user_71701a9e@gmail.com,TKT-013795,Damaged Item,3
user_a42a5334@gmail.com,TKT-013796,Damaged Item,1
user_c6f8a097@gmail.com,TKT-013797,Damaged Item,3
user_77b4495e@gmail.com,TKT-013798,Damaged Item,4
user_46c03449@gmail.com,TKT-013799,Late Delivery,2
user_70de18a4@gmail.com,TKT-013800,Late Delivery,2
user_81f81319@gmail.com,TKT-013801,Late Delivery,3
user_da22295d@gmail.com,TKT-013802,Late Delivery,2
user_fa7ff48e@gmail.com,TKT-013803,Damaged Item,3
user_feee61b9@gmail.com,TKT-013804,Late Delivery,4
user_31afa346@gmail.com,TKT-013805,Damaged Item,3
user_c87e8830@gmail.com,TKT-013806,Damaged Item,3
user_70398455@gmail.com,TKT-013807,Damaged Item,4
user_0b5c81b5@gmail.com,TKT-013808,Damaged Item,5
user_768572c0@gmail.com,TKT-013809,Damaged Item,1
user_bfbf6b10@gmail.com,TKT-013810,Late Delivery,2
user_b9e2b59b@gmail.com,TKT-013811,Damaged Item,3
user_383a1935@gmail.com,TKT-013812,Damaged Item,2
user_3a39a225@gmail.com,TKT-013813,Late Delivery,4
user_5e30ac16@gmail.com,TKT-013814,Damaged Item,3
user_f7c20fc3@gmail.com,TKT-013815,Late Delivery,3
user_ea9dbe67@gmail.com,TKT-013816,Damaged Item,2
user_6b9066d6@gmail.com,TKT-013817,Late Delivery,5
user_f5d7c4a3@gmail.com,TKT-013818,Damaged Item,5
user_1c92abb5@gmail.com,TKT-013819,Damaged Item,2
user_abf3b74b@gmail.com,TKT-013820,Damaged Item,3
user_f3fa438d@gmail.com,TKT-013821,Late Delivery,2
user_2317da82@gmail.com,TKT-013822,Late Delivery,2
user_ba2c1895@gmail.com,TKT-013823,Late Delivery,3
user_c7a2cdaf@gmail.com,TKT-013824,Damaged Item,2
user_6aff90e0@gmail.com,TKT-013825,Damaged Item,2
user_8ce14668@gmail.com,TKT-013826,Damaged Item,1
user_ddcd40e9@gmail.com,TKT-013827,Late Delivery,5
user_d7827cab@gmail.com,TKT-013828,Damaged Item,3
user_12c70c05@gmail.com,TKT-013829,Damaged Item,2
user_e1ad1fd9@gmail.com,TKT-013830,Damaged Item,2
user_56130a3a@gmail.com,TKT-013831,Late Delivery,5
user_1fe0c3bc@gmail.com,TKT-013832,Damaged Item,3
user_73de59bf@gmail.com,TKT-013833,Late Delivery,1
user_fe680d29@gmail.com,TKT-013834,Late Delivery,3
user_6287730d@gmail.com,TKT-013835,Late Delivery,4
user_61dbce57@gmail.com,TKT-013836,Late Delivery,4
user_ad06c817@gmail.com,TKT-013837,Damaged Item,1
user_9996775e@gmail.com,TKT-013838,Damaged Item,3
user_69446a8d@gmail.com,TKT-013839,Damaged Item,3
user_0d7870ad@gmail.com,TKT-013840,Late Delivery,2
user_3002a57f@gmail.com,TKT-013841,Damaged Item,1
user_1131d0d5@gmail.com,TKT-013842,Late Delivery,2
user_45c673c2@gmail.com,TKT-013843,Damaged Item,4
user_afc55f66@gmail.com,TKT-013844,Damaged Item,4
user_09583d4f@gmail.com,TKT-013845,Damaged Item,4
user_6182f723@gmail.com,TKT-013846,Damaged Item,1
user_eb041bbd@gmail.com,TKT-013847,Damaged Item,3
user_4d44daa2@gmail.com,TKT-013848,Damaged Item,5
user_8a64013c@gmail.com,TKT-013849,Late Delivery,4
user_4df73f98@gmail.com,TKT-013850,Late Delivery,2
user_d37a3d53@gmail.com,TKT-013851,Late Delivery,2
user_127f0ff2@gmail.com,TKT-013852,Late Delivery,1
user_7878d477@gmail.com,TKT-013853,Damaged Item,3
user_b06f1c6b@gmail.com,TKT-013854,Late Delivery,3
user_3d0fec93@gmail.com,TKT-013855,Late Delivery,2
user_4acd6dfc@gmail.com,TKT-013856,Damaged Item,3
user_533bb817@gmail.com,TKT-013857,Damaged Item,1
user_0a8c1dca@gmail.com,TKT-013858,Late Delivery,3
user_62b690c7@gmail.com,TKT-013859,Damaged Item,3
user_a65230a5@gmail.com,TKT-013860,Damaged Item,1
user_f49078ec@gmail.com,TKT-013861,Late Delivery,3
user_3c2fb426@gmail.com,TKT-013862,Damaged Item,2
user_421f6234@gmail.com,TKT-013863,Damaged Item,1
user_a62e0d6d@gmail.com,TKT-013864,Damaged Item,2
user_246fe786@gmail.com,TKT-013865,Damaged Item,1
user_23021146@gmail.com,TKT-013866,Late Delivery,4
user_fb8b8038@gmail.com,TKT-013867,Late Delivery,4
user_b10016d1@gmail.com,TKT-013868,Damaged Item,1
user_85c16cc0@gmail.com,TKT-013869,Damaged Item,1
user_f0dcfe8e@gmail.com,TKT-013870,Damaged Item,5
user_d8ac1d62@gmail.com,TKT-013871,Late Delivery,2
user_4fb9c6a6@gmail.com,TKT-013872,Damaged Item,1
user_ac5b4c28@gmail.com,TKT-013873,Damaged Item,3
user_8e41ce0c@gmail.com,TKT-013874,Late Delivery,2
user_0a91529e@gmail.com,TKT-013875,Late Delivery,2
user_c80e2416@gmail.com,TKT-013876,Late Delivery,4
user_70385f27@gmail.com,TKT-013877,Damaged Item,1
user_eebbddaf@gmail.com,TKT-013878,Damaged Item,4
user_ad483ec6@gmail.com,TKT-013879,Damaged Item,2
user_b24a6637@gmail.com,TKT-013880,Damaged Item,3
user_6aac31a8@gmail.com,TKT-013881,Late Delivery,4
user_459759c0@gmail.com,TKT-013882,Damaged Item,1
user_acdc028a@gmail.com,TKT-013883,Late Delivery,1
user_19fb9d4c@gmail.com,TKT-013884,Damaged Item,2
user_d2f60a44@gmail.com,TKT-013885,Late Delivery,5
user_9c626519@gmail.com,TKT-013886,Damaged Item,2
user_6bbfd8e9@gmail.com,TKT-013887,Damaged Item,3
user_5f1602fa@gmail.com,TKT-013888,Late Delivery,3
user_c73b4559@gmail.com,TKT-013889,Damaged Item,5
user_0d6fc655@gmail.com,TKT-013890,Late Delivery,1
user_7965830b@gmail.com,TKT-013891,Damaged Item,3
user_17c08596@gmail.com,TKT-013892,Damaged Item,4
user_67f93a2c@gmail.com,TKT-013893,Damaged Item,5
user_0fdfbef2@gmail.com,TKT-013894,Late Delivery,1
user_58de4d62@gmail.com,TKT-013895,Late Delivery,1
user_375f4e60@gmail.com,TKT-013896,Damaged Item,2
user_00705dcb@gmail.com,TKT-013897,Damaged Item,4
user_a41f2e9a@gmail.com,TKT-013898,Late Delivery,2
user_2d632b5e@gmail.com,TKT-013899,Late Delivery,1
user_8c19654e@gmail.com,TKT-013900,Late Delivery,5
user_f5b37fd5@gmail.com,TKT-013901,Damaged Item,5
user_996f0b26@gmail.com,TKT-013902,Damaged Item,3
user_eb307efe@gmail.com,TKT-013903,Late Delivery,5
user_ddb9c76a@gmail.com,TKT-013904,Late Delivery,2
user_8e2360ce@gmail.com,TKT-013905,Late Delivery,2
user_c91276cc@gmail.com,TKT-013906,Late Delivery,5
user_94881174@gmail.com,TKT-013907,Damaged Item,2
user_7dfdb145@gmail.com,TKT-013908,Late Delivery,1
user_8181d7d5@gmail.com,TKT-013909,Late Delivery,2
user_81e3fe00@gmail.com,TKT-013910,Late Delivery,3
user_63693d83@gmail.com,TKT-013911,Late Delivery,1
user_c7b32f84@gmail.com,TKT-013912,Damaged Item,3
user_753d7de6@gmail.com,TKT-013913,Late Delivery,2
user_9b0dd385@gmail.com,TKT-013914,Damaged Item,2
user_0e2ebf38@gmail.com,TKT-013915,Late Delivery,3
user_220b9d00@gmail.com,TKT-013916,Late Delivery,1
user_a2649503@gmail.com,TKT-013917,Late Delivery,4
user_5aeeed50@gmail.com,TKT-013918,Late Delivery,2
user_4eaf709a@gmail.com,TKT-013919,Late Delivery,4
user_f9ff3695@gmail.com,TKT-013920,Damaged Item,1
user_2ad36ab0@gmail.com,TKT-013921,Late Delivery,2
user_691760d3@gmail.com,TKT-013922,Damaged Item,5
user_77e0a2e2@gmail.com,TKT-013923,Damaged Item,5
user_ea15e413@gmail.com,TKT-013924,Damaged Item,3
user_6ec442f3@gmail.com,TKT-013925,Late Delivery,2
user_c4c85e60@gmail.com,TKT-013926,Late Delivery,1
user_a7986e02@gmail.com,TKT-013927,Late Delivery,5
user_d002a7e7@gmail.com,TKT-013928,Damaged Item,5
user_9db07d9d@gmail.com,TKT-013929,Late Delivery,5
user_a653a5d5@gmail.com,TKT-013930,Late Delivery,4
user_30e15d76@gmail.com,TKT-013931,Damaged Item,1
user_741996aa@gmail.com,TKT-013932,Late Delivery,2
user_50c129f1@gmail.com,TKT-013933,Damaged Item,2
user_508bf6f5@gmail.com,TKT-013934,Late Delivery,5
user_bfb0780e@gmail.com,TKT-013935,Late Delivery,5
user_2e8c309e@gmail.com,TKT-013936,Damaged Item,1
user_98262425@gmail.com,TKT-013937,Damaged Item,2
user_4b0248ab@gmail.com,TKT-013938,Damaged Item,3
user_0036d365@gmail.com,TKT-013939,Late Delivery,5
user_91a3e331@gmail.com,TKT-013940,Late Delivery,5
user_1134477e@gmail.com,TKT-013941,Damaged Item,5
user_0f051b1f@gmail.com,TKT-013942,Late Delivery,4
user_1822afc4@gmail.com,TKT-013943,Damaged Item,2
user_ae79bfbd@gmail.com,TKT-013944,Late Delivery,2
user_c73b83c0@gmail.com,TKT-013945,Damaged Item,3
user_9c64e6a5@gmail.com,TKT-013946,Late Delivery,1
user_c09226be@gmail.com,TKT-013947,Damaged Item,2
user_46958f70@gmail.com,TKT-013948,Damaged Item,5
user_20dfefdb@gmail.com,TKT-013949,Damaged Item,4
user_b7299dac@gmail.com,TKT-013950,Damaged Item,5
user_5876dd2e@gmail.com,TKT-013951,Late Delivery,4
user_37aa16c6@gmail.com,TKT-013952,Late Delivery,1
user_61baa5b6@gmail.com,TKT-013953,Damaged Item,1
user_f52251e2@gmail.com,TKT-013954,Late Delivery,5
user_81d61a96@gmail.com,TKT-013955,Damaged Item,2
user_bf6230fc@gmail.com,TKT-013956,Late Delivery,2
user_8941275a@gmail.com,TKT-013957,Damaged Item,3
user_272ae7c6@gmail.com,TKT-013958,Late Delivery,5
user_429063f5@gmail.com,TKT-013959,Damaged Item,2
user_f51fa758@gmail.com,TKT-013960,Damaged Item,1
user_cb5deeee@gmail.com,TKT-013961,Damaged Item,5
user_aaac1968@gmail.com,TKT-013962,Damaged Item,4
user_bc274d80@gmail.com,TKT-013963,Late Delivery,3
user_ca0d0316@gmail.com,TKT-013964,Late Delivery,2
user_59902a45@gmail.com,TKT-013965,Damaged Item,1
user_0ef5fe2f@gmail.com,TKT-013966,Damaged Item,2
user_a63ecede@gmail.com,TKT-013967,Late Delivery,5
user_99b9a3a3@gmail.com,TKT-013968,Damaged Item,5
user_0aa7d3df@gmail.com,TKT-013969,Damaged Item,5
user_49343026@gmail.com,TKT-013970,Damaged Item,4
user_3bee21d3@gmail.com,TKT-013971,Damaged Item,2
user_a3bb8256@gmail.com,TKT-013972,Damaged Item,2
user_f1435f31@gmail.com,TKT-013973,Damaged Item,1
user_6a3edb30@gmail.com,TKT-013974,Damaged Item,4
user_d3bc2a31@gmail.com,TKT-013975,Late Delivery,2
user_7ae8ff48@gmail.com,TKT-013976,Damaged Item,1
user_f53946a0@gmail.com,TKT-013977,Late Delivery,2
user_342f97d3@gmail.com,TKT-013978,Late Delivery,4
user_c9f6a5d9@gmail.com,TKT-013979,Late Delivery,5
user_af909ac0@gmail.com,TKT-013980,Late Delivery,1
user_143bc1bf@gmail.com,TKT-013981,Late Delivery,5
user_caa25545@gmail.com,TKT-013982,Damaged Item,2
user_525b8e6f@gmail.com,TKT-013983,Late Delivery,4
user_378e6278@gmail.com,TKT-013984,Late Delivery,5
user_7bb54095@gmail.com,TKT-013985,Damaged Item,5
user_24991604@gmail.com,TKT-013986,Late Delivery,1
user_0601f1fd@gmail.com,TKT-013987,Damaged Item,1
user_041d8c41@gmail.com,TKT-013988,Late Delivery,2
user_28624b82@gmail.com,TKT-013989,Damaged Item,4
user_6623d031@gmail.com,TKT-013990,Late Delivery,5
user_c8eb59df@gmail.com,TKT-013991,Damaged Item,2
user_62258455@gmail.com,TKT-013992,Late Delivery,2
user_2f9df712@gmail.com,TKT-013993,Damaged Item,3
user_2c1a6c11@gmail.com,TKT-013994,Damaged Item,3
user_9618466f@gmail.com,TKT-013995,Damaged Item,5
user_235baa60@gmail.com,TKT-013996,Late Delivery,5
user_bf6d0f7a@gmail.com,TKT-013997,Damaged Item,3
user_5d142366@gmail.com,TKT-013998,Late Delivery,1
user_29e0c2f4@gmail.com,TKT-013999,Late Delivery,2
user_3cc7b3b6@gmail.com,TKT-014000,Damaged Item,3
user_0608b94d@gmail.com,TKT-014001,Damaged Item,2
user_b3946ebe@gmail.com,TKT-014002,Late Delivery,2
user_914a93f3@gmail.com,TKT-014003,Damaged Item,1
user_6461d480@gmail.com,TKT-014004,Damaged Item,1
user_6874056f@gmail.com,TKT-014005,Damaged Item,4
user_31d13f2c@gmail.com,TKT-014006,Damaged Item,5
user_84108894@gmail.com,TKT-014007,Damaged Item,5
user_bc394684@gmail.com,TKT-014008,Damaged Item,2
user_9fb1578f@gmail.com,TKT-014009,Damaged Item,5
user_1ae047b6@gmail.com,TKT-014010,Damaged Item,2
user_e687e446@gmail.com,TKT-014011,Damaged Item,1
user_a545b396@gmail.com,TKT-014012,Late Delivery,4
user_97c6ed7a@gmail.com,TKT-014013,Late Delivery,1
user_ab0dbb47@gmail.com,TKT-014014,Damaged Item,4
user_c54c9104@gmail.com,TKT-014015,Late Delivery,2
user_a9d935a8@gmail.com,TKT-014016,Damaged Item,5
user_966506d1@gmail.com,TKT-014017,Damaged Item,5
user_46a37291@gmail.com,TKT-014018,Late Delivery,4
user_24fa27d8@gmail.com,TKT-014019,Damaged Item,2
user_f92e66c0@gmail.com,TKT-014020,Damaged Item,2
user_40df7740@gmail.com,TKT-014021,Damaged Item,5
user_64f478ef@gmail.com,TKT-014022,Damaged Item,1
user_0b2d0021@gmail.com,TKT-014023,Late Delivery,2
user_138d82ea@gmail.com,TKT-014024,Late Delivery,2
user_4b27ed52@gmail.com,TKT-014025,Late Delivery,5
user_9f3399c0@gmail.com,TKT-014026,Damaged Item,3
user_5aef2622@gmail.com,TKT-014027,Late Delivery,2
user_76fe97f5@gmail.com,TKT-014028,Damaged Item,2
user_38cb0005@gmail.com,TKT-014029,Late Delivery,3
user_f886a3f4@gmail.com,TKT-014030,Damaged Item,2
user_28fd13ff@gmail.com,TKT-014031,Late Delivery,3
user_2280ecb8@gmail.com,TKT-014032,Late Delivery,5
user_af3d2f0a@gmail.com,TKT-014033,Late Delivery,2
user_22cc1662@gmail.com,TKT-014034,Late Delivery,5
user_e773a42b@gmail.com,TKT-014035,Late Delivery,4
user_f9db64ee@gmail.com,TKT-014036,Late Delivery,3
user_d38553a9@gmail.com,TKT-014037,Late Delivery,5
user_d5f0cd2e@gmail.com,TKT-014038,Damaged Item,5
user_a5696036@gmail.com,TKT-014039,Late Delivery,5
user_b49bce56@gmail.com,TKT-014040,Late Delivery,3
user_bf8679a3@gmail.com,TKT-014041,Damaged Item,3
user_aa651633@gmail.com,TKT-014042,Damaged Item,5
user_8cf5e0d2@gmail.com,TKT-014043,Damaged Item,2
user_941816bc@gmail.com,TKT-014044,Late Delivery,3
user_0fc683d2@gmail.com,TKT-014045,Late Delivery,3
user_a6768d90@gmail.com,TKT-014046,Late Delivery,3
user_683cda19@gmail.com,TKT-014047,Late Delivery,4
user_e060ce3f@gmail.com,TKT-014048,Damaged Item,2
user_a4d88b87@gmail.com,TKT-014049,Damaged Item,2
user_3fa626c4@gmail.com,TKT-014050,Damaged Item,1
user_bc624479@gmail.com,TKT-014051,Damaged Item,2
user_9b05e01e@gmail.com,TKT-014052,Late Delivery,2
user_64b02231@gmail.com,TKT-014053,Damaged Item,2
user_8ad49876@gmail.com,TKT-014054,Late Delivery,1
user_98890522@gmail.com,TKT-014055,Late Delivery,2
user_178e608a@gmail.com,TKT-014056,Late Delivery,3
user_32dfc89d@gmail.com,TKT-014057,Late Delivery,2
user_e2b52947@gmail.com,TKT-014058,Late Delivery,3
user_4cc93c73@gmail.com,TKT-014059,Late Delivery,4
user_aa8c9325@gmail.com,TKT-014060,Late Delivery,4
user_98e0d0b8@gmail.com,TKT-014061,Late Delivery,1
user_31b9951a@gmail.com,TKT-014062,Late Delivery,4
user_fc0daebc@gmail.com,TKT-014063,Late Delivery,4
user_c6210e4c@gmail.com,TKT-014064,Late Delivery,3
user_e43bc7bb@gmail.com,TKT-014065,Damaged Item,1
user_669e24f5@gmail.com,TKT-014066,Late Delivery,1
user_0a576c74@gmail.com,TKT-014067,Damaged Item,2
user_9fd7cea2@gmail.com,TKT-014068,Damaged Item,5
user_2617bd3a@gmail.com,TKT-014069,Damaged Item,2
user_db78aba9@gmail.com,TKT-014070,Damaged Item,5
user_e3ed1546@gmail.com,TKT-014071,Late Delivery,4
user_5e93dc06@gmail.com,TKT-014072,Late Delivery,4
user_8869acc4@gmail.com,TKT-014073,Late Delivery,5
user_e9afee56@gmail.com,TKT-014074,Damaged Item,4
user_63ff0bab@gmail.com,TKT-014075,Late Delivery,3
user_e84b5b35@gmail.com,TKT-014076,Damaged Item,2
user_63ec4c57@gmail.com,TKT-014077,Late Delivery,1
user_3e93e73c@gmail.com,TKT-014078,Late Delivery,5
user_2ab9d099@gmail.com,TKT-014079,Damaged Item,5
user_7019c995@gmail.com,TKT-014080,Damaged Item,2
user_4fc3b2dd@gmail.com,TKT-014081,Late Delivery,4
user_3d86b969@gmail.com,TKT-014082,Damaged Item,1
user_f27d5843@gmail.com,TKT-014083,Late Delivery,2
user_cabab8c4@gmail.com,TKT-014084,Late Delivery,3
user_97bd2bc9@gmail.com,TKT-014085,Late Delivery,2
user_17c8adc4@gmail.com,TKT-014086,Late Delivery,1
user_0055bbb9@gmail.com,TKT-014087,Late Delivery,2
user_b153a9c1@gmail.com,TKT-014088,Late Delivery,3
user_177c7259@gmail.com,TKT-014089,Late Delivery,5
user_407a0311@gmail.com,TKT-014090,Late Delivery,1
user_9d7fc38b@gmail.com,TKT-014091,Damaged Item,4
user_058d6b83@gmail.com,TKT-014092,Damaged Item,3
user_6bc5701f@gmail.com,TKT-014093,Late Delivery,2
user_34f681f8@gmail.com,TKT-014094,Late Delivery,4
user_0472523e@gmail.com,TKT-014095,Late Delivery,1
user_2a6f5b4f@gmail.com,TKT-014096,Late Delivery,4
user_9c79acd7@gmail.com,TKT-014097,Damaged Item,5
user_2ea58000@gmail.com,TKT-014098,Damaged Item,3
user_084d29b9@gmail.com,TKT-014099,Late Delivery,1
user_75809419@gmail.com,TKT-014100,Damaged Item,3
user_56ddec1a@gmail.com,TKT-014101,Damaged Item,4
user_abe40090@gmail.com,TKT-014102,Damaged Item,5
user_22402241@gmail.com,TKT-014103,Damaged Item,4
user_16596116@gmail.com,TKT-014104,Late Delivery,5
user_c1d5c8a2@gmail.com,TKT-014105,Damaged Item,4
user_52b884c8@gmail.com,TKT-014106,Late Delivery,5
user_c972f4b6@gmail.com,TKT-014107,Damaged Item,2
user_ca29927a@gmail.com,TKT-014108,Damaged Item,2
user_f58d944f@gmail.com,TKT-014109,Damaged Item,5
user_5528e8c8@gmail.com,TKT-014110,Damaged Item,1
user_41e373f8@gmail.com,TKT-014111,Late Delivery,5
user_7d065752@gmail.com,TKT-014112,Late Delivery,1
user_cfb59d78@gmail.com,TKT-014113,Late Delivery,5
user_f8aeec5f@gmail.com,TKT-014114,Late Delivery,1
user_7f84cd18@gmail.com,TKT-014115,Damaged Item,1
user_f2ad71ca@gmail.com,TKT-014116,Late Delivery,4
user_c1c2d7e2@gmail.com,TKT-014117,Damaged Item,3
user_139d16a5@gmail.com,TKT-014118,Damaged Item,3
user_a75acaa5@gmail.com,TKT-014119,Late Delivery,4
user_89ec7229@gmail.com,TKT-014120,Damaged Item,5
user_9062e919@gmail.com,TKT-014121,Late Delivery,3
user_1edfe222@gmail.com,TKT-014122,Late Delivery,4
user_62723280@gmail.com,TKT-014123,Late Delivery,4
user_fe2a29c7@gmail.com,TKT-014124,Late Delivery,1
user_fe9f91b1@gmail.com,TKT-014125,Late Delivery,3
user_b3464ccd@gmail.com,TKT-014126,Late Delivery,5
user_5d1fddfd@gmail.com,TKT-014127,Late Delivery,1
user_98e82262@gmail.com,TKT-014128,Late Delivery,4
user_de7463ee@gmail.com,TKT-014129,Late Delivery,1
user_a8f046bf@gmail.com,TKT-014130,Late Delivery,5
user_903fbb42@gmail.com,TKT-014131,Late Delivery,2
user_0f990bdf@gmail.com,TKT-014132,Damaged Item,1
user_8e0aa724@gmail.com,TKT-014133,Damaged Item,2
user_2f470723@gmail.com,TKT-014134,Damaged Item,5
user_9df70293@gmail.com,TKT-014135,Late Delivery,4
user_074f6402@gmail.com,TKT-014136,Late Delivery,4
user_4990cf09@gmail.com,TKT-014137,Damaged Item,4
user_ba16203b@gmail.com,TKT-014138,Late Delivery,2
user_b88061f1@gmail.com,TKT-014139,Damaged Item,5
user_4e7d9079@gmail.com,TKT-014140,Damaged Item,2
user_e0c67c09@gmail.com,TKT-014141,Late Delivery,5
user_69ff0dc7@gmail.com,TKT-014142,Late Delivery,5
user_ec696969@gmail.com,TKT-014143,Damaged Item,3
user_3c606e4a@gmail.com,TKT-014144,Damaged Item,2
user_45e1383f@gmail.com,TKT-014145,Damaged Item,3
user_ac43eb57@gmail.com,TKT-014146,Late Delivery,3
user_1b7d1eef@gmail.com,TKT-014147,Late Delivery,3
user_695a6fa8@gmail.com,TKT-014148,Late Delivery,4
user_6cff9b48@gmail.com,TKT-014149,Late Delivery,1
user_a26111a9@gmail.com,TKT-014150,Damaged Item,5
user_93a5ea38@gmail.com,TKT-014151,Damaged Item,5
user_d1c73ffb@gmail.com,TKT-014152,Late Delivery,2
user_f6b425b2@gmail.com,TKT-014153,Late Delivery,5
user_5b2f6d16@gmail.com,TKT-014154,Late Delivery,2
user_ecc09451@gmail.com,TKT-014155,Late Delivery,1
user_62d04de2@gmail.com,TKT-014156,Damaged Item,1
user_8488e3d7@gmail.com,TKT-014157,Damaged Item,3
user_e6db21b8@gmail.com,TKT-014158,Late Delivery,3
user_52807981@gmail.com,TKT-014159,Damaged Item,5
user_f165288d@gmail.com,TKT-014160,Late Delivery,4
user_5642d883@gmail.com,TKT-014161,Late Delivery,5
user_b893abab@gmail.com,TKT-014162,Damaged Item,2
user_383d3467@gmail.com,TKT-014163,Damaged Item,2
user_eecc7a9a@gmail.com,TKT-014164,Damaged Item,2
user_7a502c12@gmail.com,TKT-014165,Late Delivery,1
user_c19ebf31@gmail.com,TKT-014166,Late Delivery,5
user_6c91e6dd@gmail.com,TKT-014167,Damaged Item,1
user_0f436e73@gmail.com,TKT-014168,Late Delivery,5
user_314579e5@gmail.com,TKT-014169,Late Delivery,3
user_5c9f8b7a@gmail.com,TKT-014170,Late Delivery,3
user_edb2ea73@gmail.com,TKT-014171,Late Delivery,1
user_1c3d71e4@gmail.com,TKT-014172,Damaged Item,3
user_16fd891b@gmail.com,TKT-014173,Damaged Item,1
user_152c170d@gmail.com,TKT-014174,Damaged Item,1
user_4ef5a0b8@gmail.com,TKT-014175,Damaged Item,5
user_d502ffba@gmail.com,TKT-014176,Late Delivery,4
user_89fe78ab@gmail.com,TKT-014177,Damaged Item,2
user_f5f3d8ad@gmail.com,TKT-014178,Late Delivery,5
user_47c9f615@gmail.com,TKT-014179,Damaged Item,1
user_97775165@gmail.com,TKT-014180,Damaged Item,3
user_272cc626@gmail.com,TKT-014181,Late Delivery,4
user_c2eaa58a@gmail.com,TKT-014182,Late Delivery,2
user_487b4ea5@gmail.com,TKT-014183,Damaged Item,2
user_c64b0bf5@gmail.com,TKT-014184,Late Delivery,4
user_c18a1bfb@gmail.com,TKT-014185,Damaged Item,4
user_8d8d6c9c@gmail.com,TKT-014186,Damaged Item,5
user_d22c8aa9@gmail.com,TKT-014187,Damaged Item,4
user_e5ec513f@gmail.com,TKT-014188,Damaged Item,4
user_b1c4e0a8@gmail.com,TKT-014189,Damaged Item,3
user_79aaa402@gmail.com,TKT-014190,Late Delivery,4
user_09281314@gmail.com,TKT-014191,Late Delivery,4
user_a42b40d3@gmail.com,TKT-014192,Late Delivery,3
user_e98361dd@gmail.com,TKT-014193,Late Delivery,3
user_e5f5af64@gmail.com,TKT-014194,Late Delivery,4
user_f25dbe47@gmail.com,TKT-014195,Damaged Item,5
user_cf9361b2@gmail.com,TKT-014196,Late Delivery,2
user_0f2fe469@gmail.com,TKT-014197,Damaged Item,4
user_67045ba7@gmail.com,TKT-014198,Late Delivery,2
user_daebae32@gmail.com,TKT-014199,Damaged Item,2
user_32b1804e@gmail.com,TKT-014200,Damaged Item,1
user_258c1c4c@gmail.com,TKT-014201,Late Delivery,1
user_64f4bd3f@gmail.com,TKT-014202,Late Delivery,2
user_f9e38bdf@gmail.com,TKT-014203,Damaged Item,2
user_a4297e88@gmail.com,TKT-014204,Damaged Item,1
user_76ad0d32@gmail.com,TKT-014205,Damaged Item,1
user_6c930b79@gmail.com,TKT-014206,Damaged Item,1
user_9fa5bc89@gmail.com,TKT-014207,Late Delivery,2
user_6ce36619@gmail.com,TKT-014208,Late Delivery,3
user_26b10452@gmail.com,TKT-014209,Damaged Item,3
user_7a34800f@gmail.com,TKT-014210,Damaged Item,1
user_5b40b6d0@gmail.com,TKT-014211,Damaged Item,2
user_00cd1ffd@gmail.com,TKT-014212,Damaged Item,5
user_be8ad3c7@gmail.com,TKT-014213,Damaged Item,5
user_106abb15@gmail.com,TKT-014214,Late Delivery,3
user_da4f111c@gmail.com,TKT-014215,Late Delivery,2
user_d209b4f4@gmail.com,TKT-014216,Damaged Item,5
user_4c05f8d6@gmail.com,TKT-014217,Damaged Item,5
user_e7b519e3@gmail.com,TKT-014218,Late Delivery,4
user_af9cbc9f@gmail.com,TKT-014219,Damaged Item,1
user_024bc6c3@gmail.com,TKT-014220,Late Delivery,2
user_7d01a35b@gmail.com,TKT-014221,Late Delivery,4
user_951e43ac@gmail.com,TKT-014222,Late Delivery,1
user_f9c795b3@gmail.com,TKT-014223,Damaged Item,4
user_a13ea506@gmail.com,TKT-014224,Damaged Item,5
user_8ebba279@gmail.com,TKT-014225,Late Delivery,2
user_79ca1736@gmail.com,TKT-014226,Damaged Item,4
user_1240e816@gmail.com,TKT-014227,Damaged Item,3
user_dd460383@gmail.com,TKT-014228,Late Delivery,5
user_7b908adf@gmail.com,TKT-014229,Late Delivery,2
user_b47ab9a3@gmail.com,TKT-014230,Late Delivery,5
user_d38578ec@gmail.com,TKT-014231,Damaged Item,1
user_6d95b585@gmail.com,TKT-014232,Late Delivery,5
user_ff3bcc94@gmail.com,TKT-014233,Late Delivery,5
user_10a89d15@gmail.com,TKT-014234,Late Delivery,4
user_85e2c623@gmail.com,TKT-014235,Damaged Item,1
user_9ca1922f@gmail.com,TKT-014236,Damaged Item,2
user_b35290b3@gmail.com,TKT-014237,Damaged Item,4
user_33e879b6@gmail.com,TKT-014238,Late Delivery,4
user_3e34c4d5@gmail.com,TKT-014239,Damaged Item,1
user_c2357995@gmail.com,TKT-014240,Damaged Item,3
user_e8b5c3a5@gmail.com,TKT-014241,Damaged Item,4
user_3b6ea5cd@gmail.com,TKT-014242,Damaged Item,5
user_e6d4f499@gmail.com,TKT-014243,Damaged Item,3
user_45b9b6b4@gmail.com,TKT-014244,Damaged Item,3
user_2b662952@gmail.com,TKT-014245,Damaged Item,5
user_d242c2a3@gmail.com,TKT-014246,Late Delivery,4
user_7a944cac@gmail.com,TKT-014247,Late Delivery,3
user_dd1e9538@gmail.com,TKT-014248,Damaged Item,5
user_4f406165@gmail.com,TKT-014249,Damaged Item,1
user_6bb535b0@gmail.com,TKT-014250,Late Delivery,5
user_4df708ca@gmail.com,TKT-014251,Late Delivery,5
user_6f2c6963@gmail.com,TKT-014252,Late Delivery,2
user_f7d76bf3@gmail.com,TKT-014253,Damaged Item,2
user_d1056d68@gmail.com,TKT-014254,Damaged Item,1
user_9a70db67@gmail.com,TKT-014255,Late Delivery,2
user_b72e2e69@gmail.com,TKT-014256,Damaged Item,1
user_c5159b99@gmail.com,TKT-014257,Damaged Item,4
user_40766627@gmail.com,TKT-014258,Damaged Item,4
user_f58a61a7@gmail.com,TKT-014259,Late Delivery,2
user_88cea4dd@gmail.com,TKT-014260,Damaged Item,5
user_ecb9584f@gmail.com,TKT-014261,Damaged Item,5
user_054151a8@gmail.com,TKT-014262,Damaged Item,2
user_ffb1cf57@gmail.com,TKT-014263,Late Delivery,1
user_34246812@gmail.com,TKT-014264,Damaged Item,3
user_29a320c6@gmail.com,TKT-014265,Damaged Item,2
user_745debb9@gmail.com,TKT-014266,Damaged Item,2
user_cf0a46b5@gmail.com,TKT-014267,Late Delivery,5
user_453ce07f@gmail.com,TKT-014268,Late Delivery,1
user_0a522b4a@gmail.com,TKT-014269,Damaged Item,4
user_7eb7b405@gmail.com,TKT-014270,Late Delivery,3
user_cd22bf5d@gmail.com,TKT-014271,Late Delivery,2
user_1cdde997@gmail.com,TKT-014272,Late Delivery,3
user_31574666@gmail.com,TKT-014273,Late Delivery,4
user_f60f4abe@gmail.com,TKT-014274,Damaged Item,2
user_d4798889@gmail.com,TKT-014275,Damaged Item,2
user_383fa1a7@gmail.com,TKT-014276,Damaged Item,2
user_31a2c586@gmail.com,TKT-014277,Damaged Item,4
user_90ec0fac@gmail.com,TKT-014278,Damaged Item,5
user_2d8319d3@gmail.com,TKT-014279,Late Delivery,2
user_7e81d7c5@gmail.com,TKT-014280,Damaged Item,1
user_9b2a6a60@gmail.com,TKT-014281,Damaged Item,4
user_aebb2db7@gmail.com,TKT-014282,Late Delivery,1
user_658d2030@gmail.com,TKT-014283,Late Delivery,5
user_0dfa4719@gmail.com,TKT-014284,Late Delivery,3
user_d43c1a4a@gmail.com,TKT-014285,Damaged Item,4
user_3c77115c@gmail.com,TKT-014286,Damaged Item,5
user_915576ac@gmail.com,TKT-014287,Damaged Item,3
user_e8798977@gmail.com,TKT-014288,Damaged Item,3
user_ea1911ed@gmail.com,TKT-014289,Damaged Item,1
user_1ad20cb2@gmail.com,TKT-014290,Damaged Item,5
user_38da585f@gmail.com,TKT-014291,Damaged Item,1
user_05f1259e@gmail.com,TKT-014292,Late Delivery,5
user_9db0703d@gmail.com,TKT-014293,Late Delivery,4
user_725ce5c4@gmail.com,TKT-014294,Damaged Item,1
user_1c12d40b@gmail.com,TKT-014295,Damaged Item,1
user_25dbd169@gmail.com,TKT-014296,Damaged Item,3
user_fbba9f65@gmail.com,TKT-014297,Damaged Item,2
user_18b6ccc5@gmail.com,TKT-014298,Damaged Item,3
user_ec14a996@gmail.com,TKT-014299,Damaged Item,3
user_c1299d63@gmail.com,TKT-014300,Late Delivery,5
user_160323ca@gmail.com,TKT-014301,Damaged Item,1
user_3d7180d5@gmail.com,TKT-014302,Late Delivery,2
user_709c4c5e@gmail.com,TKT-014303,Damaged Item,3
user_11764059@gmail.com,TKT-014304,Late Delivery,3
user_5cdf4ac6@gmail.com,TKT-014305,Late Delivery,3
user_01b51b6c@gmail.com,TKT-014306,Late Delivery,3
user_965d7028@gmail.com,TKT-014307,Damaged Item,1
user_271e1c62@gmail.com,TKT-014308,Damaged Item,2
user_9cf09239@gmail.com,TKT-014309,Damaged Item,1
user_4322133a@gmail.com,TKT-014310,Damaged Item,1
user_c8ab2920@gmail.com,TKT-014311,Damaged Item,2
user_0a677802@gmail.com,TKT-014312,Damaged Item,5
user_6d188e1f@gmail.com,TKT-014313,Late Delivery,5
user_6293fb0f@gmail.com,TKT-014314,Damaged Item,1
user_3e9cbbcb@gmail.com,TKT-014315,Damaged Item,1
user_89bb292c@gmail.com,TKT-014316,Damaged Item,3
user_c5f8601f@gmail.com,TKT-014317,Late Delivery,2
user_5e0fce51@gmail.com,TKT-014318,Late Delivery,3
user_933a3c34@gmail.com,TKT-014319,Damaged Item,3
user_a1989400@gmail.com,TKT-014320,Late Delivery,2
user_eb8ace06@gmail.com,TKT-014321,Late Delivery,3
user_2fda187c@gmail.com,TKT-014322,Damaged Item,4
user_78bef034@gmail.com,TKT-014323,Damaged Item,2
user_0ba0cdb0@gmail.com,TKT-014324,Damaged Item,1
user_9eafb0c3@gmail.com,TKT-014325,Late Delivery,3
user_4eda428a@gmail.com,TKT-014326,Damaged Item,3
user_1d66d18a@gmail.com,TKT-014327,Damaged Item,3
user_ebf6590e@gmail.com,TKT-014328,Damaged Item,5
user_35473cbe@gmail.com,TKT-014329,Late Delivery,5
user_210027da@gmail.com,TKT-014330,Damaged Item,1
user_b80d046e@gmail.com,TKT-014331,Late Delivery,4
user_4f4d2fe2@gmail.com,TKT-014332,Damaged Item,3
user_6665cb7b@gmail.com,TKT-014333,Damaged Item,2
user_0e978f66@gmail.com,TKT-014334,Late Delivery,2
user_7c698527@gmail.com,TKT-014335,Damaged Item,5
user_75c7cb40@gmail.com,TKT-014336,Late Delivery,1
user_9a76f076@gmail.com,TKT-014337,Damaged Item,5
user_45c30049@gmail.com,TKT-014338,Damaged Item,2
user_bcd14224@gmail.com,TKT-014339,Damaged Item,5
user_a99c12c9@gmail.com,TKT-014340,Damaged Item,2
user_d03ab824@gmail.com,TKT-014341,Late Delivery,5
user_48e6f23a@gmail.com,TKT-014342,Damaged Item,3
user_f310da55@gmail.com,TKT-014343,Damaged Item,1
user_98d82fd3@gmail.com,TKT-014344,Damaged Item,3
user_98133dfc@gmail.com,TKT-014345,Late Delivery,4
user_3f196483@gmail.com,TKT-014346,Damaged Item,3
user_c09cafb6@gmail.com,TKT-014347,Damaged Item,2
user_b51e63fc@gmail.com,TKT-014348,Damaged Item,3
user_0025795d@gmail.com,TKT-014349,Late Delivery,3
user_3f9ff8f1@gmail.com,TKT-014350,Damaged Item,3
user_94ece845@gmail.com,TKT-014351,Late Delivery,3
user_c98507c3@gmail.com,TKT-014352,Damaged Item,1
user_bb361861@gmail.com,TKT-014353,Damaged Item,1
user_39bc44c5@gmail.com,TKT-014354,Damaged Item,4
user_d6b4fa23@gmail.com,TKT-014355,Damaged Item,5
user_b14ef688@gmail.com,TKT-014356,Late Delivery,3
user_83176537@gmail.com,TKT-014357,Late Delivery,4
user_ed788f08@gmail.com,TKT-014358,Damaged Item,2
user_dca8f21f@gmail.com,TKT-014359,Late Delivery,2
user_afcbb3bd@gmail.com,TKT-014360,Damaged Item,2
user_0d79d8d0@gmail.com,TKT-014361,Damaged Item,3
user_255eddad@gmail.com,TKT-014362,Late Delivery,1
user_42e4ef73@gmail.com,TKT-014363,Late Delivery,5
user_11f0ece6@gmail.com,TKT-014364,Damaged Item,2
user_fe091f60@gmail.com,TKT-014365,Late Delivery,4
user_635c8fb5@gmail.com,TKT-014366,Damaged Item,2
user_c92f31f3@gmail.com,TKT-014367,Damaged Item,3
user_c17c49aa@gmail.com,TKT-014368,Late Delivery,1
user_01c1529c@gmail.com,TKT-014369,Late Delivery,4
user_9d96ad6d@gmail.com,TKT-014370,Damaged Item,5
user_98c739ff@gmail.com,TKT-014371,Late Delivery,1
user_d469ff90@gmail.com,TKT-014372,Damaged Item,1
user_0e12b8ed@gmail.com,TKT-014373,Late Delivery,5
user_35b4d933@gmail.com,TKT-014374,Damaged Item,2
user_115e6590@gmail.com,TKT-014375,Damaged Item,4
user_38fb3a44@gmail.com,TKT-014376,Late Delivery,3
user_c335d2c6@gmail.com,TKT-014377,Damaged Item,1
user_4c0e51ab@gmail.com,TKT-014378,Damaged Item,1
user_3563c87d@gmail.com,TKT-014379,Damaged Item,4
user_5ea98ccf@gmail.com,TKT-014380,Late Delivery,5
user_ffb57218@gmail.com,TKT-014381,Late Delivery,5
user_6349eb68@gmail.com,TKT-014382,Damaged Item,2
user_c605aae6@gmail.com,TKT-014383,Late Delivery,3
user_a946422d@gmail.com,TKT-014384,Damaged Item,4
user_9f59febb@gmail.com,TKT-014385,Damaged Item,5
user_cffec81c@gmail.com,TKT-014386,Damaged Item,5
user_ce830600@gmail.com,TKT-014387,Damaged Item,4
user_d233f180@gmail.com,TKT-014388,Late Delivery,5
user_54542a22@gmail.com,TKT-014389,Late Delivery,2
user_40e1d7c6@gmail.com,TKT-014390,Late Delivery,3
user_4282c18c@gmail.com,TKT-014391,Late Delivery,3
user_90f8d475@gmail.com,TKT-014392,Damaged Item,5
user_dd4d0aa5@gmail.com,TKT-014393,Damaged Item,3
user_289bc385@gmail.com,TKT-014394,Late Delivery,1
user_16034a3a@gmail.com,TKT-014395,Late Delivery,4
user_aa612434@gmail.com,TKT-014396,Late Delivery,2
user_08a11469@gmail.com,TKT-014397,Damaged Item,4
user_3c8b5d7f@gmail.com,TKT-014398,Late Delivery,1
user_39b8513b@gmail.com,TKT-014399,Damaged Item,1
user_c7472ec1@gmail.com,TKT-014400,Late Delivery,2
user_4111dcff@gmail.com,TKT-014401,Late Delivery,5
user_c32eefe4@gmail.com,TKT-014402,Damaged Item,2
user_a7ef6dba@gmail.com,TKT-014403,Late Delivery,2
user_a8345534@gmail.com,TKT-014404,Late Delivery,2
user_9eacbc4f@gmail.com,TKT-014405,Damaged Item,3
user_fe810d48@gmail.com,TKT-014406,Late Delivery,2
user_df0c259f@gmail.com,TKT-014407,Late Delivery,3
user_f359e6e1@gmail.com,TKT-014408,Late Delivery,1
user_dd72e322@gmail.com,TKT-014409,Damaged Item,1
user_6d16033b@gmail.com,TKT-014410,Damaged Item,2
user_ab87b227@gmail.com,TKT-014411,Late Delivery,3
user_8f97b375@gmail.com,TKT-014412,Late Delivery,3
user_0ca97900@gmail.com,TKT-014413,Damaged Item,3
user_003db7ad@gmail.com,TKT-014414,Damaged Item,4
user_2df75a81@gmail.com,TKT-014415,Late Delivery,2
user_51378a89@gmail.com,TKT-014416,Late Delivery,5
user_1e139840@gmail.com,TKT-014417,Damaged Item,5
user_8dcf2096@gmail.com,TKT-014418,Damaged Item,1
user_f55074bc@gmail.com,TKT-014419,Damaged Item,2
user_cebc3d97@gmail.com,TKT-014420,Damaged Item,1
user_db9e4f02@gmail.com,TKT-014421,Late Delivery,4
user_9ee6ef5c@gmail.com,TKT-014422,Late Delivery,2
user_4007a2d7@gmail.com,TKT-014423,Damaged Item,3
user_019fcfdd@gmail.com,TKT-014424,Damaged Item,2
user_8d594d50@gmail.com,TKT-014425,Late Delivery,3
user_c528f9cd@gmail.com,TKT-014426,Damaged Item,2
user_1c627eb2@gmail.com,TKT-014427,Late Delivery,3
user_233bd5bb@gmail.com,TKT-014428,Late Delivery,1
user_e42751c8@gmail.com,TKT-014429,Damaged Item,2
user_d5e4bc3a@gmail.com,TKT-014430,Late Delivery,5
user_d1840523@gmail.com,TKT-014431,Late Delivery,2
user_2121a656@gmail.com,TKT-014432,Late Delivery,5
user_1be01811@gmail.com,TKT-014433,Late Delivery,5
user_7063b55f@gmail.com,TKT-014434,Late Delivery,4
user_7a5915d3@gmail.com,TKT-014435,Damaged Item,1
user_019e6c1c@gmail.com,TKT-014436,Late Delivery,2
user_07074271@gmail.com,TKT-014437,Late Delivery,5
user_d502da9f@gmail.com,TKT-014438,Damaged Item,2
user_b39a84ce@gmail.com,TKT-014439,Late Delivery,5
user_3d310b89@gmail.com,TKT-014440,Damaged Item,3
user_33341fbd@gmail.com,TKT-014441,Late Delivery,4
user_11fef203@gmail.com,TKT-014442,Late Delivery,5
user_2ada69d1@gmail.com,TKT-014443,Damaged Item,5
user_571a76fd@gmail.com,TKT-014444,Damaged Item,3
user_6d9cdc2c@gmail.com,TKT-014445,Late Delivery,1
user_710e6d9a@gmail.com,TKT-014446,Late Delivery,1
user_ecd59782@gmail.com,TKT-014447,Damaged Item,2
user_17535894@gmail.com,TKT-014448,Late Delivery,5
user_23c9e1e8@gmail.com,TKT-014449,Damaged Item,1
user_44386848@gmail.com,TKT-014450,Damaged Item,3
user_89b30dd2@gmail.com,TKT-014451,Damaged Item,2
user_cca1613e@gmail.com,TKT-014452,Late Delivery,2
user_3bd9a172@gmail.com,TKT-014453,Late Delivery,3
user_baf8a556@gmail.com,TKT-014454,Late Delivery,3
user_1c3e4aa2@gmail.com,TKT-014455,Late Delivery,2
user_58a49341@gmail.com,TKT-014456,Damaged Item,2
user_cefc0426@gmail.com,TKT-014457,Damaged Item,4
user_93360190@gmail.com,TKT-014458,Late Delivery,2
user_63e8de21@gmail.com,TKT-014459,Damaged Item,5
user_72083d3a@gmail.com,TKT-014460,Late Delivery,4
user_1d5cf72c@gmail.com,TKT-014461,Late Delivery,3
user_39ee4c5b@gmail.com,TKT-014462,Damaged Item,4
user_c0f1d2f8@gmail.com,TKT-014463,Damaged Item,4
user_5b1e0801@gmail.com,TKT-014464,Late Delivery,1
user_7d0697d8@gmail.com,TKT-014465,Damaged Item,5
user_41cff65f@gmail.com,TKT-014466,Late Delivery,3
user_9dd61cb9@gmail.com,TKT-014467,Damaged Item,4
user_96cf0dd1@gmail.com,TKT-014468,Damaged Item,1
user_12e4d61b@gmail.com,TKT-014469,Late Delivery,3
user_346d71fb@gmail.com,TKT-014470,Late Delivery,5
user_ad2d120d@gmail.com,TKT-014471,Late Delivery,2
user_7cd82b09@gmail.com,TKT-014472,Damaged Item,1
user_bda246c0@gmail.com,TKT-014473,Late Delivery,4
user_ff670905@gmail.com,TKT-014474,Damaged Item,1
user_12e7a2c2@gmail.com,TKT-014475,Late Delivery,2
user_bfcc7527@gmail.com,TKT-014476,Late Delivery,2
user_01a8a2fa@gmail.com,TKT-014477,Late Delivery,5
user_6c83dc22@gmail.com,TKT-014478,Damaged Item,5
user_15082f95@gmail.com,TKT-014479,Late Delivery,2
user_349b4f1f@gmail.com,TKT-014480,Damaged Item,3
user_9b6839b1@gmail.com,TKT-014481,Late Delivery,2
user_cbb0c00e@gmail.com,TKT-014482,Damaged Item,4
user_7d778097@gmail.com,TKT-014483,Damaged Item,1
user_cc9667fb@gmail.com,TKT-014484,Damaged Item,1
user_9d5e7724@gmail.com,TKT-014485,Late Delivery,2
user_0e3c7539@gmail.com,TKT-014486,Damaged Item,3
user_9dc7e983@gmail.com,TKT-014487,Damaged Item,1
user_160e82a2@gmail.com,TKT-014488,Damaged Item,4
user_85eb32c3@gmail.com,TKT-014489,Damaged Item,3
user_bb604d28@gmail.com,TKT-014490,Damaged Item,5
user_6e8dab04@gmail.com,TKT-014491,Damaged Item,2
user_e5f15a6f@gmail.com,TKT-014492,Late Delivery,3
user_db5b5f88@gmail.com,TKT-014493,Late Delivery,1
user_6bd5c3b2@gmail.com,TKT-014494,Damaged Item,3
user_27e179c3@gmail.com,TKT-014495,Late Delivery,2
user_e4c94b4d@gmail.com,TKT-014496,Late Delivery,4
user_61100957@gmail.com,TKT-014497,Late Delivery,4
user_efea74a9@gmail.com,TKT-014498,Late Delivery,5
user_3c17b68f@gmail.com,TKT-014499,Late Delivery,1
user_a3714f10@gmail.com,TKT-014500,Damaged Item,5
user_fa9e3c9b@gmail.com,TKT-014501,Late Delivery,3
user_3e99f065@gmail.com,TKT-014502,Damaged Item,4
user_17cbedc2@gmail.com,TKT-014503,Late Delivery,2
user_f93ab2cf@gmail.com,TKT-014504,Damaged Item,4
user_31103391@gmail.com,TKT-014505,Damaged Item,1
user_eb8dac39@gmail.com,TKT-014506,Late Delivery,2
user_f4e1ffa5@gmail.com,TKT-014507,Damaged Item,4
user_a6937633@gmail.com,TKT-014508,Damaged Item,1
user_64ef8378@gmail.com,TKT-014509,Damaged Item,1
user_307dd3ab@gmail.com,TKT-014510,Damaged Item,3
user_96da1536@gmail.com,TKT-014511,Damaged Item,1
user_1d14f81e@gmail.com,TKT-014512,Damaged Item,3
user_8bfb22d9@gmail.com,TKT-014513,Late Delivery,5
user_44d98834@gmail.com,TKT-014514,Damaged Item,3
user_221696ee@gmail.com,TKT-014515,Damaged Item,5
user_353e7269@gmail.com,TKT-014516,Late Delivery,1
user_5a3ee05d@gmail.com,TKT-014517,Late Delivery,3
user_10f006ed@gmail.com,TKT-014518,Late Delivery,5
user_e0b8853b@gmail.com,TKT-014519,Late Delivery,2
user_02c163ec@gmail.com,TKT-014520,Late Delivery,5
user_31d6e388@gmail.com,TKT-014521,Late Delivery,1
user_9bf9e8c9@gmail.com,TKT-014522,Damaged Item,3
user_24138170@gmail.com,TKT-014523,Late Delivery,3
user_75d884bc@gmail.com,TKT-014524,Damaged Item,1
user_54975068@gmail.com,TKT-014525,Damaged Item,4
user_15882da2@gmail.com,TKT-014526,Late Delivery,1
user_a917c56d@gmail.com,TKT-014527,Late Delivery,3
user_52049d8a@gmail.com,TKT-014528,Damaged Item,3
user_f5999439@gmail.com,TKT-014529,Damaged Item,5
user_cc304f58@gmail.com,TKT-014530,Late Delivery,4
user_a2c78992@gmail.com,TKT-014531,Late Delivery,3
user_af00f5cf@gmail.com,TKT-014532,Late Delivery,3
user_0b046317@gmail.com,TKT-014533,Damaged Item,5
user_9ac37aec@gmail.com,TKT-014534,Late Delivery,1
user_0f421aad@gmail.com,TKT-014535,Late Delivery,2
user_243b0a2d@gmail.com,TKT-014536,Damaged Item,3
user_243068d5@gmail.com,TKT-014537,Late Delivery,5
user_8aa49a66@gmail.com,TKT-014538,Damaged Item,3
user_b2c6414f@gmail.com,TKT-014539,Damaged Item,1
user_00776f38@gmail.com,TKT-014540,Damaged Item,5
user_6dda4117@gmail.com,TKT-014541,Damaged Item,3
user_9775c540@gmail.com,TKT-014542,Late Delivery,2
user_5faabfe6@gmail.com,TKT-014543,Late Delivery,3
user_44de7deb@gmail.com,TKT-014544,Late Delivery,2
user_a0cc9676@gmail.com,TKT-014545,Late Delivery,3
user_d0064751@gmail.com,TKT-014546,Late Delivery,4
user_c3d0a36a@gmail.com,TKT-014547,Damaged Item,5
user_55e49611@gmail.com,TKT-014548,Late Delivery,3
user_5dc92678@gmail.com,TKT-014549,Late Delivery,4
user_88be09e6@gmail.com,TKT-014550,Damaged Item,5
user_6b379824@gmail.com,TKT-014551,Damaged Item,3
user_e5ef6ccd@gmail.com,TKT-014552,Late Delivery,4
user_f0ac405c@gmail.com,TKT-014553,Damaged Item,1
user_0431f28e@gmail.com,TKT-014554,Late Delivery,5
user_f5dc8f69@gmail.com,TKT-014555,Damaged Item,4
user_3bdc76a9@gmail.com,TKT-014556,Late Delivery,1
user_3fe67866@gmail.com,TKT-014557,Damaged Item,5
user_3786e249@gmail.com,TKT-014558,Late Delivery,2
user_5f6e8e12@gmail.com,TKT-014559,Damaged Item,4
user_408cb3e0@gmail.com,TKT-014560,Damaged Item,3
user_fabfc93d@gmail.com,TKT-014561,Damaged Item,4
user_2ae984d7@gmail.com,TKT-014562,Late Delivery,1
user_9873d212@gmail.com,TKT-014563,Damaged Item,2
user_f2aa8ff9@gmail.com,TKT-014564,Damaged Item,2
user_a4fcd2c0@gmail.com,TKT-014565,Late Delivery,5
user_f9593d15@gmail.com,TKT-014566,Late Delivery,3
user_e2f37643@gmail.com,TKT-014567,Late Delivery,2
user_71483eef@gmail.com,TKT-014568,Damaged Item,4
user_5bc58255@gmail.com,TKT-014569,Damaged Item,4
user_a531aba0@gmail.com,TKT-014570,Damaged Item,1
user_1cf8e6fe@gmail.com,TKT-014571,Late Delivery,2
user_0a843a6d@gmail.com,TKT-014572,Damaged Item,3
user_c96a0003@gmail.com,TKT-014573,Late Delivery,5
user_3d30c77b@gmail.com,TKT-014574,Damaged Item,1
user_fa9d4842@gmail.com,TKT-014575,Late Delivery,2
user_9ba6f096@gmail.com,TKT-014576,Late Delivery,1
user_a3e24c68@gmail.com,TKT-014577,Late Delivery,2
user_9da9fded@gmail.com,TKT-014578,Late Delivery,1
user_b5653aa1@gmail.com,TKT-014579,Damaged Item,2
user_b4c7f752@gmail.com,TKT-014580,Late Delivery,5
user_f99394cf@gmail.com,TKT-014581,Late Delivery,2
user_c5588406@gmail.com,TKT-014582,Damaged Item,4
user_f8012596@gmail.com,TKT-014583,Late Delivery,1
user_3bbc2cf6@gmail.com,TKT-014584,Damaged Item,4
user_b2773950@gmail.com,TKT-014585,Late Delivery,1
user_8a74d30a@gmail.com,TKT-014586,Damaged Item,3
user_c8f4f0e9@gmail.com,TKT-014587,Late Delivery,1
user_57f66dc1@gmail.com,TKT-014588,Late Delivery,1
user_64a97315@gmail.com,TKT-014589,Damaged Item,1
user_d8e3ee58@gmail.com,TKT-014590,Damaged Item,4
user_cc6cb7aa@gmail.com,TKT-014591,Late Delivery,3
user_5443a969@gmail.com,TKT-014592,Damaged Item,5
user_0049a165@gmail.com,TKT-014593,Late Delivery,4
user_50f6877b@gmail.com,TKT-014594,Late Delivery,4
user_b3933f96@gmail.com,TKT-014595,Damaged Item,4
user_ed568746@gmail.com,TKT-014596,Late Delivery,3
user_3577e91a@gmail.com,TKT-014597,Damaged Item,4
user_4cbcbd01@gmail.com,TKT-014598,Late Delivery,2
user_9e72470a@gmail.com,TKT-014599,Damaged Item,4
user_57975e1d@gmail.com,TKT-014600,Late Delivery,1
user_c353539f@gmail.com,TKT-014601,Late Delivery,1
user_647fbab0@gmail.com,TKT-014602,Late Delivery,4
user_4a1db542@gmail.com,TKT-014603,Damaged Item,3
user_fb3c2b03@gmail.com,TKT-014604,Late Delivery,4
user_bad773ea@gmail.com,TKT-014605,Damaged Item,1
user_4f66c0cb@gmail.com,TKT-014606,Damaged Item,2
user_20c9ce43@gmail.com,TKT-014607,Damaged Item,2
user_bdcedf52@gmail.com,TKT-014608,Late Delivery,5
user_3f2b884d@gmail.com,TKT-014609,Damaged Item,4
user_839c3232@gmail.com,TKT-014610,Damaged Item,5
user_c799727a@gmail.com,TKT-014611,Damaged Item,3
user_a2db61f3@gmail.com,TKT-014612,Damaged Item,5
user_23d6e26d@gmail.com,TKT-014613,Damaged Item,5
user_2c483e03@gmail.com,TKT-014614,Damaged Item,4
user_7d3d94b4@gmail.com,TKT-014615,Damaged Item,5
user_0e82bdce@gmail.com,TKT-014616,Late Delivery,4
user_bea41d6a@gmail.com,TKT-014617,Damaged Item,2
user_5190bcfd@gmail.com,TKT-014618,Late Delivery,1
user_44dc680d@gmail.com,TKT-014619,Late Delivery,5
user_be3a287d@gmail.com,TKT-014620,Late Delivery,2
user_84ad9aa5@gmail.com,TKT-014621,Damaged Item,2
user_14d2c9b4@gmail.com,TKT-014622,Damaged Item,1
user_47fb796c@gmail.com,TKT-014623,Late Delivery,3
user_acfdaf9a@gmail.com,TKT-014624,Damaged Item,5
user_560a4662@gmail.com,TKT-014625,Late Delivery,2
user_57a073a9@gmail.com,TKT-014626,Damaged Item,5
user_a004f0d4@gmail.com,TKT-014627,Damaged Item,4
user_498af54a@gmail.com,TKT-014628,Damaged Item,1
user_816d452b@gmail.com,TKT-014629,Damaged Item,5
user_7cad90d3@gmail.com,TKT-014630,Damaged Item,2
user_cacffd69@gmail.com,TKT-014631,Late Delivery,5
user_ddd6dd5b@gmail.com,TKT-014632,Late Delivery,4
user_14f477af@gmail.com,TKT-014633,Damaged Item,2
user_6987c9a8@gmail.com,TKT-014634,Late Delivery,4
user_7fe804f9@gmail.com,TKT-014635,Late Delivery,2
user_d194eea5@gmail.com,TKT-014636,Damaged Item,5
user_748e35b2@gmail.com,TKT-014637,Damaged Item,5
user_2682a5cb@gmail.com,TKT-014638,Damaged Item,4
user_ec59dafb@gmail.com,TKT-014639,Damaged Item,4
user_576ee0f4@gmail.com,TKT-014640,Late Delivery,3
user_1cba1401@gmail.com,TKT-014641,Late Delivery,1
user_61194a97@gmail.com,TKT-014642,Damaged Item,2
user_ce7b7d22@gmail.com,TKT-014643,Late Delivery,3
user_951c6c9f@gmail.com,TKT-014644,Damaged Item,2
user_b1f9c3dc@gmail.com,TKT-014645,Damaged Item,1
user_0e1519a1@gmail.com,TKT-014646,Late Delivery,2
user_22541679@gmail.com,TKT-014647,Late Delivery,3
user_a33c91d8@gmail.com,TKT-014648,Late Delivery,2
user_f36075d4@gmail.com,TKT-014649,Late Delivery,5
user_39f75ba5@gmail.com,TKT-014650,Late Delivery,3
user_ba3dac9f@gmail.com,TKT-014651,Damaged Item,3
user_5904e989@gmail.com,TKT-014652,Damaged Item,2
user_a3805e7c@gmail.com,TKT-014653,Late Delivery,5
user_fee8ac95@gmail.com,TKT-014654,Damaged Item,5
user_731d531a@gmail.com,TKT-014655,Damaged Item,5
user_825dd8ad@gmail.com,TKT-014656,Damaged Item,4
user_9645d963@gmail.com,TKT-014657,Late Delivery,2
user_7599f84d@gmail.com,TKT-014658,Late Delivery,1
user_4ea28151@gmail.com,TKT-014659,Damaged Item,2
user_b25b6528@gmail.com,TKT-014660,Late Delivery,2
user_6e2fc8ea@gmail.com,TKT-014661,Damaged Item,3
user_f382d408@gmail.com,TKT-014662,Damaged Item,5
user_0848ef39@gmail.com,TKT-014663,Damaged Item,4
user_65daa3f2@gmail.com,TKT-014664,Late Delivery,4
user_9160233b@gmail.com,TKT-014665,Damaged Item,1
user_665f8bbe@gmail.com,TKT-014666,Damaged Item,3
user_bb831a31@gmail.com,TKT-014667,Late Delivery,3
user_b53e90bd@gmail.com,TKT-014668,Damaged Item,5
user_df5cdc06@gmail.com,TKT-014669,Damaged Item,3
user_140f4111@gmail.com,TKT-014670,Late Delivery,5
user_16c3fbe7@gmail.com,TKT-014671,Late Delivery,5
user_f703ca92@gmail.com,TKT-014672,Damaged Item,5
user_a0127626@gmail.com,TKT-014673,Late Delivery,5
user_0f4fa708@gmail.com,TKT-014674,Late Delivery,1
user_c89b208c@gmail.com,TKT-014675,Damaged Item,3
user_15231578@gmail.com,TKT-014676,Damaged Item,2
user_047c439e@gmail.com,TKT-014677,Damaged Item,5
user_5b371c99@gmail.com,TKT-014678,Damaged Item,1
user_392d3876@gmail.com,TKT-014679,Late Delivery,4
user_313febe2@gmail.com,TKT-014680,Late Delivery,4
user_ddc7abbb@gmail.com,TKT-014681,Late Delivery,3
user_7f0a32f4@gmail.com,TKT-014682,Late Delivery,1
user_5ec9ab6d@gmail.com,TKT-014683,Late Delivery,4
user_0a31e281@gmail.com,TKT-014684,Late Delivery,5
user_ff38610e@gmail.com,TKT-014685,Late Delivery,3
user_1447cdf9@gmail.com,TKT-014686,Damaged Item,4
user_47828660@gmail.com,TKT-014687,Late Delivery,3
user_2a3a390a@gmail.com,TKT-014688,Damaged Item,1
user_f15f4776@gmail.com,TKT-014689,Late Delivery,5
user_5b170b21@gmail.com,TKT-014690,Late Delivery,5
user_5a3e3213@gmail.com,TKT-014691,Late Delivery,4
user_7a68b1b6@gmail.com,TKT-014692,Damaged Item,4
user_80b62bae@gmail.com,TKT-014693,Late Delivery,5
user_664fe791@gmail.com,TKT-014694,Damaged Item,4
user_56f15470@gmail.com,TKT-014695,Late Delivery,3
user_3b2aa495@gmail.com,TKT-014696,Late Delivery,4
user_060d045d@gmail.com,TKT-014697,Damaged Item,5
user_15128915@gmail.com,TKT-014698,Damaged Item,4
user_637cd4a8@gmail.com,TKT-014699,Damaged Item,1
user_6940b55b@gmail.com,TKT-014700,Damaged Item,2
user_93451172@gmail.com,TKT-014701,Late Delivery,4
user_a0bf5d63@gmail.com,TKT-014702,Damaged Item,5
user_9e165c07@gmail.com,TKT-014703,Damaged Item,1
user_2ce9290b@gmail.com,TKT-014704,Damaged Item,2
user_536911ee@gmail.com,TKT-014705,Damaged Item,1
user_d2705e2b@gmail.com,TKT-014706,Damaged Item,4
user_e88baae8@gmail.com,TKT-014707,Damaged Item,1
user_ac229c12@gmail.com,TKT-014708,Damaged Item,4
user_b67f9a69@gmail.com,TKT-014709,Late Delivery,4
user_e7688fef@gmail.com,TKT-014710,Damaged Item,3
user_a1943c69@gmail.com,TKT-014711,Damaged Item,1
user_d23df6cd@gmail.com,TKT-014712,Damaged Item,4
user_688d5274@gmail.com,TKT-014713,Damaged Item,5
user_4213fb9a@gmail.com,TKT-014714,Damaged Item,5
user_495b8713@gmail.com,TKT-014715,Late Delivery,2
user_c8d3ab3b@gmail.com,TKT-014716,Damaged Item,4
user_f567304f@gmail.com,TKT-014717,Late Delivery,2
user_14b2ef9c@gmail.com,TKT-014718,Late Delivery,4
user_d846745a@gmail.com,TKT-014719,Late Delivery,4
user_91e6fd64@gmail.com,TKT-014720,Late Delivery,3
user_0c40d149@gmail.com,TKT-014721,Late Delivery,5
user_fb26fc58@gmail.com,TKT-014722,Damaged Item,4
user_20120882@gmail.com,TKT-014723,Late Delivery,4
user_850e8006@gmail.com,TKT-014724,Late Delivery,4
user_30e07534@gmail.com,TKT-014725,Damaged Item,5
user_9f8de381@gmail.com,TKT-014726,Late Delivery,1
user_3ca07c6e@gmail.com,TKT-014727,Damaged Item,1
user_9067617d@gmail.com,TKT-014728,Late Delivery,4
user_7dd466ce@gmail.com,TKT-014729,Damaged Item,3
user_0b301ba8@gmail.com,TKT-014730,Late Delivery,5
user_d46a2334@gmail.com,TKT-014731,Late Delivery,3
user_11f4e46d@gmail.com,TKT-014732,Damaged Item,1
user_ba86ceec@gmail.com,TKT-014733,Late Delivery,2
user_390abc43@gmail.com,TKT-014734,Late Delivery,1
user_48a24511@gmail.com,TKT-014735,Late Delivery,2
user_784aa772@gmail.com,TKT-014736,Late Delivery,3
user_47e42541@gmail.com,TKT-014737,Damaged Item,5
user_607a96b8@gmail.com,TKT-014738,Late Delivery,4
user_a5cad0a3@gmail.com,TKT-014739,Late Delivery,2
user_3264bdf1@gmail.com,TKT-014740,Late Delivery,4
user_5ca414a7@gmail.com,TKT-014741,Damaged Item,1
user_3636f1d0@gmail.com,TKT-014742,Late Delivery,3
user_8b1ccc13@gmail.com,TKT-014743,Damaged Item,4
user_9377b864@gmail.com,TKT-014744,Damaged Item,1
user_701f8947@gmail.com,TKT-014745,Late Delivery,1
user_9f22fc34@gmail.com,TKT-014746,Damaged Item,3
user_23d961ed@gmail.com,TKT-014747,Damaged Item,5
user_44ab13a6@gmail.com,TKT-014748,Damaged Item,4
user_b027ab38@gmail.com,TKT-014749,Damaged Item,2
user_aa6a5249@gmail.com,TKT-014750,Late Delivery,1
user_754fd85b@gmail.com,TKT-014751,Late Delivery,5
user_acd20c20@gmail.com,TKT-014752,Damaged Item,4
user_de57975e@gmail.com,TKT-014753,Late Delivery,1
user_bce6d76e@gmail.com,TKT-014754,Late Delivery,4
user_be5be2db@gmail.com,TKT-014755,Damaged Item,3
user_6a075bbe@gmail.com,TKT-014756,Damaged Item,3
user_ecc015a0@gmail.com,TKT-014757,Damaged Item,4
user_d4609496@gmail.com,TKT-014758,Damaged Item,5
user_5dbd6d83@gmail.com,TKT-014759,Late Delivery,5
user_fcecfb18@gmail.com,TKT-014760,Damaged Item,5
user_b6108acc@gmail.com,TKT-014761,Damaged Item,4
user_ff245712@gmail.com,TKT-014762,Late Delivery,1
user_e29a29f9@gmail.com,TKT-014763,Damaged Item,5
user_0bae824b@gmail.com,TKT-014764,Damaged Item,4
user_e5e8d1b9@gmail.com,TKT-014765,Damaged Item,5
user_90eb1ebf@gmail.com,TKT-014766,Late Delivery,3
user_a8d34410@gmail.com,TKT-014767,Late Delivery,2
user_04edaceb@gmail.com,TKT-014768,Late Delivery,5
user_990228d4@gmail.com,TKT-014769,Late Delivery,2
user_08da95f9@gmail.com,TKT-014770,Late Delivery,5
user_649e24df@gmail.com,TKT-014771,Damaged Item,2
user_35dfe1ef@gmail.com,TKT-014772,Damaged Item,4
user_92b18241@gmail.com,TKT-014773,Late Delivery,2
user_1b79a5d6@gmail.com,TKT-014774,Damaged Item,4
user_1985ee4e@gmail.com,TKT-014775,Late Delivery,3
user_82e87b54@gmail.com,TKT-014776,Damaged Item,1
user_8539847c@gmail.com,TKT-014777,Damaged Item,3
user_c35e7b51@gmail.com,TKT-014778,Damaged Item,5
user_e324c134@gmail.com,TKT-014779,Damaged Item,2
user_0dc0731a@gmail.com,TKT-014780,Damaged Item,5
user_4de93895@gmail.com,TKT-014781,Damaged Item,3
user_f058a2cc@gmail.com,TKT-014782,Damaged Item,4
user_a995d70d@gmail.com,TKT-014783,Damaged Item,4
user_b899f098@gmail.com,TKT-014784,Damaged Item,5
user_dc72d41d@gmail.com,TKT-014785,Damaged Item,3
user_e4318ffd@gmail.com,TKT-014786,Late Delivery,5
user_7bcec0a5@gmail.com,TKT-014787,Damaged Item,3
user_5e5da0d5@gmail.com,TKT-014788,Late Delivery,1
user_f2c06c34@gmail.com,TKT-014789,Damaged Item,5
user_c9439890@gmail.com,TKT-014790,Damaged Item,1
user_6b9afcb1@gmail.com,TKT-014791,Late Delivery,5
user_f4c4cb0d@gmail.com,TKT-014792,Late Delivery,4
user_b21dfdc5@gmail.com,TKT-014793,Late Delivery,5
user_449cc262@gmail.com,TKT-014794,Damaged Item,2
user_9485eec7@gmail.com,TKT-014795,Late Delivery,4
user_349a5120@gmail.com,TKT-014796,Late Delivery,5
user_847776bc@gmail.com,TKT-014797,Late Delivery,3
user_df486f45@gmail.com,TKT-014798,Damaged Item,1
user_3e3b2a4b@gmail.com,TKT-014799,Late Delivery,3
user_ab937298@gmail.com,TKT-014800,Late Delivery,1
user_f00a38e8@gmail.com,TKT-014801,Damaged Item,2
user_6a40f754@gmail.com,TKT-014802,Late Delivery,2
user_e2c30420@gmail.com,TKT-014803,Damaged Item,4
user_c689aae6@gmail.com,TKT-014804,Damaged Item,5
user_b720bceb@gmail.com,TKT-014805,Damaged Item,3
user_1699440c@gmail.com,TKT-014806,Late Delivery,1
user_6c08f7f8@gmail.com,TKT-014807,Late Delivery,4
user_5839ad23@gmail.com,TKT-014808,Late Delivery,5
user_b495d807@gmail.com,TKT-014809,Damaged Item,5
user_ef5503ad@gmail.com,TKT-014810,Damaged Item,4
user_cd46df72@gmail.com,TKT-014811,Damaged Item,1
user_07008374@gmail.com,TKT-014812,Late Delivery,5
user_ba06852a@gmail.com,TKT-014813,Damaged Item,5
user_32474a71@gmail.com,TKT-014814,Late Delivery,1
user_43cf4a43@gmail.com,TKT-014815,Late Delivery,4
user_69230c24@gmail.com,TKT-014816,Late Delivery,4
user_e1ba66a5@gmail.com,TKT-014817,Late Delivery,5
user_65dc7b43@gmail.com,TKT-014818,Late Delivery,5
user_efe8f870@gmail.com,TKT-014819,Damaged Item,2
user_9e30b232@gmail.com,TKT-014820,Late Delivery,1
user_13fe2bd5@gmail.com,TKT-014821,Late Delivery,5
user_58a1ba19@gmail.com,TKT-014822,Late Delivery,2
user_36210933@gmail.com,TKT-014823,Damaged Item,2
user_890eb4e2@gmail.com,TKT-014824,Damaged Item,5
user_9475cd15@gmail.com,TKT-014825,Damaged Item,2
user_8afaf1b7@gmail.com,TKT-014826,Damaged Item,1
user_02f0b9bf@gmail.com,TKT-014827,Damaged Item,3
user_1440bec7@gmail.com,TKT-014828,Late Delivery,3
user_d428c33b@gmail.com,TKT-014829,Late Delivery,5
user_929d7b14@gmail.com,TKT-014830,Damaged Item,3
user_47210d3c@gmail.com,TKT-014831,Damaged Item,3
user_36a3f07a@gmail.com,TKT-014832,Late Delivery,2
user_0a3cffa0@gmail.com,TKT-014833,Damaged Item,3
user_71a9809c@gmail.com,TKT-014834,Late Delivery,3
user_4cfb89eb@gmail.com,TKT-014835,Late Delivery,2
user_f8ac33ce@gmail.com,TKT-014836,Damaged Item,3
user_0ea93f58@gmail.com,TKT-014837,Damaged Item,5
user_45ad33f9@gmail.com,TKT-014838,Damaged Item,5
user_753706ca@gmail.com,TKT-014839,Late Delivery,1
user_71fa6644@gmail.com,TKT-014840,Late Delivery,5
user_dd08a6df@gmail.com,TKT-014841,Damaged Item,3
user_fd529f75@gmail.com,TKT-014842,Damaged Item,2
user_65865a9e@gmail.com,TKT-014843,Damaged Item,4
user_9bd9da79@gmail.com,TKT-014844,Damaged Item,5
user_66af6d2d@gmail.com,TKT-014845,Damaged Item,5
user_0c838047@gmail.com,TKT-014846,Damaged Item,1
user_616309b2@gmail.com,TKT-014847,Late Delivery,1
user_094cdf73@gmail.com,TKT-014848,Late Delivery,3
user_2057c4a1@gmail.com,TKT-014849,Late Delivery,4
user_9d9c9d27@gmail.com,TKT-014850,Late Delivery,4
user_91a94e14@gmail.com,TKT-014851,Late Delivery,2
user_cbdcaa62@gmail.com,TKT-014852,Damaged Item,4
user_a1ff98c0@gmail.com,TKT-014853,Late Delivery,2
user_75b069f3@gmail.com,TKT-014854,Late Delivery,3
user_b19590f1@gmail.com,TKT-014855,Late Delivery,4
user_ea584908@gmail.com,TKT-014856,Late Delivery,1
user_f6c8c7f8@gmail.com,TKT-014857,Late Delivery,4
user_e9aef7d8@gmail.com,TKT-014858,Damaged Item,3
user_29c9de8d@gmail.com,TKT-014859,Late Delivery,4
user_e6f1d12f@gmail.com,TKT-014860,Late Delivery,4
user_11e51fdd@gmail.com,TKT-014861,Damaged Item,4
user_c75ea04d@gmail.com,TKT-014862,Damaged Item,1
user_7ce9303c@gmail.com,TKT-014863,Damaged Item,5
user_5234d8af@gmail.com,TKT-014864,Damaged Item,4
user_acc304ef@gmail.com,TKT-014865,Damaged Item,4
user_f15368fc@gmail.com,TKT-014866,Damaged Item,4
user_d5ddf34c@gmail.com,TKT-014867,Damaged Item,5
user_21de00c4@gmail.com,TKT-014868,Damaged Item,2
user_21c5ca0b@gmail.com,TKT-014869,Late Delivery,3
user_0bec90eb@gmail.com,TKT-014870,Damaged Item,5
user_09f0d1b9@gmail.com,TKT-014871,Damaged Item,5
user_1869558c@gmail.com,TKT-014872,Late Delivery,5
user_4753f636@gmail.com,TKT-014873,Damaged Item,2
user_10beb52d@gmail.com,TKT-014874,Late Delivery,5
user_762d95e6@gmail.com,TKT-014875,Damaged Item,2
user_0829b9a7@gmail.com,TKT-014876,Late Delivery,3
user_7954ee1a@gmail.com,TKT-014877,Late Delivery,1
user_c175d379@gmail.com,TKT-014878,Late Delivery,5
user_6cefc290@gmail.com,TKT-014879,Damaged Item,1
user_18d1c8b8@gmail.com,TKT-014880,Late Delivery,1
user_229ceec9@gmail.com,TKT-014881,Damaged Item,2
user_c0237d2d@gmail.com,TKT-014882,Late Delivery,2
user_514f2a78@gmail.com,TKT-014883,Damaged Item,4
user_d0370528@gmail.com,TKT-014884,Late Delivery,4
user_ddba0e0a@gmail.com,TKT-014885,Late Delivery,3
user_5b3571b5@gmail.com,TKT-014886,Damaged Item,2
user_6d2a68be@gmail.com,TKT-014887,Damaged Item,3
user_de33b5b4@gmail.com,TKT-014888,Damaged Item,5
user_bcbe2558@gmail.com,TKT-014889,Late Delivery,3
user_4c2c8f8e@gmail.com,TKT-014890,Late Delivery,2
user_d8e3c821@gmail.com,TKT-014891,Late Delivery,4
user_55ce1aaa@gmail.com,TKT-014892,Late Delivery,4
user_017da269@gmail.com,TKT-014893,Damaged Item,3
user_95f3ada8@gmail.com,TKT-014894,Late Delivery,2
user_4316fe2a@gmail.com,TKT-014895,Damaged Item,3
user_d99d6002@gmail.com,TKT-014896,Damaged Item,3
user_bde87a83@gmail.com,TKT-014897,Late Delivery,5
user_bcc594f0@gmail.com,TKT-014898,Damaged Item,2
user_57b605c7@gmail.com,TKT-014899,Late Delivery,2
user_0f471888@gmail.com,TKT-014900,Late Delivery,4
user_d3e5718b@gmail.com,TKT-014901,Damaged Item,4
user_89a849f3@gmail.com,TKT-014902,Damaged Item,4
user_1451eb02@gmail.com,TKT-014903,Damaged Item,5
user_2035b89e@gmail.com,TKT-014904,Late Delivery,3
user_3d83e5ef@gmail.com,TKT-014905,Late Delivery,4
user_aebd8ef8@gmail.com,TKT-014906,Late Delivery,1
user_ce01b4b6@gmail.com,TKT-014907,Late Delivery,5
user_bff9db4b@gmail.com,TKT-014908,Late Delivery,1
user_0839a780@gmail.com,TKT-014909,Late Delivery,5
user_06b84f1b@gmail.com,TKT-014910,Late Delivery,4
user_383c47b8@gmail.com,TKT-014911,Late Delivery,2
user_7b0ee136@gmail.com,TKT-014912,Late Delivery,1
user_edd5f04f@gmail.com,TKT-014913,Late Delivery,4
user_f4b15ccf@gmail.com,TKT-014914,Damaged Item,4
user_15d5cb0a@gmail.com,TKT-014915,Damaged Item,5
user_9117f3fe@gmail.com,TKT-014916,Late Delivery,3
user_23ad8d7e@gmail.com,TKT-014917,Late Delivery,1
user_4bc947de@gmail.com,TKT-014918,Late Delivery,2
user_55b3a0a9@gmail.com,TKT-014919,Damaged Item,1
user_dd1213a8@gmail.com,TKT-014920,Damaged Item,4
user_e3872b53@gmail.com,TKT-014921,Damaged Item,1
user_c64bc8e9@gmail.com,TKT-014922,Late Delivery,3
user_63b7f76b@gmail.com,TKT-014923,Damaged Item,4
user_e888fbcd@gmail.com,TKT-014924,Damaged Item,2
user_f5ac2100@gmail.com,TKT-014925,Damaged Item,3
user_05bc8e1b@gmail.com,TKT-014926,Late Delivery,5
user_2c90f7dd@gmail.com,TKT-014927,Damaged Item,1
user_90b255a1@gmail.com,TKT-014928,Late Delivery,3
user_e601188d@gmail.com,TKT-014929,Damaged Item,2
user_4cf34ffa@gmail.com,TKT-014930,Late Delivery,3
user_b48c4db5@gmail.com,TKT-014931,Late Delivery,5
user_51c4ac34@gmail.com,TKT-014932,Late Delivery,4
user_968c15b4@gmail.com,TKT-014933,Damaged Item,5
user_5cad5769@gmail.com,TKT-014934,Late Delivery,5
user_792d3121@gmail.com,TKT-014935,Damaged Item,5
user_247c8264@gmail.com,TKT-014936,Damaged Item,4
user_49f4a38f@gmail.com,TKT-014937,Late Delivery,2
user_d3cb5cc8@gmail.com,TKT-014938,Damaged Item,1
user_3ad1b2ca@gmail.com,TKT-014939,Late Delivery,4
user_bfe0ecf8@gmail.com,TKT-014940,Damaged Item,3
user_e3787af6@gmail.com,TKT-014941,Late Delivery,4
user_3d8af052@gmail.com,TKT-014942,Damaged Item,3
user_1570fd02@gmail.com,TKT-014943,Damaged Item,3
user_3c8ca5dc@gmail.com,TKT-014944,Late Delivery,5
user_c84863da@gmail.com,TKT-014945,Late Delivery,1
user_a5084f04@gmail.com,TKT-014946,Late Delivery,2
user_e48095bd@gmail.com,TKT-014947,Late Delivery,4
user_debc4c56@gmail.com,TKT-014948,Damaged Item,1
user_e15fd1c0@gmail.com,TKT-014949,Late Delivery,4
user_3bad4ba2@gmail.com,TKT-014950,Damaged Item,3
user_fcc0eabe@gmail.com,TKT-014951,Late Delivery,4
user_67e8452b@gmail.com,TKT-014952,Damaged Item,5
user_3e71464f@gmail.com,TKT-014953,Damaged Item,5
user_c1c76327@gmail.com,TKT-014954,Damaged Item,3
user_d8683adc@gmail.com,TKT-014955,Damaged Item,4
user_8de5b2b0@gmail.com,TKT-014956,Damaged Item,1
user_ed9ab198@gmail.com,TKT-014957,Damaged Item,1
user_bc2c9d4c@gmail.com,TKT-014958,Damaged Item,1
user_1c933548@gmail.com,TKT-014959,Damaged Item,3
user_d04b8fd0@gmail.com,TKT-014960,Damaged Item,3
user_02aa4845@gmail.com,TKT-014961,Late Delivery,1
user_a7f1a6dc@gmail.com,TKT-014962,Late Delivery,2
user_c8879b82@gmail.com,TKT-014963,Damaged Item,1
user_1bd726b9@gmail.com,TKT-014964,Damaged Item,4
user_241eec1d@gmail.com,TKT-014965,Damaged Item,2
user_63d70a6c@gmail.com,TKT-014966,Damaged Item,3
user_e8ba909c@gmail.com,TKT-014967,Late Delivery,3
user_633cde82@gmail.com,TKT-014968,Damaged Item,1
user_200d8b1f@gmail.com,TKT-014969,Damaged Item,5
user_25490880@gmail.com,TKT-014970,Late Delivery,4
user_8e662c86@gmail.com,TKT-014971,Late Delivery,3
user_1e1713cc@gmail.com,TKT-014972,Damaged Item,3
user_5af79d89@gmail.com,TKT-014973,Late Delivery,4
user_86aa146a@gmail.com,TKT-014974,Damaged Item,2
user_38b01aeb@gmail.com,TKT-014975,Damaged Item,3
user_33c10edb@gmail.com,TKT-014976,Late Delivery,1
user_a3203516@gmail.com,TKT-014977,Late Delivery,1
user_a59a6771@gmail.com,TKT-014978,Late Delivery,5
user_947a5da6@gmail.com,TKT-014979,Late Delivery,4
user_52f54b97@gmail.com,TKT-014980,Late Delivery,1
user_f5208984@gmail.com,TKT-014981,Late Delivery,1
user_d86023a6@gmail.com,TKT-014982,Late Delivery,3
user_dd2d3e71@gmail.com,TKT-014983,Late Delivery,2
user_9882759a@gmail.com,TKT-014984,Late Delivery,4
user_abc44e2f@gmail.com,TKT-014985,Damaged Item,1
user_b745964f@gmail.com,TKT-014986,Damaged Item,5
user_6e99e751@gmail.com,TKT-014987,Damaged Item,1
user_8efb5821@gmail.com,TKT-014988,Late Delivery,5
user_08cb049b@gmail.com,TKT-014989,Damaged Item,1
user_10c3a1c4@gmail.com,TKT-014990,Late Delivery,2
user_270d33ed@gmail.com,TKT-014991,Late Delivery,3
user_8c4478c9@gmail.com,TKT-014992,Damaged Item,1
user_c7189a47@gmail.com,TKT-014993,Late Delivery,1
user_8364e3d8@gmail.com,TKT-014994,Damaged Item,2
user_9f8b3411@gmail.com,TKT-014995,Late Delivery,2
user_ad35f30a@gmail.com,TKT-014996,Late Delivery,2
user_4fdd708d@gmail.com,TKT-014997,Late Delivery,4
user_25b244d0@gmail.com,TKT-014998,Late Delivery,2
user_b4f8412e@gmail.com,TKT-014999,Late Delivery,3
user_940a6d4d@gmail.com,TKT-015000,Late Delivery,2
user_a32d9159@gmail.com,TKT-015001,Damaged Item,2
user_3315d8e4@gmail.com,TKT-015002,Damaged Item,5
user_13e26286@gmail.com,TKT-015003,Damaged Item,5
user_52ce7a02@gmail.com,TKT-015004,Late Delivery,2
user_d992b40e@gmail.com,TKT-015005,Late Delivery,1
user_9dd72402@gmail.com,TKT-015006,Late Delivery,4
user_a36b0171@gmail.com,TKT-015007,Damaged Item,3
user_87c7ba63@gmail.com,TKT-015008,Damaged Item,1
user_4bc469b9@gmail.com,TKT-015009,Damaged Item,2
user_164ba50c@gmail.com,TKT-015010,Late Delivery,4
user_e72c54ba@gmail.com,TKT-015011,Damaged Item,2
user_cc99a935@gmail.com,TKT-015012,Damaged Item,4
user_ec6622c7@gmail.com,TKT-015013,Damaged Item,4
user_5834285a@gmail.com,TKT-015014,Late Delivery,4
user_a7275640@gmail.com,TKT-015015,Damaged Item,4
user_be60631f@gmail.com,TKT-015016,Late Delivery,1
user_6228bfcc@gmail.com,TKT-015017,Late Delivery,5
user_93c93522@gmail.com,TKT-015018,Late Delivery,2
user_547f444d@gmail.com,TKT-015019,Damaged Item,1
user_b21e6ad1@gmail.com,TKT-015020,Damaged Item,1
user_f9b074cc@gmail.com,TKT-015021,Damaged Item,5
user_1aa892d3@gmail.com,TKT-015022,Late Delivery,2
user_b3393eca@gmail.com,TKT-015023,Late Delivery,3
user_3a8a72a9@gmail.com,TKT-015024,Late Delivery,1
user_9be5b995@gmail.com,TKT-015025,Damaged Item,3
user_1564ee39@gmail.com,TKT-015026,Late Delivery,5
user_05c2f0af@gmail.com,TKT-015027,Damaged Item,3
user_98353c61@gmail.com,TKT-015028,Damaged Item,2
user_6ecbce93@gmail.com,TKT-015029,Damaged Item,3
user_7daf1be5@gmail.com,TKT-015030,Damaged Item,4
user_ca45a33e@gmail.com,TKT-015031,Damaged Item,3
user_b4914156@gmail.com,TKT-015032,Late Delivery,2
user_d55e256d@gmail.com,TKT-015033,Late Delivery,2
user_7d2a5371@gmail.com,TKT-015034,Damaged Item,1
user_2d7cb41d@gmail.com,TKT-015035,Late Delivery,5
user_9e425194@gmail.com,TKT-015036,Damaged Item,5
user_d948e8bd@gmail.com,TKT-015037,Damaged Item,3
user_79d38893@gmail.com,TKT-015038,Damaged Item,5
user_93bdcb31@gmail.com,TKT-015039,Damaged Item,1
user_d6996885@gmail.com,TKT-015040,Late Delivery,5
user_818a621c@gmail.com,TKT-015041,Damaged Item,3
user_11100497@gmail.com,TKT-015042,Late Delivery,3
user_3ca06f66@gmail.com,TKT-015043,Damaged Item,4
user_4343c49f@gmail.com,TKT-015044,Late Delivery,5
user_2ce0650b@gmail.com,TKT-015045,Late Delivery,1
user_a05c5ffb@gmail.com,TKT-015046,Late Delivery,1
user_de0e500b@gmail.com,TKT-015047,Late Delivery,4
user_fa87617e@gmail.com,TKT-015048,Damaged Item,4
user_7bdaec9d@gmail.com,TKT-015049,Damaged Item,1
user_889ddb61@gmail.com,TKT-015050,Damaged Item,3
user_a3e12e9f@gmail.com,TKT-015051,Late Delivery,1
user_bb07648d@gmail.com,TKT-015052,Late Delivery,4
user_a0ed3411@gmail.com,TKT-015053,Damaged Item,2
user_30dbcfc4@gmail.com,TKT-015054,Late Delivery,2
user_149f2922@gmail.com,TKT-015055,Late Delivery,1
user_0c7360e4@gmail.com,TKT-015056,Late Delivery,1
user_35959790@gmail.com,TKT-015057,Late Delivery,4
user_2b50d734@gmail.com,TKT-015058,Damaged Item,4
user_f52f766d@gmail.com,TKT-015059,Damaged Item,4
user_1f4d4a81@gmail.com,TKT-015060,Late Delivery,1
user_ecc6e5e9@gmail.com,TKT-015061,Late Delivery,5
user_90932cbc@gmail.com,TKT-015062,Late Delivery,5
user_7a8fb0f3@gmail.com,TKT-015063,Late Delivery,5
user_95538020@gmail.com,TKT-015064,Late Delivery,4
user_510dda23@gmail.com,TKT-015065,Late Delivery,1
user_31338345@gmail.com,TKT-015066,Damaged Item,1
user_562c19b0@gmail.com,TKT-015067,Late Delivery,3
user_bdd88e5f@gmail.com,TKT-015068,Damaged Item,3
user_c0a3b908@gmail.com,TKT-015069,Late Delivery,2
user_cbfca226@gmail.com,TKT-015070,Late Delivery,3
user_353d0456@gmail.com,TKT-015071,Late Delivery,4
user_0c45dff0@gmail.com,TKT-015072,Late Delivery,4
user_227dee34@gmail.com,TKT-015073,Late Delivery,2
user_4c30e4dd@gmail.com,TKT-015074,Late Delivery,5
user_015613e1@gmail.com,TKT-015075,Damaged Item,5
user_4fc947b9@gmail.com,TKT-015076,Damaged Item,5
user_143a74bd@gmail.com,TKT-015077,Damaged Item,5
user_eb7cfc50@gmail.com,TKT-015078,Late Delivery,4
user_02620ba8@gmail.com,TKT-015079,Damaged Item,5
user_13efaade@gmail.com,TKT-015080,Late Delivery,4
user_f77f1074@gmail.com,TKT-015081,Damaged Item,3
user_1c6fde1c@gmail.com,TKT-015082,Late Delivery,2
user_65c6b170@gmail.com,TKT-015083,Late Delivery,2
user_9ddb8d6d@gmail.com,TKT-015084,Late Delivery,3
user_2dd0f0f8@gmail.com,TKT-015085,Damaged Item,2
user_c9c780c7@gmail.com,TKT-015086,Late Delivery,5
user_ba1f5ad1@gmail.com,TKT-015087,Damaged Item,5
user_9ab7f444@gmail.com,TKT-015088,Damaged Item,1
user_87566fe4@gmail.com,TKT-015089,Damaged Item,1
user_c504ed3c@gmail.com,TKT-015090,Late Delivery,3
user_f78bc67b@gmail.com,TKT-015091,Late Delivery,5
user_7d3da917@gmail.com,TKT-015092,Late Delivery,1
user_f512b7ca@gmail.com,TKT-015093,Damaged Item,2
user_82da7514@gmail.com,TKT-015094,Late Delivery,1
user_418ee6e3@gmail.com,TKT-015095,Late Delivery,4
user_b9487d6e@gmail.com,TKT-015096,Late Delivery,2
user_35478659@gmail.com,TKT-015097,Late Delivery,2
user_50074621@gmail.com,TKT-015098,Damaged Item,4
user_a48e92f8@gmail.com,TKT-015099,Late Delivery,4
user_651943e7@gmail.com,TKT-015100,Late Delivery,1
user_d5954d70@gmail.com,TKT-015101,Damaged Item,5
user_8411ef4e@gmail.com,TKT-015102,Late Delivery,3
user_7430052c@gmail.com,TKT-015103,Damaged Item,1
user_e98d34ee@gmail.com,TKT-015104,Damaged Item,1
user_904ee2bb@gmail.com,TKT-015105,Late Delivery,2
user_74217830@gmail.com,TKT-015106,Damaged Item,3
user_22b64b25@gmail.com,TKT-015107,Damaged Item,4
user_f57ae1f3@gmail.com,TKT-015108,Late Delivery,2
user_49e7b8b9@gmail.com,TKT-015109,Damaged Item,5
user_ded0f90b@gmail.com,TKT-015110,Late Delivery,4
user_2aba7239@gmail.com,TKT-015111,Late Delivery,1
user_89a9eed1@gmail.com,TKT-015112,Damaged Item,1
user_2147de26@gmail.com,TKT-015113,Late Delivery,1
user_83aa61a6@gmail.com,TKT-015114,Late Delivery,1
user_2c9d53f2@gmail.com,TKT-015115,Late Delivery,2
user_2e5f620c@gmail.com,TKT-015116,Damaged Item,4
user_916792a1@gmail.com,TKT-015117,Late Delivery,2
user_d19cdec7@gmail.com,TKT-015118,Damaged Item,5
user_5d9eb38a@gmail.com,TKT-015119,Damaged Item,5
user_b24c2da8@gmail.com,TKT-015120,Late Delivery,5
user_5b790970@gmail.com,TKT-015121,Damaged Item,2
user_86c7ca0a@gmail.com,TKT-015122,Damaged Item,5
user_5378395f@gmail.com,TKT-015123,Damaged Item,5
user_8e5acc8a@gmail.com,TKT-015124,Damaged Item,1
user_fa0dcaa8@gmail.com,TKT-015125,Late Delivery,1
user_645f3682@gmail.com,TKT-015126,Late Delivery,3
user_47cf6f0c@gmail.com,TKT-015127,Late Delivery,1
user_09543bae@gmail.com,TKT-015128,Damaged Item,4
user_ca81458a@gmail.com,TKT-015129,Late Delivery,5
user_5dc033c9@gmail.com,TKT-015130,Late Delivery,3
user_bebdf667@gmail.com,TKT-015131,Damaged Item,2
user_2b2444f1@gmail.com,TKT-015132,Late Delivery,3
user_7194aedf@gmail.com,TKT-015133,Late Delivery,5
user_2fc88e2d@gmail.com,TKT-015134,Late Delivery,4
user_28b92529@gmail.com,TKT-015135,Damaged Item,4
user_15945100@gmail.com,TKT-015136,Late Delivery,1
user_37d84cb1@gmail.com,TKT-015137,Late Delivery,2
user_5ac793e4@gmail.com,TKT-015138,Damaged Item,5
user_ba7b0096@gmail.com,TKT-015139,Late Delivery,5
user_0eb0dd01@gmail.com,TKT-015140,Damaged Item,1
user_8a7e2716@gmail.com,TKT-015141,Damaged Item,5
user_32a390ed@gmail.com,TKT-015142,Damaged Item,2
user_280698c3@gmail.com,TKT-015143,Damaged Item,5
user_1b8cd547@gmail.com,TKT-015144,Late Delivery,3
user_e9b52a3e@gmail.com,TKT-015145,Damaged Item,5
user_966991f3@gmail.com,TKT-015146,Damaged Item,4
user_f26327ec@gmail.com,TKT-015147,Late Delivery,1
user_60c74883@gmail.com,TKT-015148,Damaged Item,1
user_52ce1bd7@gmail.com,TKT-015149,Late Delivery,3
user_e4c78c51@gmail.com,TKT-015150,Damaged Item,3
user_36e92cef@gmail.com,TKT-015151,Damaged Item,4
user_2c2ca0d8@gmail.com,TKT-015152,Late Delivery,2
user_b5128c97@gmail.com,TKT-015153,Damaged Item,5
user_1206037e@gmail.com,TKT-015154,Damaged Item,1
user_96e7c164@gmail.com,TKT-015155,Damaged Item,5
user_f85d249a@gmail.com,TKT-015156,Late Delivery,2
user_08f0052d@gmail.com,TKT-015157,Late Delivery,1
user_1b3bc43a@gmail.com,TKT-015158,Damaged Item,5
user_0567862a@gmail.com,TKT-015159,Late Delivery,2
user_c054a603@gmail.com,TKT-015160,Damaged Item,3
user_169d2624@gmail.com,TKT-015161,Damaged Item,3
user_68095fcd@gmail.com,TKT-015162,Late Delivery,5
user_d5aec249@gmail.com,TKT-015163,Damaged Item,5
user_a2a9e6be@gmail.com,TKT-015164,Damaged Item,4
user_ea7599dc@gmail.com,TKT-015165,Damaged Item,2
user_ec60b148@gmail.com,TKT-015166,Damaged Item,3
user_19554efc@gmail.com,TKT-015167,Damaged Item,1
user_2348acb8@gmail.com,TKT-015168,Late Delivery,5
user_3c3a8cbb@gmail.com,TKT-015169,Damaged Item,2
user_2a767cc6@gmail.com,TKT-015170,Damaged Item,5
user_3d11fb72@gmail.com,TKT-015171,Late Delivery,1
user_2c4bcbb5@gmail.com,TKT-015172,Late Delivery,4
user_bdca02cf@gmail.com,TKT-015173,Damaged Item,4
user_7c8cdb09@gmail.com,TKT-015174,Damaged Item,4
user_a8794bde@gmail.com,TKT-015175,Late Delivery,4
user_b1a6ead3@gmail.com,TKT-015176,Late Delivery,5
user_07435003@gmail.com,TKT-015177,Late Delivery,5
user_867a7afe@gmail.com,TKT-015178,Late Delivery,1
user_580ab375@gmail.com,TKT-015179,Late Delivery,3
user_98127c71@gmail.com,TKT-015180,Late Delivery,1
user_50658d1d@gmail.com,TKT-015181,Damaged Item,2
user_24eac7ac@gmail.com,TKT-015182,Damaged Item,2
user_969a073e@gmail.com,TKT-015183,Late Delivery,1
user_26d8e97a@gmail.com,TKT-015184,Late Delivery,3
user_c47774ea@gmail.com,TKT-015185,Damaged Item,4
user_c7a71f7c@gmail.com,TKT-015186,Late Delivery,4
user_7f9c4a8f@gmail.com,TKT-015187,Damaged Item,1
user_3059f5ee@gmail.com,TKT-015188,Damaged Item,2
user_58bd8e8e@gmail.com,TKT-015189,Damaged Item,2
user_89db030d@gmail.com,TKT-015190,Damaged Item,4
user_35b57424@gmail.com,TKT-015191,Damaged Item,3
user_a0eec388@gmail.com,TKT-015192,Late Delivery,1
user_0d61a9cb@gmail.com,TKT-015193,Late Delivery,1
user_18fddf2a@gmail.com,TKT-015194,Late Delivery,1
user_d6c62fbd@gmail.com,TKT-015195,Late Delivery,5
user_ef55f1ce@gmail.com,TKT-015196,Damaged Item,3
user_41631338@gmail.com,TKT-015197,Late Delivery,3
user_2aec94c3@gmail.com,TKT-015198,Damaged Item,3
user_890740d5@gmail.com,TKT-015199,Damaged Item,2
user_53478cb7@gmail.com,TKT-015200,Damaged Item,2
user_02f497cc@gmail.com,TKT-015201,Late Delivery,1
user_b079e8a1@gmail.com,TKT-015202,Late Delivery,1
user_c80bc315@gmail.com,TKT-015203,Late Delivery,4
user_55bcd538@gmail.com,TKT-015204,Damaged Item,1
user_b6060f1e@gmail.com,TKT-015205,Damaged Item,4
user_6c34c973@gmail.com,TKT-015206,Late Delivery,4
user_35ad736e@gmail.com,TKT-015207,Late Delivery,4
user_ed309929@gmail.com,TKT-015208,Damaged Item,1
user_9d95d5b5@gmail.com,TKT-015209,Damaged Item,3
user_dace0e70@gmail.com,TKT-015210,Damaged Item,5
user_85c2b646@gmail.com,TKT-015211,Damaged Item,2
user_d997f1f5@gmail.com,TKT-015212,Damaged Item,1
user_de931b7d@gmail.com,TKT-015213,Damaged Item,4
user_1b735182@gmail.com,TKT-015214,Late Delivery,4
user_d63d0b04@gmail.com,TKT-015215,Late Delivery,1
user_2871cf5f@gmail.com,TKT-015216,Damaged Item,1
user_bfca6e30@gmail.com,TKT-015217,Late Delivery,3
user_cf7d5df4@gmail.com,TKT-015218,Damaged Item,2
user_097bafa0@gmail.com,TKT-015219,Damaged Item,3
user_a561f142@gmail.com,TKT-015220,Damaged Item,2
user_12791a64@gmail.com,TKT-015221,Late Delivery,1
user_3e2e0129@gmail.com,TKT-015222,Late Delivery,5
user_638c5abe@gmail.com,TKT-015223,Damaged Item,4
user_7a2fa958@gmail.com,TKT-015224,Late Delivery,5
user_5739c036@gmail.com,TKT-015225,Late Delivery,4
user_b1a15c9e@gmail.com,TKT-015226,Late Delivery,4
user_7a8b57c6@gmail.com,TKT-015227,Late Delivery,3
user_f7bcba7f@gmail.com,TKT-015228,Damaged Item,2
user_2dfcf246@gmail.com,TKT-015229,Late Delivery,1
user_664ec9c8@gmail.com,TKT-015230,Late Delivery,4
user_fec0d13c@gmail.com,TKT-015231,Late Delivery,2
user_136eb08f@gmail.com,TKT-015232,Damaged Item,2
user_ab5a887e@gmail.com,TKT-015233,Damaged Item,4
user_59c09423@gmail.com,TKT-015234,Damaged Item,2
user_6645724f@gmail.com,TKT-015235,Late Delivery,5
user_31d4b05e@gmail.com,TKT-015236,Late Delivery,3
user_18a56a7c@gmail.com,TKT-015237,Damaged Item,3
user_afa052c3@gmail.com,TKT-015238,Damaged Item,4
user_1a2fe358@gmail.com,TKT-015239,Late Delivery,5
user_344ab689@gmail.com,TKT-015240,Late Delivery,1
user_cf81f79e@gmail.com,TKT-015241,Late Delivery,5
user_09113dba@gmail.com,TKT-015242,Late Delivery,4
user_05530f12@gmail.com,TKT-015243,Late Delivery,2
user_213ec8ba@gmail.com,TKT-015244,Damaged Item,5
user_6087cfc7@gmail.com,TKT-015245,Damaged Item,3
user_aca551d9@gmail.com,TKT-015246,Late Delivery,5
user_7a63007e@gmail.com,TKT-015247,Damaged Item,1
user_0294560a@gmail.com,TKT-015248,Damaged Item,5
user_71ff9a82@gmail.com,TKT-015249,Late Delivery,1
user_3de7fd0b@gmail.com,TKT-015250,Damaged Item,1
user_4e524b55@gmail.com,TKT-015251,Late Delivery,4
user_82f78e34@gmail.com,TKT-015252,Late Delivery,5
user_fdf65667@gmail.com,TKT-015253,Late Delivery,5
user_26a9b950@gmail.com,TKT-015254,Damaged Item,4
user_9195414c@gmail.com,TKT-015255,Late Delivery,1
user_931ef01e@gmail.com,TKT-015256,Damaged Item,4
user_892bdc0d@gmail.com,TKT-015257,Late Delivery,5
user_f690f5a7@gmail.com,TKT-015258,Late Delivery,5
user_fbc56033@gmail.com,TKT-015259,Late Delivery,3
user_c798fdd0@gmail.com,TKT-015260,Damaged Item,4
user_3e98a0e5@gmail.com,TKT-015261,Late Delivery,4
user_615d4fe0@gmail.com,TKT-015262,Damaged Item,1
user_03ebf828@gmail.com,TKT-015263,Damaged Item,2
user_12cac5a8@gmail.com,TKT-015264,Late Delivery,4
user_35c62cb2@gmail.com,TKT-015265,Late Delivery,2
user_e68e23cd@gmail.com,TKT-015266,Late Delivery,3
user_4e012ebf@gmail.com,TKT-015267,Late Delivery,2
user_8adf2425@gmail.com,TKT-015268,Damaged Item,3
user_233a7eee@gmail.com,TKT-015269,Damaged Item,3
user_7b069390@gmail.com,TKT-015270,Late Delivery,3
user_937f16b5@gmail.com,TKT-015271,Damaged Item,4
user_46b93176@gmail.com,TKT-015272,Damaged Item,3
user_99a96012@gmail.com,TKT-015273,Late Delivery,1
user_be873460@gmail.com,TKT-015274,Damaged Item,3
user_d26dcd96@gmail.com,TKT-015275,Damaged Item,4
user_8c3af42b@gmail.com,TKT-015276,Damaged Item,1
user_45cabbb0@gmail.com,TKT-015277,Late Delivery,4
user_552b9d83@gmail.com,TKT-015278,Late Delivery,3
user_3cbfa809@gmail.com,TKT-015279,Late Delivery,1
user_31ab4a5b@gmail.com,TKT-015280,Late Delivery,4
user_0b63891b@gmail.com,TKT-015281,Damaged Item,4
user_e6c6d452@gmail.com,TKT-015282,Damaged Item,5
user_e696aa94@gmail.com,TKT-015283,Late Delivery,2
user_514532af@gmail.com,TKT-015284,Damaged Item,5
user_55010d23@gmail.com,TKT-015285,Damaged Item,3
user_c9c948e7@gmail.com,TKT-015286,Damaged Item,5
user_86d4dc92@gmail.com,TKT-015287,Damaged Item,3
user_d50c10b7@gmail.com,TKT-015288,Damaged Item,5
user_76f7f795@gmail.com,TKT-015289,Damaged Item,4
user_03ede110@gmail.com,TKT-015290,Late Delivery,1
user_4c63891f@gmail.com,TKT-015291,Damaged Item,3
user_78dc91ac@gmail.com,TKT-015292,Damaged Item,4
user_a61c13b4@gmail.com,TKT-015293,Late Delivery,2
user_7370773e@gmail.com,TKT-015294,Late Delivery,3
user_3e13e584@gmail.com,TKT-015295,Damaged Item,4
user_2ed0ea18@gmail.com,TKT-015296,Late Delivery,1
user_8f0c64fa@gmail.com,TKT-015297,Damaged Item,4
user_380c45d8@gmail.com,TKT-015298,Late Delivery,3
user_e6598b20@gmail.com,TKT-015299,Late Delivery,1
user_1b1afd43@gmail.com,TKT-015300,Damaged Item,1
user_02ce431b@gmail.com,TKT-015301,Damaged Item,4
user_06dea25f@gmail.com,TKT-015302,Late Delivery,5
user_d45e966c@gmail.com,TKT-015303,Late Delivery,2
user_fb08731f@gmail.com,TKT-015304,Late Delivery,3
user_0516bba9@gmail.com,TKT-015305,Late Delivery,5
user_b9098ca3@gmail.com,TKT-015306,Late Delivery,2
user_4af3daac@gmail.com,TKT-015307,Late Delivery,1
user_6d926e9e@gmail.com,TKT-015308,Damaged Item,3
user_feccaf85@gmail.com,TKT-015309,Damaged Item,2
user_575663cd@gmail.com,TKT-015310,Late Delivery,3
user_0d620f93@gmail.com,TKT-015311,Damaged Item,3
user_9cc4ffe9@gmail.com,TKT-015312,Late Delivery,5
user_5270692f@gmail.com,TKT-015313,Late Delivery,1
user_4d5a16af@gmail.com,TKT-015314,Damaged Item,2
user_7067ac4b@gmail.com,TKT-015315,Late Delivery,4
user_26d2deab@gmail.com,TKT-015316,Damaged Item,3
user_5d5df5a6@gmail.com,TKT-015317,Late Delivery,3
user_d0f35a2c@gmail.com,TKT-015318,Late Delivery,3
user_3b2c0b58@gmail.com,TKT-015319,Late Delivery,3
user_2153521e@gmail.com,TKT-015320,Late Delivery,1
user_11f88f67@gmail.com,TKT-015321,Damaged Item,2
user_adcc7fcc@gmail.com,TKT-015322,Damaged Item,3
user_5ebb4b34@gmail.com,TKT-015323,Damaged Item,3
user_e24f93d8@gmail.com,TKT-015324,Late Delivery,5
user_40e9cf59@gmail.com,TKT-015325,Late Delivery,3
user_cd1ee6ab@gmail.com,TKT-015326,Damaged Item,1
user_57f06135@gmail.com,TKT-015327,Damaged Item,4
user_da94701a@gmail.com,TKT-015328,Damaged Item,1
user_421a7eb4@gmail.com,TKT-015329,Late Delivery,5
user_92dcd499@gmail.com,TKT-015330,Late Delivery,3
user_dbb4673f@gmail.com,TKT-015331,Damaged Item,1
user_79428914@gmail.com,TKT-015332,Late Delivery,3
user_161a927c@gmail.com,TKT-015333,Damaged Item,1
user_7a58b75c@gmail.com,TKT-015334,Late Delivery,2
user_23e98325@gmail.com,TKT-015335,Damaged Item,2
user_a7f2edcd@gmail.com,TKT-015336,Damaged Item,4
user_5f2e12d6@gmail.com,TKT-015337,Late Delivery,5
user_66afa237@gmail.com,TKT-015338,Damaged Item,1
user_1eebb965@gmail.com,TKT-015339,Late Delivery,3
user_7b036c2b@gmail.com,TKT-015340,Damaged Item,1
user_10d751ef@gmail.com,TKT-015341,Damaged Item,5
user_64870b17@gmail.com,TKT-015342,Damaged Item,4
user_44f33f1e@gmail.com,TKT-015343,Damaged Item,4
user_23fd44a1@gmail.com,TKT-015344,Late Delivery,4
user_6f930a99@gmail.com,TKT-015345,Damaged Item,3
user_925a3849@gmail.com,TKT-015346,Damaged Item,1
user_69582cf0@gmail.com,TKT-015347,Damaged Item,4
user_bb1f8af1@gmail.com,TKT-015348,Late Delivery,5
user_7969abc1@gmail.com,TKT-015349,Late Delivery,2
user_ee43cb81@gmail.com,TKT-015350,Late Delivery,1
user_0379f198@gmail.com,TKT-015351,Damaged Item,5
user_dd323ece@gmail.com,TKT-015352,Damaged Item,5
user_8f3c74f7@gmail.com,TKT-015353,Late Delivery,2
user_1da1266c@gmail.com,TKT-015354,Late Delivery,5
user_71f93416@gmail.com,TKT-015355,Late Delivery,4
user_c8041a10@gmail.com,TKT-015356,Late Delivery,1
user_da8634c0@gmail.com,TKT-015357,Damaged Item,4
user_95a19b9b@gmail.com,TKT-015358,Damaged Item,1
user_be405f1b@gmail.com,TKT-015359,Late Delivery,1
user_35d682be@gmail.com,TKT-015360,Late Delivery,3
user_76087810@gmail.com,TKT-015361,Late Delivery,5
user_3c07cb4b@gmail.com,TKT-015362,Late Delivery,3
user_26292c7f@gmail.com,TKT-015363,Damaged Item,1
user_353ef6cd@gmail.com,TKT-015364,Late Delivery,3
user_b59813b1@gmail.com,TKT-015365,Late Delivery,2
user_402f04a5@gmail.com,TKT-015366,Late Delivery,4
user_c6dfd0f2@gmail.com,TKT-015367,Damaged Item,4
user_0e71681e@gmail.com,TKT-015368,Damaged Item,4
user_05328022@gmail.com,TKT-015369,Late Delivery,5
user_08a5e43a@gmail.com,TKT-015370,Damaged Item,3
user_f2b6cdde@gmail.com,TKT-015371,Late Delivery,5
user_d9ee7773@gmail.com,TKT-015372,Late Delivery,4
user_2adedf87@gmail.com,TKT-015373,Late Delivery,4
user_a423f390@gmail.com,TKT-015374,Late Delivery,3
user_2a34af7c@gmail.com,TKT-015375,Late Delivery,3
user_d9f18b63@gmail.com,TKT-015376,Damaged Item,2
user_94400c93@gmail.com,TKT-015377,Damaged Item,5
user_3e0ba089@gmail.com,TKT-015378,Late Delivery,1
user_4360d7b9@gmail.com,TKT-015379,Late Delivery,3
user_0685d5cf@gmail.com,TKT-015380,Damaged Item,2
user_d275b278@gmail.com,TKT-015381,Damaged Item,5
user_3f2b84c2@gmail.com,TKT-015382,Late Delivery,5
user_077cf183@gmail.com,TKT-015383,Late Delivery,2
user_bd47d539@gmail.com,TKT-015384,Damaged Item,4
user_8dceafee@gmail.com,TKT-015385,Damaged Item,3
user_9722ccc4@gmail.com,TKT-015386,Late Delivery,2
user_a2acf58d@gmail.com,TKT-015387,Damaged Item,3
user_26824b74@gmail.com,TKT-015388,Damaged Item,2
user_d262a1a1@gmail.com,TKT-015389,Damaged Item,5
user_d524e6d0@gmail.com,TKT-015390,Late Delivery,2
user_ea878b52@gmail.com,TKT-015391,Late Delivery,3
user_bb0d622c@gmail.com,TKT-015392,Late Delivery,1
user_cd784274@gmail.com,TKT-015393,Late Delivery,2
user_0d2e2483@gmail.com,TKT-015394,Damaged Item,1
user_6aeb4d90@gmail.com,TKT-015395,Late Delivery,5
user_4ea3dd6f@gmail.com,TKT-015396,Damaged Item,2
user_f0191b4c@gmail.com,TKT-015397,Late Delivery,1
user_54a6fac0@gmail.com,TKT-015398,Late Delivery,4
user_03c00b67@gmail.com,TKT-015399,Damaged Item,3
user_82d9f1ce@gmail.com,TKT-015400,Damaged Item,2
user_2b886c49@gmail.com,TKT-015401,Late Delivery,1
user_44328584@gmail.com,TKT-015402,Late Delivery,4
user_cf9dee12@gmail.com,TKT-015403,Damaged Item,2
user_429fbed9@gmail.com,TKT-015404,Late Delivery,2
user_6f61e3b1@gmail.com,TKT-015405,Damaged Item,3
user_33d6225e@gmail.com,TKT-015406,Late Delivery,5
user_97a8c192@gmail.com,TKT-015407,Late Delivery,3
user_ad89853e@gmail.com,TKT-015408,Damaged Item,4
user_4c527a8f@gmail.com,TKT-015409,Damaged Item,4
user_3b49bc7a@gmail.com,TKT-015410,Damaged Item,4
user_b53ac1c2@gmail.com,TKT-015411,Late Delivery,5
user_5fd4bfd3@gmail.com,TKT-015412,Late Delivery,2
user_9047436c@gmail.com,TKT-015413,Late Delivery,5
user_f33d57e5@gmail.com,TKT-015414,Late Delivery,5
user_1d89dac7@gmail.com,TKT-015415,Damaged Item,2
user_0145c2c6@gmail.com,TKT-015416,Damaged Item,4
user_2a7316b9@gmail.com,TKT-015417,Damaged Item,3
user_f22294b1@gmail.com,TKT-015418,Late Delivery,5
user_2270fffd@gmail.com,TKT-015419,Damaged Item,5
user_6a96bbc4@gmail.com,TKT-015420,Late Delivery,1
user_40a27723@gmail.com,TKT-015421,Late Delivery,2
user_55901a30@gmail.com,TKT-015422,Damaged Item,1
user_45d7843c@gmail.com,TKT-015423,Damaged Item,5
user_9f4f37dc@gmail.com,TKT-015424,Damaged Item,4
user_f6160b5a@gmail.com,TKT-015425,Damaged Item,5
user_54da6c50@gmail.com,TKT-015426,Damaged Item,3
user_52f14290@gmail.com,TKT-015427,Late Delivery,3
user_848fb7f2@gmail.com,TKT-015428,Damaged Item,1
user_8070421f@gmail.com,TKT-015429,Damaged Item,5
user_da5cac53@gmail.com,TKT-015430,Late Delivery,4
user_5c6488b7@gmail.com,TKT-015431,Damaged Item,2
user_6081b3ed@gmail.com,TKT-015432,Damaged Item,1
user_a05e9daf@gmail.com,TKT-015433,Late Delivery,4
user_c70e3934@gmail.com,TKT-015434,Damaged Item,1
user_a429cfdb@gmail.com,TKT-015435,Late Delivery,4
user_0105f445@gmail.com,TKT-015436,Damaged Item,1
user_a28e0a2f@gmail.com,TKT-015437,Damaged Item,3
user_0104a702@gmail.com,TKT-015438,Late Delivery,4
user_640e0d86@gmail.com,TKT-015439,Damaged Item,3
user_d92414dc@gmail.com,TKT-015440,Damaged Item,3
user_80a79cc2@gmail.com,TKT-015441,Late Delivery,5
user_655f4f12@gmail.com,TKT-015442,Damaged Item,4
user_e6d48052@gmail.com,TKT-015443,Damaged Item,3
user_e66c03fa@gmail.com,TKT-015444,Late Delivery,5
user_960bc759@gmail.com,TKT-015445,Late Delivery,4
user_25aa8394@gmail.com,TKT-015446,Damaged Item,5
user_2565b2a1@gmail.com,TKT-015447,Damaged Item,4
user_af2af76a@gmail.com,TKT-015448,Damaged Item,5
user_dda11c4c@gmail.com,TKT-015449,Damaged Item,5
user_9944b76b@gmail.com,TKT-015450,Damaged Item,1
user_5c81b3f2@gmail.com,TKT-015451,Damaged Item,5
user_de5f6712@gmail.com,TKT-015452,Damaged Item,3
user_462bb3bb@gmail.com,TKT-015453,Late Delivery,2
user_c9f15f93@gmail.com,TKT-015454,Late Delivery,1
user_b4007c83@gmail.com,TKT-015455,Late Delivery,1
user_67eaa1ba@gmail.com,TKT-015456,Late Delivery,3
user_0b63b24d@gmail.com,TKT-015457,Damaged Item,1
user_8dcc5a24@gmail.com,TKT-015458,Late Delivery,2
user_19cb2ad9@gmail.com,TKT-015459,Damaged Item,3
user_674d55cc@gmail.com,TKT-015460,Damaged Item,4
user_9688aabd@gmail.com,TKT-015461,Damaged Item,2
user_01462a1d@gmail.com,TKT-015462,Damaged Item,4
user_95503ba2@gmail.com,TKT-015463,Late Delivery,5
user_92350726@gmail.com,TKT-015464,Damaged Item,1
user_accd4327@gmail.com,TKT-015465,Late Delivery,2
user_7e4776d1@gmail.com,TKT-015466,Damaged Item,5
user_ec6878ca@gmail.com,TKT-015467,Damaged Item,4
user_2773ba74@gmail.com,TKT-015468,Late Delivery,4
user_4f55b0df@gmail.com,TKT-015469,Late Delivery,1
user_7454c9ac@gmail.com,TKT-015470,Damaged Item,1
user_124bc956@gmail.com,TKT-015471,Late Delivery,3
user_1d42515e@gmail.com,TKT-015472,Late Delivery,4
user_0f381b11@gmail.com,TKT-015473,Late Delivery,1
user_4eaa7b32@gmail.com,TKT-015474,Damaged Item,4
user_6c37fd1a@gmail.com,TKT-015475,Damaged Item,3
user_54588f52@gmail.com,TKT-015476,Damaged Item,5
user_4f3140c2@gmail.com,TKT-015477,Late Delivery,3
user_ebcfa7e1@gmail.com,TKT-015478,Damaged Item,5
user_30252a1d@gmail.com,TKT-015479,Damaged Item,5
user_85e5f228@gmail.com,TKT-015480,Damaged Item,2
user_b0f3542d@gmail.com,TKT-015481,Late Delivery,3
user_6b1a9ece@gmail.com,TKT-015482,Damaged Item,2
user_c852c37a@gmail.com,TKT-015483,Damaged Item,5
user_d4584008@gmail.com,TKT-015484,Late Delivery,1
user_e88ed2cb@gmail.com,TKT-015485,Late Delivery,2
user_7a5d21f9@gmail.com,TKT-015486,Damaged Item,2
user_4623e255@gmail.com,TKT-015487,Late Delivery,2
user_abb2f3f7@gmail.com,TKT-015488,Damaged Item,2
user_0bc2fef7@gmail.com,TKT-015489,Late Delivery,1
user_615922c4@gmail.com,TKT-015490,Damaged Item,1
user_1c065f2b@gmail.com,TKT-015491,Late Delivery,1
user_b52b6da8@gmail.com,TKT-015492,Late Delivery,5
user_42fec8a8@gmail.com,TKT-015493,Damaged Item,2
user_43c330d3@gmail.com,TKT-015494,Late Delivery,2
user_b5cddc57@gmail.com,TKT-015495,Damaged Item,1
user_0880913b@gmail.com,TKT-015496,Damaged Item,3
user_a826e173@gmail.com,TKT-015497,Damaged Item,1
user_85433b79@gmail.com,TKT-015498,Damaged Item,1
user_fe4dbbc6@gmail.com,TKT-015499,Late Delivery,1
user_69e614f6@gmail.com,TKT-015500,Damaged Item,2
user_2e9c493f@gmail.com,TKT-015501,Damaged Item,4
user_8eba6b75@gmail.com,TKT-015502,Late Delivery,3
user_04e37d7c@gmail.com,TKT-015503,Damaged Item,2
user_1d6b1be2@gmail.com,TKT-015504,Late Delivery,1
user_79a1efe6@gmail.com,TKT-015505,Late Delivery,5
user_b8ad9cbd@gmail.com,TKT-015506,Late Delivery,3
user_681d3df5@gmail.com,TKT-015507,Late Delivery,3
user_1a4b8bff@gmail.com,TKT-015508,Late Delivery,4
user_bf8e2ac0@gmail.com,TKT-015509,Late Delivery,5
user_ef2dc97c@gmail.com,TKT-015510,Damaged Item,3
user_606af6bd@gmail.com,TKT-015511,Damaged Item,2
user_6469d7bb@gmail.com,TKT-015512,Late Delivery,4
user_5cf21d69@gmail.com,TKT-015513,Damaged Item,1
user_bb839bd3@gmail.com,TKT-015514,Late Delivery,3
user_22b1f9fe@gmail.com,TKT-015515,Late Delivery,3
user_614dff89@gmail.com,TKT-015516,Late Delivery,5
user_2bfc622f@gmail.com,TKT-015517,Late Delivery,4
user_a826e9b2@gmail.com,TKT-015518,Damaged Item,4
user_830d72ce@gmail.com,TKT-015519,Late Delivery,4
user_e4830071@gmail.com,TKT-015520,Damaged Item,1
user_37f8072d@gmail.com,TKT-015521,Late Delivery,1
user_4df4e976@gmail.com,TKT-015522,Late Delivery,3
user_2b12aa72@gmail.com,TKT-015523,Late Delivery,2
user_e73001f4@gmail.com,TKT-015524,Late Delivery,3
user_6836082f@gmail.com,TKT-015525,Late Delivery,4
user_dc6b9322@gmail.com,TKT-015526,Damaged Item,2
user_4e54fcb3@gmail.com,TKT-015527,Late Delivery,3
user_e4c924c0@gmail.com,TKT-015528,Damaged Item,4
user_2c9e3453@gmail.com,TKT-015529,Damaged Item,4
user_f503c2e0@gmail.com,TKT-015530,Late Delivery,2
user_47fff67d@gmail.com,TKT-015531,Late Delivery,3
user_62aa17c2@gmail.com,TKT-015532,Damaged Item,3
user_d2302d80@gmail.com,TKT-015533,Late Delivery,4
user_72068eec@gmail.com,TKT-015534,Late Delivery,1
user_30b6fe5f@gmail.com,TKT-015535,Late Delivery,5
user_351a0e8f@gmail.com,TKT-015536,Late Delivery,4
user_a1a9e43d@gmail.com,TKT-015537,Damaged Item,3
user_630e7d42@gmail.com,TKT-015538,Late Delivery,4
user_d5f55204@gmail.com,TKT-015539,Late Delivery,5
user_0885697b@gmail.com,TKT-015540,Damaged Item,2
user_057f7faf@gmail.com,TKT-015541,Late Delivery,3
user_5448fb61@gmail.com,TKT-015542,Damaged Item,5
user_41d7a050@gmail.com,TKT-015543,Late Delivery,1
user_187dec8d@gmail.com,TKT-015544,Damaged Item,5
user_33a3ca7b@gmail.com,TKT-015545,Late Delivery,5
user_0d16b8c6@gmail.com,TKT-015546,Damaged Item,4
user_7656bf99@gmail.com,TKT-015547,Late Delivery,5
user_b5d39d4d@gmail.com,TKT-015548,Late Delivery,4
user_a3b60467@gmail.com,TKT-015549,Late Delivery,3
user_2f58b777@gmail.com,TKT-015550,Late Delivery,2
user_224b1546@gmail.com,TKT-015551,Damaged Item,1
user_c30681b5@gmail.com,TKT-015552,Late Delivery,3
user_c6760273@gmail.com,TKT-015553,Damaged Item,1
user_58585e1e@gmail.com,TKT-015554,Damaged Item,5
user_374fcbbf@gmail.com,TKT-015555,Late Delivery,3
user_d7811339@gmail.com,TKT-015556,Damaged Item,1
user_d7c4e552@gmail.com,TKT-015557,Late Delivery,3
user_f609ef91@gmail.com,TKT-015558,Late Delivery,4
user_3c6f8c4f@gmail.com,TKT-015559,Damaged Item,2
user_f997fecd@gmail.com,TKT-015560,Damaged Item,1
user_0ebdade9@gmail.com,TKT-015561,Late Delivery,5
user_cd076285@gmail.com,TKT-015562,Damaged Item,2
user_19f28638@gmail.com,TKT-015563,Damaged Item,4
user_f035a895@gmail.com,TKT-015564,Damaged Item,1
user_8ed8e169@gmail.com,TKT-015565,Damaged Item,2
user_dad479d4@gmail.com,TKT-015566,Late Delivery,2
user_d10f3e7c@gmail.com,TKT-015567,Late Delivery,3
user_ed65e3fd@gmail.com,TKT-015568,Damaged Item,3
user_7fdc7bc8@gmail.com,TKT-015569,Damaged Item,3
user_7c32e204@gmail.com,TKT-015570,Late Delivery,5
user_7794b57f@gmail.com,TKT-015571,Damaged Item,5
user_176e3cbd@gmail.com,TKT-015572,Damaged Item,3
user_98adb74b@gmail.com,TKT-015573,Late Delivery,5
user_65236206@gmail.com,TKT-015574,Damaged Item,1
user_f6a6eece@gmail.com,TKT-015575,Late Delivery,5
user_7012fea1@gmail.com,TKT-015576,Late Delivery,4
user_d0811608@gmail.com,TKT-015577,Late Delivery,3
user_38cad70d@gmail.com,TKT-015578,Damaged Item,4
user_04ccbcbb@gmail.com,TKT-015579,Damaged Item,3
user_167c4b18@gmail.com,TKT-015580,Late Delivery,5
user_c158265d@gmail.com,TKT-015581,Damaged Item,5
user_3615a078@gmail.com,TKT-015582,Damaged Item,1
user_d3691bf5@gmail.com,TKT-015583,Late Delivery,3
user_27c850d0@gmail.com,TKT-015584,Late Delivery,2
user_edfe746c@gmail.com,TKT-015585,Damaged Item,2
user_fe7780b2@gmail.com,TKT-015586,Damaged Item,4
user_4843cf22@gmail.com,TKT-015587,Late Delivery,4
user_f49120b9@gmail.com,TKT-015588,Damaged Item,5
user_667f836c@gmail.com,TKT-015589,Late Delivery,5
user_4f6a7001@gmail.com,TKT-015590,Damaged Item,1
user_8f8d50da@gmail.com,TKT-015591,Damaged Item,1
user_fc1c735f@gmail.com,TKT-015592,Damaged Item,4
user_942ce4fa@gmail.com,TKT-015593,Damaged Item,2
user_c038b0b7@gmail.com,TKT-015594,Late Delivery,5
user_8033b326@gmail.com,TKT-015595,Late Delivery,3
user_ff1365a1@gmail.com,TKT-015596,Damaged Item,4
user_cab8ad6c@gmail.com,TKT-015597,Damaged Item,4
user_4d40a08b@gmail.com,TKT-015598,Damaged Item,5
user_3b1e4f4b@gmail.com,TKT-015599,Damaged Item,3
user_e79c794e@gmail.com,TKT-015600,Late Delivery,3
user_eda7e2c0@gmail.com,TKT-015601,Late Delivery,3
user_f3e94107@gmail.com,TKT-015602,Late Delivery,5
user_8af05f9f@gmail.com,TKT-015603,Late Delivery,2
user_f9e3e873@gmail.com,TKT-015604,Damaged Item,3
user_30ad9974@gmail.com,TKT-015605,Damaged Item,5
user_697b535c@gmail.com,TKT-015606,Damaged Item,5
user_f5dd53e8@gmail.com,TKT-015607,Late Delivery,2
user_f6d542c6@gmail.com,TKT-015608,Damaged Item,2
user_cf82c958@gmail.com,TKT-015609,Damaged Item,4
user_eb70e70a@gmail.com,TKT-015610,Damaged Item,5
user_77d5c9a7@gmail.com,TKT-015611,Late Delivery,4
user_b4d631e5@gmail.com,TKT-015612,Late Delivery,5
user_83c6462c@gmail.com,TKT-015613,Late Delivery,1
user_688711ac@gmail.com,TKT-015614,Late Delivery,5
user_4e5438f2@gmail.com,TKT-015615,Damaged Item,3
user_509a2420@gmail.com,TKT-015616,Damaged Item,4
user_a4b2fd32@gmail.com,TKT-015617,Damaged Item,4
user_75a3b07e@gmail.com,TKT-015618,Late Delivery,4
user_7e7730c0@gmail.com,TKT-015619,Late Delivery,1
user_a653cd03@gmail.com,TKT-015620,Late Delivery,2
user_d28cc8ac@gmail.com,TKT-015621,Damaged Item,5
user_e1b5d346@gmail.com,TKT-015622,Damaged Item,5
user_6d9340cf@gmail.com,TKT-015623,Damaged Item,5
user_904c522e@gmail.com,TKT-015624,Late Delivery,2
user_efd301af@gmail.com,TKT-015625,Late Delivery,3
user_4614fee4@gmail.com,TKT-015626,Late Delivery,5
user_a43f7a7d@gmail.com,TKT-015627,Late Delivery,1
user_b992b629@gmail.com,TKT-015628,Damaged Item,1
user_d5819bc5@gmail.com,TKT-015629,Damaged Item,2
user_bdb132c2@gmail.com,TKT-015630,Damaged Item,3
user_2bbea1ac@gmail.com,TKT-015631,Damaged Item,3
user_1db68d9e@gmail.com,TKT-015632,Damaged Item,1
user_cebfe614@gmail.com,TKT-015633,Damaged Item,5
user_d0f9b976@gmail.com,TKT-015634,Late Delivery,2
user_462688d9@gmail.com,TKT-015635,Late Delivery,4
user_dc9b4a8a@gmail.com,TKT-015636,Damaged Item,3
user_725edaaf@gmail.com,TKT-015637,Late Delivery,5
user_8f496822@gmail.com,TKT-015638,Damaged Item,3
user_e1ae22e4@gmail.com,TKT-015639,Damaged Item,5
user_85bf7bef@gmail.com,TKT-015640,Damaged Item,1
user_e96373ff@gmail.com,TKT-015641,Damaged Item,2
user_830d5b7a@gmail.com,TKT-015642,Late Delivery,3
user_a88fbd73@gmail.com,TKT-015643,Late Delivery,1
user_98ef5217@gmail.com,TKT-015644,Late Delivery,5
user_1fdf9093@gmail.com,TKT-015645,Late Delivery,5
user_56556a95@gmail.com,TKT-015646,Damaged Item,2
user_9b21a6a0@gmail.com,TKT-015647,Damaged Item,4
user_cb054b7f@gmail.com,TKT-015648,Late Delivery,3
user_f228261d@gmail.com,TKT-015649,Late Delivery,2
user_47d54ad7@gmail.com,TKT-015650,Late Delivery,2
user_7c3bbffb@gmail.com,TKT-015651,Damaged Item,3
user_06a46121@gmail.com,TKT-015652,Late Delivery,2
user_13980537@gmail.com,TKT-015653,Late Delivery,2
user_032cfb33@gmail.com,TKT-015654,Damaged Item,5
user_6ee4fdb7@gmail.com,TKT-015655,Late Delivery,3
user_d9ce62d1@gmail.com,TKT-015656,Late Delivery,3
user_e9f90fb4@gmail.com,TKT-015657,Late Delivery,3
user_30dae833@gmail.com,TKT-015658,Damaged Item,3
user_562dba9a@gmail.com,TKT-015659,Damaged Item,4
user_2e8eb06b@gmail.com,TKT-015660,Damaged Item,2
user_fd112c3d@gmail.com,TKT-015661,Late Delivery,2
user_1b01cbe7@gmail.com,TKT-015662,Damaged Item,2
user_3ea8d85e@gmail.com,TKT-015663,Damaged Item,1
user_f4dab2a5@gmail.com,TKT-015664,Damaged Item,4
user_8d9e7d0c@gmail.com,TKT-015665,Late Delivery,4
user_223ab530@gmail.com,TKT-015666,Late Delivery,3
user_ac7cbcc0@gmail.com,TKT-015667,Late Delivery,2
user_5c2e2226@gmail.com,TKT-015668,Late Delivery,2
user_acc83ac6@gmail.com,TKT-015669,Damaged Item,3
user_eaf3c13c@gmail.com,TKT-015670,Late Delivery,2
user_d1aa361e@gmail.com,TKT-015671,Late Delivery,4
user_a7711017@gmail.com,TKT-015672,Damaged Item,1
user_a045fa90@gmail.com,TKT-015673,Late Delivery,3
user_b6466605@gmail.com,TKT-015674,Damaged Item,5
user_46f35988@gmail.com,TKT-015675,Late Delivery,4
user_c7ec2bc1@gmail.com,TKT-015676,Damaged Item,1
user_3c2cd533@gmail.com,TKT-015677,Late Delivery,3
user_d15093ec@gmail.com,TKT-015678,Damaged Item,2
user_3fbc2ea2@gmail.com,TKT-015679,Late Delivery,5
user_7d469771@gmail.com,TKT-015680,Damaged Item,3
user_e7195537@gmail.com,TKT-015681,Late Delivery,5
user_2433480d@gmail.com,TKT-015682,Damaged Item,2
user_c706dde1@gmail.com,TKT-015683,Damaged Item,3
user_13607978@gmail.com,TKT-015684,Damaged Item,3
user_ef4059c7@gmail.com,TKT-015685,Damaged Item,3
user_248b4ff5@gmail.com,TKT-015686,Late Delivery,4
user_15ec0cf5@gmail.com,TKT-015687,Late Delivery,4
user_e31786d1@gmail.com,TKT-015688,Damaged Item,3
user_1346dcd9@gmail.com,TKT-015689,Late Delivery,3
user_59340f41@gmail.com,TKT-015690,Damaged Item,4
user_fd11712d@gmail.com,TKT-015691,Damaged Item,3
user_33cf1b4b@gmail.com,TKT-015692,Damaged Item,3
user_0424daa7@gmail.com,TKT-015693,Damaged Item,1
user_8f4f763b@gmail.com,TKT-015694,Late Delivery,5
user_28e07ea7@gmail.com,TKT-015695,Late Delivery,1
user_18c28fe3@gmail.com,TKT-015696,Late Delivery,3
user_7fb1599a@gmail.com,TKT-015697,Damaged Item,3
user_a0ddb45f@gmail.com,TKT-015698,Damaged Item,4
user_1d6daab4@gmail.com,TKT-015699,Late Delivery,3
user_933d3e8d@gmail.com,TKT-015700,Late Delivery,3
user_eac5ee35@gmail.com,TKT-015701,Damaged Item,5
user_3d6ccc45@gmail.com,TKT-015702,Late Delivery,3
user_02c50bd7@gmail.com,TKT-015703,Damaged Item,2
user_45717be4@gmail.com,TKT-015704,Late Delivery,2
user_1fcc4782@gmail.com,TKT-015705,Damaged Item,5
user_c59f1c7d@gmail.com,TKT-015706,Damaged Item,2
user_b92221f3@gmail.com,TKT-015707,Damaged Item,3
user_0e768349@gmail.com,TKT-015708,Damaged Item,3
user_c2850912@gmail.com,TKT-015709,Damaged Item,5
user_b0c3cd87@gmail.com,TKT-015710,Damaged Item,4
user_287eb646@gmail.com,TKT-015711,Late Delivery,2
user_55358388@gmail.com,TKT-015712,Late Delivery,5
user_4e363e6d@gmail.com,TKT-015713,Late Delivery,1
user_1adda1d2@gmail.com,TKT-015714,Damaged Item,4
user_e09f9f70@gmail.com,TKT-015715,Damaged Item,4
user_b9b3711d@gmail.com,TKT-015716,Late Delivery,5
user_a9403b32@gmail.com,TKT-015717,Late Delivery,4
user_8b071492@gmail.com,TKT-015718,Late Delivery,1
user_c35c37f5@gmail.com,TKT-015719,Late Delivery,3
user_922106d9@gmail.com,TKT-015720,Late Delivery,2
user_3839c70e@gmail.com,TKT-015721,Damaged Item,4
user_6b6b792d@gmail.com,TKT-015722,Late Delivery,2
user_4e36352f@gmail.com,TKT-015723,Late Delivery,5
user_6b358d81@gmail.com,TKT-015724,Late Delivery,4
user_f8ff86bd@gmail.com,TKT-015725,Damaged Item,3
user_5160058b@gmail.com,TKT-015726,Late Delivery,2
user_864ee5b3@gmail.com,TKT-015727,Damaged Item,3
user_c65c3920@gmail.com,TKT-015728,Late Delivery,5
user_65c03273@gmail.com,TKT-015729,Late Delivery,3
user_f6bde9be@gmail.com,TKT-015730,Late Delivery,3
user_fe7f8dc8@gmail.com,TKT-015731,Damaged Item,2
user_988cd379@gmail.com,TKT-015732,Damaged Item,1
user_5f3a1cc3@gmail.com,TKT-015733,Late Delivery,4
user_f353f13d@gmail.com,TKT-015734,Damaged Item,2
user_e2cedf73@gmail.com,TKT-015735,Damaged Item,5
user_1e645dd1@gmail.com,TKT-015736,Late Delivery,5
user_1294a3c5@gmail.com,TKT-015737,Late Delivery,2
user_4fa85267@gmail.com,TKT-015738,Late Delivery,4
user_76dc20b7@gmail.com,TKT-015739,Late Delivery,3
user_127dc2b3@gmail.com,TKT-015740,Damaged Item,3
user_3e1427e3@gmail.com,TKT-015741,Damaged Item,5
user_61c6f307@gmail.com,TKT-015742,Damaged Item,2
user_a4f7c9d0@gmail.com,TKT-015743,Late Delivery,5
user_66a48753@gmail.com,TKT-015744,Late Delivery,3
user_719ee3ac@gmail.com,TKT-015745,Damaged Item,1
user_7b662d84@gmail.com,TKT-015746,Late Delivery,4
user_fda22aab@gmail.com,TKT-015747,Late Delivery,1
user_b9c201d6@gmail.com,TKT-015748,Late Delivery,5
user_460ee895@gmail.com,TKT-015749,Late Delivery,3
user_8d1ee5cc@gmail.com,TKT-015750,Damaged Item,1
user_0c6622fa@gmail.com,TKT-015751,Damaged Item,2
user_257f96fe@gmail.com,TKT-015752,Damaged Item,5
user_02beeff5@gmail.com,TKT-015753,Late Delivery,1
user_21421ba1@gmail.com,TKT-015754,Damaged Item,1
user_673cecc7@gmail.com,TKT-015755,Damaged Item,5
user_4df31762@gmail.com,TKT-015756,Damaged Item,1
user_56b0ca90@gmail.com,TKT-015757,Late Delivery,1
user_68e9aca8@gmail.com,TKT-015758,Damaged Item,2
user_abd16f1d@gmail.com,TKT-015759,Damaged Item,1
user_83df6dd2@gmail.com,TKT-015760,Late Delivery,1
user_65dea9c2@gmail.com,TKT-015761,Late Delivery,4
user_fc0df322@gmail.com,TKT-015762,Late Delivery,4
user_ef7e9a61@gmail.com,TKT-015763,Damaged Item,3
user_60171ace@gmail.com,TKT-015764,Damaged Item,3
user_55b992c0@gmail.com,TKT-015765,Damaged Item,5
user_4a57ee19@gmail.com,TKT-015766,Late Delivery,2
user_b0aec2a0@gmail.com,TKT-015767,Late Delivery,1
user_2699c841@gmail.com,TKT-015768,Damaged Item,1
user_008ea5bd@gmail.com,TKT-015769,Late Delivery,5
user_4412513d@gmail.com,TKT-015770,Late Delivery,2
user_d4277abf@gmail.com,TKT-015771,Late Delivery,3
user_5f55921b@gmail.com,TKT-015772,Late Delivery,1
user_a45774c5@gmail.com,TKT-015773,Damaged Item,4
user_5b59181d@gmail.com,TKT-015774,Damaged Item,4
user_53667cd5@gmail.com,TKT-015775,Damaged Item,3
user_79c04f21@gmail.com,TKT-015776,Damaged Item,1
user_36a29db9@gmail.com,TKT-015777,Damaged Item,5
user_3f33e7e7@gmail.com,TKT-015778,Damaged Item,4
user_4b2d4a25@gmail.com,TKT-015779,Late Delivery,4
user_6809aa2f@gmail.com,TKT-015780,Damaged Item,4
user_c47781b9@gmail.com,TKT-015781,Damaged Item,1
user_c65e02fe@gmail.com,TKT-015782,Damaged Item,3
user_aad51e35@gmail.com,TKT-015783,Damaged Item,4
user_d41d40a2@gmail.com,TKT-015784,Damaged Item,4
user_50668121@gmail.com,TKT-015785,Damaged Item,5
user_d0346493@gmail.com,TKT-015786,Late Delivery,3
user_267ff442@gmail.com,TKT-015787,Late Delivery,1
user_6948c3ea@gmail.com,TKT-015788,Damaged Item,3
user_db42d4de@gmail.com,TKT-015789,Late Delivery,5
user_3a0badde@gmail.com,TKT-015790,Damaged Item,5
user_b6b5bba6@gmail.com,TKT-015791,Late Delivery,4
user_f684ecd6@gmail.com,TKT-015792,Damaged Item,4
user_3971a1fa@gmail.com,TKT-015793,Late Delivery,2
user_97c41322@gmail.com,TKT-015794,Damaged Item,1
user_4c302f6b@gmail.com,TKT-015795,Damaged Item,5
user_3edcab19@gmail.com,TKT-015796,Damaged Item,4
user_5a31a11a@gmail.com,TKT-015797,Late Delivery,4
user_f6fba3cf@gmail.com,TKT-015798,Late Delivery,2
user_f1a79199@gmail.com,TKT-015799,Late Delivery,4
user_bb5229b3@gmail.com,TKT-015800,Damaged Item,1
user_95ba0c81@gmail.com,TKT-015801,Damaged Item,3
user_35b67549@gmail.com,TKT-015802,Damaged Item,1
user_6537bbbf@gmail.com,TKT-015803,Damaged Item,2
user_b3731fc1@gmail.com,TKT-015804,Damaged Item,4
user_e2df2f98@gmail.com,TKT-015805,Damaged Item,1
user_0987afae@gmail.com,TKT-015806,Late Delivery,3
user_9f487d2a@gmail.com,TKT-015807,Late Delivery,3
user_a8df31b5@gmail.com,TKT-015808,Late Delivery,3
user_fc8039a2@gmail.com,TKT-015809,Late Delivery,3
user_dfb8fac6@gmail.com,TKT-015810,Late Delivery,1
user_cc9e620e@gmail.com,TKT-015811,Late Delivery,2
user_8a6c6188@gmail.com,TKT-015812,Late Delivery,5
user_b337dfe7@gmail.com,TKT-015813,Damaged Item,4
user_9a472b21@gmail.com,TKT-015814,Late Delivery,3
user_f16af951@gmail.com,TKT-015815,Damaged Item,2
user_8fabba01@gmail.com,TKT-015816,Damaged Item,1
user_2d85f83f@gmail.com,TKT-015817,Late Delivery,3
user_f938e03a@gmail.com,TKT-015818,Damaged Item,2
user_911a4db3@gmail.com,TKT-015819,Damaged Item,2
user_d6daa8df@gmail.com,TKT-015820,Damaged Item,5
user_ae254c1e@gmail.com,TKT-015821,Damaged Item,1
user_e9ee98a0@gmail.com,TKT-015822,Damaged Item,1
user_394e443b@gmail.com,TKT-015823,Damaged Item,2
user_90040395@gmail.com,TKT-015824,Damaged Item,2
user_8deef305@gmail.com,TKT-015825,Damaged Item,2
user_34e183ea@gmail.com,TKT-015826,Damaged Item,5
user_cd0999d3@gmail.com,TKT-015827,Damaged Item,2
user_6a3115ea@gmail.com,TKT-015828,Late Delivery,1
user_be3cff68@gmail.com,TKT-015829,Damaged Item,4
user_c7f26f85@gmail.com,TKT-015830,Late Delivery,2
user_2600a9de@gmail.com,TKT-015831,Damaged Item,3
user_2310e5d6@gmail.com,TKT-015832,Damaged Item,1
user_504c50c3@gmail.com,TKT-015833,Damaged Item,1
user_bf49396e@gmail.com,TKT-015834,Late Delivery,4
user_0a4a1fea@gmail.com,TKT-015835,Late Delivery,4
user_83ac142f@gmail.com,TKT-015836,Late Delivery,4
user_c82fcd6d@gmail.com,TKT-015837,Late Delivery,1
user_62638efb@gmail.com,TKT-015838,Late Delivery,2
user_dd14af9e@gmail.com,TKT-015839,Late Delivery,5
user_b913e122@gmail.com,TKT-015840,Late Delivery,1
user_161fd742@gmail.com,TKT-015841,Damaged Item,5
user_961adaf5@gmail.com,TKT-015842,Late Delivery,3
user_25448c9f@gmail.com,TKT-015843,Damaged Item,4
user_1b0c62f1@gmail.com,TKT-015844,Late Delivery,1
user_f713fc1d@gmail.com,TKT-015845,Late Delivery,3
user_8f168d16@gmail.com,TKT-015846,Late Delivery,1
user_06cc6c89@gmail.com,TKT-015847,Damaged Item,2
user_71f70148@gmail.com,TKT-015848,Damaged Item,1
user_e2f06949@gmail.com,TKT-015849,Late Delivery,3
user_c5616e00@gmail.com,TKT-015850,Damaged Item,4
user_324b9a2e@gmail.com,TKT-015851,Late Delivery,2
user_3ad42cb7@gmail.com,TKT-015852,Damaged Item,3
user_706d66fe@gmail.com,TKT-015853,Late Delivery,4
user_948e8866@gmail.com,TKT-015854,Damaged Item,3
user_47a9b9f3@gmail.com,TKT-015855,Late Delivery,4
user_829a783a@gmail.com,TKT-015856,Damaged Item,5
user_1a51e2f9@gmail.com,TKT-015857,Late Delivery,4
user_462b7e5c@gmail.com,TKT-015858,Late Delivery,3
user_14e5ef54@gmail.com,TKT-015859,Late Delivery,3
user_0339d63f@gmail.com,TKT-015860,Damaged Item,1
user_4656b3fa@gmail.com,TKT-015861,Late Delivery,4
user_35b7b296@gmail.com,TKT-015862,Damaged Item,2
user_fb25f6c6@gmail.com,TKT-015863,Late Delivery,3
user_63353ffe@gmail.com,TKT-015864,Late Delivery,1
user_0ebbc7eb@gmail.com,TKT-015865,Late Delivery,1
user_bb115f38@gmail.com,TKT-015866,Late Delivery,1
user_0a2f7583@gmail.com,TKT-015867,Damaged Item,4
user_6a7ab554@gmail.com,TKT-015868,Damaged Item,3
user_995a4b5f@gmail.com,TKT-015869,Late Delivery,4
user_590b61a3@gmail.com,TKT-015870,Late Delivery,2
user_8c0420c7@gmail.com,TKT-015871,Late Delivery,2
user_f271e06f@gmail.com,TKT-015872,Late Delivery,3
user_efb9b93b@gmail.com,TKT-015873,Late Delivery,5
user_0781d2b5@gmail.com,TKT-015874,Damaged Item,2
user_ac2245a9@gmail.com,TKT-015875,Late Delivery,3
user_13cca6b8@gmail.com,TKT-015876,Late Delivery,2
user_54e2cf45@gmail.com,TKT-015877,Damaged Item,2
user_e529e4cb@gmail.com,TKT-015878,Damaged Item,1
user_cebcaa99@gmail.com,TKT-015879,Late Delivery,1
user_3ad89fba@gmail.com,TKT-015880,Damaged Item,1
user_fe82528d@gmail.com,TKT-015881,Late Delivery,1
user_814d12af@gmail.com,TKT-015882,Damaged Item,2
user_72d5cd15@gmail.com,TKT-015883,Late Delivery,2
user_7cefed48@gmail.com,TKT-015884,Late Delivery,2
user_ab8233cb@gmail.com,TKT-015885,Damaged Item,1
user_5eaf6ab0@gmail.com,TKT-015886,Late Delivery,3
user_c6eea197@gmail.com,TKT-015887,Damaged Item,1
user_44dd5e25@gmail.com,TKT-015888,Late Delivery,4
user_ad7c3fd0@gmail.com,TKT-015889,Damaged Item,4
user_82c973ad@gmail.com,TKT-015890,Damaged Item,1
user_e0cb4325@gmail.com,TKT-015891,Damaged Item,3
user_80812466@gmail.com,TKT-015892,Late Delivery,3
user_6d9ccbd8@gmail.com,TKT-015893,Damaged Item,1
user_31917529@gmail.com,TKT-015894,Late Delivery,5
user_ccdcec2d@gmail.com,TKT-015895,Late Delivery,1
user_319fb740@gmail.com,TKT-015896,Late Delivery,5
user_49e3dd51@gmail.com,TKT-015897,Damaged Item,2
user_a62e9bd0@gmail.com,TKT-015898,Late Delivery,3
user_4c074bb1@gmail.com,TKT-015899,Damaged Item,5
user_084f1b1c@gmail.com,TKT-015900,Damaged Item,3
user_ecfe5490@gmail.com,TKT-015901,Damaged Item,4
user_90119a25@gmail.com,TKT-015902,Damaged Item,1
user_16027470@gmail.com,TKT-015903,Damaged Item,2
user_1e50d946@gmail.com,TKT-015904,Late Delivery,4
user_6ff1fffd@gmail.com,TKT-015905,Damaged Item,3
user_bec92eaa@gmail.com,TKT-015906,Damaged Item,3
user_966cbd5f@gmail.com,TKT-015907,Late Delivery,1
user_9d0ef48a@gmail.com,TKT-015908,Damaged Item,5
user_153fde7f@gmail.com,TKT-015909,Damaged Item,4
user_c0261337@gmail.com,TKT-015910,Late Delivery,2
user_d9b5ae1c@gmail.com,TKT-015911,Damaged Item,4
user_a1edcb10@gmail.com,TKT-015912,Damaged Item,3
user_ff9c9330@gmail.com,TKT-015913,Late Delivery,5
user_3a6eb610@gmail.com,TKT-015914,Late Delivery,5
user_e6265c21@gmail.com,TKT-015915,Damaged Item,2
user_4b4d80d3@gmail.com,TKT-015916,Damaged Item,4
user_7912478c@gmail.com,TKT-015917,Damaged Item,3
user_6b999f36@gmail.com,TKT-015918,Damaged Item,3
user_74bb3583@gmail.com,TKT-015919,Late Delivery,3
user_023a5f24@gmail.com,TKT-015920,Late Delivery,2
user_06d61082@gmail.com,TKT-015921,Damaged Item,3
user_0d438f4e@gmail.com,TKT-015922,Late Delivery,5
user_b1079e35@gmail.com,TKT-015923,Late Delivery,4
user_140f015e@gmail.com,TKT-015924,Damaged Item,5
user_452363ca@gmail.com,TKT-015925,Late Delivery,4
user_f41158f8@gmail.com,TKT-015926,Late Delivery,5
user_78f2539b@gmail.com,TKT-015927,Late Delivery,3
user_c99537cb@gmail.com,TKT-015928,Damaged Item,2
user_962187a4@gmail.com,TKT-015929,Late Delivery,1
user_fa9e894a@gmail.com,TKT-015930,Damaged Item,4
user_72f4457e@gmail.com,TKT-015931,Damaged Item,3
user_e02e585b@gmail.com,TKT-015932,Late Delivery,4
user_ecc93073@gmail.com,TKT-015933,Damaged Item,5
user_442c918c@gmail.com,TKT-015934,Late Delivery,4
user_ea708470@gmail.com,TKT-015935,Late Delivery,4
user_2795c58c@gmail.com,TKT-015936,Damaged Item,3
user_abce4226@gmail.com,TKT-015937,Late Delivery,2
user_c2506905@gmail.com,TKT-015938,Damaged Item,5
user_231affe4@gmail.com,TKT-015939,Damaged Item,3
user_d7aea5b4@gmail.com,TKT-015940,Late Delivery,4
user_d0c8fa16@gmail.com,TKT-015941,Late Delivery,4
user_56181f89@gmail.com,TKT-015942,Damaged Item,1
user_3e1202f3@gmail.com,TKT-015943,Damaged Item,4
user_cdddd3dc@gmail.com,TKT-015944,Late Delivery,4
user_1c78cc52@gmail.com,TKT-015945,Late Delivery,5
user_7e12fb46@gmail.com,TKT-015946,Damaged Item,4
user_4620aa87@gmail.com,TKT-015947,Damaged Item,5
user_f8224557@gmail.com,TKT-015948,Damaged Item,4
user_a624e99e@gmail.com,TKT-015949,Damaged Item,2
user_99179def@gmail.com,TKT-015950,Late Delivery,1
user_1d48475a@gmail.com,TKT-015951,Damaged Item,2
user_1f457988@gmail.com,TKT-015952,Damaged Item,1
user_3a992f49@gmail.com,TKT-015953,Damaged Item,3
user_ab735595@gmail.com,TKT-015954,Late Delivery,4
user_f59c257b@gmail.com,TKT-015955,Late Delivery,5
user_098c1087@gmail.com,TKT-015956,Late Delivery,2
user_90211e1e@gmail.com,TKT-015957,Damaged Item,4
user_1449deeb@gmail.com,TKT-015958,Damaged Item,1
user_ae808055@gmail.com,TKT-015959,Late Delivery,5
user_67349e4d@gmail.com,TKT-015960,Damaged Item,4
user_698b9fba@gmail.com,TKT-015961,Damaged Item,2
user_b9a24a59@gmail.com,TKT-015962,Late Delivery,1
user_3f9bb1cc@gmail.com,TKT-015963,Late Delivery,2
user_ed2f468a@gmail.com,TKT-015964,Damaged Item,5
user_467e5ed1@gmail.com,TKT-015965,Late Delivery,2
user_fcc75b6c@gmail.com,TKT-015966,Late Delivery,5
user_cfca8dd2@gmail.com,TKT-015967,Late Delivery,2
user_e0839bf9@gmail.com,TKT-015968,Damaged Item,4
user_0d3bd905@gmail.com,TKT-015969,Damaged Item,5
user_92af805f@gmail.com,TKT-015970,Late Delivery,3
user_5378b3a8@gmail.com,TKT-015971,Late Delivery,1
user_4f13efad@gmail.com,TKT-015972,Late Delivery,3
user_67f4a0e4@gmail.com,TKT-015973,Damaged Item,3
user_6f63add2@gmail.com,TKT-015974,Late Delivery,2
user_4cadda4c@gmail.com,TKT-015975,Damaged Item,2
user_ac2593ad@gmail.com,TKT-015976,Late Delivery,3
user_cf96f683@gmail.com,TKT-015977,Late Delivery,1
user_3d290fc9@gmail.com,TKT-015978,Damaged Item,3
user_2fbfd8c2@gmail.com,TKT-015979,Late Delivery,2
user_3504bea0@gmail.com,TKT-015980,Damaged Item,4
user_3b51f6ee@gmail.com,TKT-015981,Damaged Item,5
user_3dcdd9ca@gmail.com,TKT-015982,Late Delivery,4
user_494f8a40@gmail.com,TKT-015983,Late Delivery,1
user_f231816f@gmail.com,TKT-015984,Damaged Item,5
user_704815f7@gmail.com,TKT-015985,Late Delivery,4
user_e56f910f@gmail.com,TKT-015986,Damaged Item,2
user_f2474ef1@gmail.com,TKT-015987,Damaged Item,2
user_74ad7441@gmail.com,TKT-015988,Late Delivery,5
user_fcb2a788@gmail.com,TKT-015989,Damaged Item,5
user_6c7666a9@gmail.com,TKT-015990,Damaged Item,5
user_97c5ee44@gmail.com,TKT-015991,Late Delivery,5
user_1175e95f@gmail.com,TKT-015992,Late Delivery,5
user_458e98f7@gmail.com,TKT-015993,Late Delivery,5
user_949d6ca8@gmail.com,TKT-015994,Late Delivery,3
user_a20d1c64@gmail.com,TKT-015995,Late Delivery,2
user_56a9c159@gmail.com,TKT-015996,Damaged Item,5
user_f39d8617@gmail.com,TKT-015997,Damaged Item,1
user_9fb498d0@gmail.com,TKT-015998,Late Delivery,4
user_d5714a42@gmail.com,TKT-015999,Damaged Item,4
user_516557ef@gmail.com,TKT-016000,Late Delivery,4
user_dddfb6a3@gmail.com,TKT-016001,Late Delivery,3
user_f5928063@gmail.com,TKT-016002,Damaged Item,4
user_99e1c1df@gmail.com,TKT-016003,Late Delivery,5
user_900b3773@gmail.com,TKT-016004,Late Delivery,2
user_e1b32042@gmail.com,TKT-016005,Late Delivery,2
user_cb051da0@gmail.com,TKT-016006,Damaged Item,4
user_d2187dc7@gmail.com,TKT-016007,Damaged Item,5
user_a232d698@gmail.com,TKT-016008,Late Delivery,4
user_20139dd1@gmail.com,TKT-016009,Late Delivery,1
user_1fc4b130@gmail.com,TKT-016010,Damaged Item,4
user_ff34c089@gmail.com,TKT-016011,Late Delivery,3
user_e998fe2c@gmail.com,TKT-016012,Damaged Item,4
user_513f44fd@gmail.com,TKT-016013,Damaged Item,4
user_67376b5d@gmail.com,TKT-016014,Damaged Item,5
user_bb29c4f3@gmail.com,TKT-016015,Damaged Item,2
user_9eb4d198@gmail.com,TKT-016016,Damaged Item,2
user_174ca114@gmail.com,TKT-016017,Late Delivery,1
user_cac981eb@gmail.com,TKT-016018,Damaged Item,1
user_03fd9f79@gmail.com,TKT-016019,Damaged Item,3
user_86466e26@gmail.com,TKT-016020,Late Delivery,1
user_55f8fb3a@gmail.com,TKT-016021,Damaged Item,5
user_50b5a080@gmail.com,TKT-016022,Late Delivery,4
user_d0a4b174@gmail.com,TKT-016023,Late Delivery,2
user_20b41f1c@gmail.com,TKT-016024,Damaged Item,4
user_b04a0f92@gmail.com,TKT-016025,Late Delivery,2
user_fac9eb2c@gmail.com,TKT-016026,Damaged Item,4
user_9e53fb0e@gmail.com,TKT-016027,Damaged Item,5
user_250f0c99@gmail.com,TKT-016028,Late Delivery,5
user_eabbe78c@gmail.com,TKT-016029,Late Delivery,1
user_c6fc2915@gmail.com,TKT-016030,Damaged Item,3
user_aadac29a@gmail.com,TKT-016031,Damaged Item,2
user_d78dee87@gmail.com,TKT-016032,Damaged Item,5
user_cb7fae64@gmail.com,TKT-016033,Late Delivery,4
user_2e768bd4@gmail.com,TKT-016034,Late Delivery,3
user_2a315ae1@gmail.com,TKT-016035,Damaged Item,1
user_76b61cd2@gmail.com,TKT-016036,Damaged Item,3
user_85a13f99@gmail.com,TKT-016037,Damaged Item,5
user_2250f262@gmail.com,TKT-016038,Late Delivery,4
user_1ae011e0@gmail.com,TKT-016039,Late Delivery,5
user_e648dced@gmail.com,TKT-016040,Damaged Item,1
user_fe8d391d@gmail.com,TKT-016041,Late Delivery,3
user_33bd735d@gmail.com,TKT-016042,Damaged Item,1
user_01398847@gmail.com,TKT-016043,Late Delivery,4
user_82ba4e9e@gmail.com,TKT-016044,Late Delivery,2
user_b2f91567@gmail.com,TKT-016045,Late Delivery,1
user_6dfd27af@gmail.com,TKT-016046,Damaged Item,5
user_15721972@gmail.com,TKT-016047,Late Delivery,4
user_b0c4d159@gmail.com,TKT-016048,Late Delivery,5
user_8e04c0be@gmail.com,TKT-016049,Damaged Item,3
user_0557ce04@gmail.com,TKT-016050,Damaged Item,1
user_4707fd68@gmail.com,TKT-016051,Damaged Item,3
user_f0b9650e@gmail.com,TKT-016052,Late Delivery,4
user_5e99be64@gmail.com,TKT-016053,Damaged Item,1
user_ac9456d4@gmail.com,TKT-016054,Late Delivery,5
user_619971e8@gmail.com,TKT-016055,Late Delivery,1
user_f4f66e0d@gmail.com,TKT-016056,Late Delivery,3
user_3792b591@gmail.com,TKT-016057,Late Delivery,5
user_0bc50d5c@gmail.com,TKT-016058,Late Delivery,1
user_698a9caf@gmail.com,TKT-016059,Damaged Item,1
user_0308e864@gmail.com,TKT-016060,Damaged Item,5
user_21f86e97@gmail.com,TKT-016061,Late Delivery,5
user_e1c0467a@gmail.com,TKT-016062,Late Delivery,5
user_e73e97b6@gmail.com,TKT-016063,Late Delivery,4
user_1e61bb90@gmail.com,TKT-016064,Late Delivery,4
user_e4407876@gmail.com,TKT-016065,Late Delivery,4
user_2e9187ae@gmail.com,TKT-016066,Damaged Item,4
user_5bf1a29b@gmail.com,TKT-016067,Late Delivery,4
user_a105f85e@gmail.com,TKT-016068,Damaged Item,5
user_ffaa5b55@gmail.com,TKT-016069,Damaged Item,5
user_92c661ad@gmail.com,TKT-016070,Damaged Item,3
user_0518f492@gmail.com,TKT-016071,Late Delivery,3
user_2010e127@gmail.com,TKT-016072,Damaged Item,2
user_5a517af2@gmail.com,TKT-016073,Damaged Item,5
user_a376eea6@gmail.com,TKT-016074,Late Delivery,3
user_229eb22d@gmail.com,TKT-016075,Late Delivery,5
user_9aa61c2b@gmail.com,TKT-016076,Damaged Item,1
user_bc0d8d6b@gmail.com,TKT-016077,Late Delivery,5
user_fea3fe25@gmail.com,TKT-016078,Late Delivery,3
user_eb0942a2@gmail.com,TKT-016079,Late Delivery,3
user_2c3d9dc1@gmail.com,TKT-016080,Damaged Item,3
user_c8527d78@gmail.com,TKT-016081,Late Delivery,5
user_28dd3940@gmail.com,TKT-016082,Late Delivery,5
user_1403b494@gmail.com,TKT-016083,Late Delivery,4
user_5277f2c1@gmail.com,TKT-016084,Damaged Item,4
user_179d1aff@gmail.com,TKT-016085,Late Delivery,5
user_5e9b9a8a@gmail.com,TKT-016086,Late Delivery,2
user_4d85336a@gmail.com,TKT-016087,Damaged Item,1
user_cd06321b@gmail.com,TKT-016088,Late Delivery,3
user_b3124486@gmail.com,TKT-016089,Late Delivery,3
user_4f2b3954@gmail.com,TKT-016090,Damaged Item,5
user_bf5de300@gmail.com,TKT-016091,Late Delivery,1
user_e58fcffa@gmail.com,TKT-016092,Damaged Item,2
user_d480d398@gmail.com,TKT-016093,Late Delivery,2
user_5d090bf0@gmail.com,TKT-016094,Damaged Item,2
user_d684009a@gmail.com,TKT-016095,Late Delivery,1
user_097fd532@gmail.com,TKT-016096,Late Delivery,5
user_9ff7135a@gmail.com,TKT-016097,Damaged Item,5
user_89664b64@gmail.com,TKT-016098,Late Delivery,1
user_991a62b6@gmail.com,TKT-016099,Damaged Item,1
user_aaf5d15b@gmail.com,TKT-016100,Late Delivery,1
user_25268e37@gmail.com,TKT-016101,Late Delivery,3
user_1acbbb17@gmail.com,TKT-016102,Late Delivery,4
user_bf062461@gmail.com,TKT-016103,Late Delivery,4
user_e058b943@gmail.com,TKT-016104,Damaged Item,5
user_85c57268@gmail.com,TKT-016105,Damaged Item,1
user_9980b713@gmail.com,TKT-016106,Damaged Item,3
user_b4e9081f@gmail.com,TKT-016107,Damaged Item,1
user_89d5507e@gmail.com,TKT-016108,Late Delivery,5
user_030a810e@gmail.com,TKT-016109,Damaged Item,4
user_788d483d@gmail.com,TKT-016110,Damaged Item,4
user_624923d1@gmail.com,TKT-016111,Late Delivery,3
user_39233d7a@gmail.com,TKT-016112,Late Delivery,2
user_57e2b4ad@gmail.com,TKT-016113,Damaged Item,2
user_b6019d41@gmail.com,TKT-016114,Damaged Item,5
user_5cb6b80b@gmail.com,TKT-016115,Late Delivery,5
user_d3d8683c@gmail.com,TKT-016116,Damaged Item,5
user_42cc1559@gmail.com,TKT-016117,Damaged Item,1
user_01be09e0@gmail.com,TKT-016118,Late Delivery,2
user_bf1e26d6@gmail.com,TKT-016119,Late Delivery,3
user_46a5335f@gmail.com,TKT-016120,Damaged Item,3
user_64e18740@gmail.com,TKT-016121,Late Delivery,4
user_16e4a862@gmail.com,TKT-016122,Late Delivery,3
user_b0cbcc20@gmail.com,TKT-016123,Late Delivery,1
user_b44c3e3d@gmail.com,TKT-016124,Damaged Item,3
user_001926ce@gmail.com,TKT-016125,Damaged Item,4
user_9b8180cd@gmail.com,TKT-016126,Damaged Item,4
user_307bf9ec@gmail.com,TKT-016127,Damaged Item,1
user_f455040f@gmail.com,TKT-016128,Damaged Item,1
user_e6ef2e99@gmail.com,TKT-016129,Damaged Item,1
user_078237d4@gmail.com,TKT-016130,Damaged Item,1
user_c966cd52@gmail.com,TKT-016131,Late Delivery,3
user_77943e0a@gmail.com,TKT-016132,Late Delivery,2
user_5b40a8eb@gmail.com,TKT-016133,Damaged Item,5
user_c149f457@gmail.com,TKT-016134,Damaged Item,5
user_cd8782f8@gmail.com,TKT-016135,Late Delivery,3
user_42230aa8@gmail.com,TKT-016136,Damaged Item,1
user_b1ba4efb@gmail.com,TKT-016137,Damaged Item,1
user_ed776320@gmail.com,TKT-016138,Damaged Item,4
user_ebb7eb96@gmail.com,TKT-016139,Damaged Item,1
user_7bbc9664@gmail.com,TKT-016140,Late Delivery,5
user_e424731f@gmail.com,TKT-016141,Damaged Item,1
user_cfdbdca6@gmail.com,TKT-016142,Late Delivery,1
user_60c20181@gmail.com,TKT-016143,Late Delivery,2
user_e2421eb0@gmail.com,TKT-016144,Late Delivery,3
user_29339c8e@gmail.com,TKT-016145,Late Delivery,1
user_9e97aa13@gmail.com,TKT-016146,Damaged Item,1
user_d2da929f@gmail.com,TKT-016147,Damaged Item,5
user_239eca76@gmail.com,TKT-016148,Late Delivery,2
user_44141eaa@gmail.com,TKT-016149,Late Delivery,5
user_6d116948@gmail.com,TKT-016150,Late Delivery,3
user_caf72536@gmail.com,TKT-016151,Damaged Item,5
user_48046c78@gmail.com,TKT-016152,Damaged Item,4
user_2b0039d9@gmail.com,TKT-016153,Late Delivery,4
user_a26d764d@gmail.com,TKT-016154,Late Delivery,2
user_d3409ea9@gmail.com,TKT-016155,Damaged Item,3
user_f925f374@gmail.com,TKT-016156,Damaged Item,1
user_f32a228a@gmail.com,TKT-016157,Damaged Item,2
user_ba84e7e5@gmail.com,TKT-016158,Damaged Item,1
user_895ae7e9@gmail.com,TKT-016159,Late Delivery,1
user_31d958df@gmail.com,TKT-016160,Late Delivery,3
user_08e5b38d@gmail.com,TKT-016161,Late Delivery,2
user_82a30c3a@gmail.com,TKT-016162,Late Delivery,4
user_eddd75ac@gmail.com,TKT-016163,Damaged Item,4
user_fcc6a310@gmail.com,TKT-016164,Late Delivery,3
user_0ee8ed21@gmail.com,TKT-016165,Late Delivery,4
user_8af5e088@gmail.com,TKT-016166,Late Delivery,3
user_cac66748@gmail.com,TKT-016167,Late Delivery,3
user_d9ff2c2a@gmail.com,TKT-016168,Late Delivery,1
user_019c20bc@gmail.com,TKT-016169,Late Delivery,5
user_1ec57b34@gmail.com,TKT-016170,Damaged Item,5
user_da426c85@gmail.com,TKT-016171,Late Delivery,3
user_4871fa68@gmail.com,TKT-016172,Damaged Item,4
user_ae049021@gmail.com,TKT-016173,Late Delivery,5
user_5567c7c7@gmail.com,TKT-016174,Damaged Item,2
user_2737c394@gmail.com,TKT-016175,Damaged Item,1
user_6603603a@gmail.com,TKT-016176,Damaged Item,4
user_b0824f58@gmail.com,TKT-016177,Damaged Item,2
user_71692b73@gmail.com,TKT-016178,Damaged Item,3
user_a5bedf54@gmail.com,TKT-016179,Damaged Item,5
user_663f43c4@gmail.com,TKT-016180,Late Delivery,1
user_ea990a6d@gmail.com,TKT-016181,Damaged Item,5
user_6bb7c9ac@gmail.com,TKT-016182,Late Delivery,3
user_0e51131a@gmail.com,TKT-016183,Damaged Item,2
user_23e529fe@gmail.com,TKT-016184,Damaged Item,1
user_93eeb874@gmail.com,TKT-016185,Damaged Item,4
user_421979d2@gmail.com,TKT-016186,Late Delivery,3
user_07fbd7dc@gmail.com,TKT-016187,Damaged Item,3
user_92b41b64@gmail.com,TKT-016188,Damaged Item,3
user_d2787659@gmail.com,TKT-016189,Late Delivery,5
user_5947d01f@gmail.com,TKT-016190,Damaged Item,3
user_2649e255@gmail.com,TKT-016191,Late Delivery,2
user_93198b0e@gmail.com,TKT-016192,Damaged Item,3
user_08217552@gmail.com,TKT-016193,Late Delivery,1
user_5d63628c@gmail.com,TKT-016194,Late Delivery,1
user_826fe81c@gmail.com,TKT-016195,Damaged Item,1
user_3a2ee2dd@gmail.com,TKT-016196,Damaged Item,4
user_8274f417@gmail.com,TKT-016197,Late Delivery,4
user_12e7914c@gmail.com,TKT-016198,Late Delivery,5
user_90c066c2@gmail.com,TKT-016199,Late Delivery,1
user_158af763@gmail.com,TKT-016200,Late Delivery,4
user_4e434e03@gmail.com,TKT-016201,Damaged Item,4
user_7aab2467@gmail.com,TKT-016202,Late Delivery,1
user_2a868fee@gmail.com,TKT-016203,Damaged Item,3
user_b58b44b4@gmail.com,TKT-016204,Damaged Item,1
user_82767bc8@gmail.com,TKT-016205,Late Delivery,5
user_d3f0b40f@gmail.com,TKT-016206,Late Delivery,2
user_ddca7785@gmail.com,TKT-016207,Late Delivery,5
user_5d057e00@gmail.com,TKT-016208,Late Delivery,5
user_e295e8f2@gmail.com,TKT-016209,Damaged Item,1
user_064085bb@gmail.com,TKT-016210,Damaged Item,3
user_f9ad2c5d@gmail.com,TKT-016211,Late Delivery,5
user_52b5a6c8@gmail.com,TKT-016212,Late Delivery,5
user_f6f0f48f@gmail.com,TKT-016213,Damaged Item,5
user_9c1c171a@gmail.com,TKT-016214,Late Delivery,4
user_2255a259@gmail.com,TKT-016215,Late Delivery,5
user_85fc5c4d@gmail.com,TKT-016216,Damaged Item,2
user_ed3a88eb@gmail.com,TKT-016217,Damaged Item,2
user_9f46352a@gmail.com,TKT-016218,Late Delivery,5
user_28c45e39@gmail.com,TKT-016219,Late Delivery,4
user_9639fe4e@gmail.com,TKT-016220,Damaged Item,4
user_22f0bc50@gmail.com,TKT-016221,Damaged Item,3
user_50a946e6@gmail.com,TKT-016222,Late Delivery,2
user_75905d0f@gmail.com,TKT-016223,Damaged Item,3
user_b2a3eb37@gmail.com,TKT-016224,Late Delivery,3
user_ca972aa3@gmail.com,TKT-016225,Damaged Item,1
user_80d0e258@gmail.com,TKT-016226,Late Delivery,4
user_a68e536c@gmail.com,TKT-016227,Late Delivery,5
user_1c9d80ac@gmail.com,TKT-016228,Late Delivery,3
user_9601a8cc@gmail.com,TKT-016229,Late Delivery,4
user_9cbf9e3c@gmail.com,TKT-016230,Late Delivery,3
user_95e9b9ea@gmail.com,TKT-016231,Damaged Item,2
user_6ae0a9e0@gmail.com,TKT-016232,Damaged Item,3
user_ff28d873@gmail.com,TKT-016233,Late Delivery,3
user_c319a31d@gmail.com,TKT-016234,Damaged Item,5
user_66b36e64@gmail.com,TKT-016235,Damaged Item,4
user_04797864@gmail.com,TKT-016236,Damaged Item,1
user_ec462378@gmail.com,TKT-016237,Late Delivery,1
user_9210007a@gmail.com,TKT-016238,Late Delivery,1
user_3f3ce271@gmail.com,TKT-016239,Damaged Item,4
user_c1ed8887@gmail.com,TKT-016240,Late Delivery,5
user_cd813808@gmail.com,TKT-016241,Late Delivery,3
user_dc6da860@gmail.com,TKT-016242,Late Delivery,3
user_067c5427@gmail.com,TKT-016243,Late Delivery,1
user_a33b7126@gmail.com,TKT-016244,Late Delivery,2
user_5ee5cb0b@gmail.com,TKT-016245,Damaged Item,3
user_5c09ac09@gmail.com,TKT-016246,Damaged Item,3
user_4738f449@gmail.com,TKT-016247,Late Delivery,4
user_0a5fab74@gmail.com,TKT-016248,Damaged Item,1
user_28bb1738@gmail.com,TKT-016249,Damaged Item,1
user_9891c0ed@gmail.com,TKT-016250,Damaged Item,1
user_74652530@gmail.com,TKT-016251,Late Delivery,4
user_59c28209@gmail.com,TKT-016252,Late Delivery,4
user_9b4f9870@gmail.com,TKT-016253,Damaged Item,5
user_18318126@gmail.com,TKT-016254,Damaged Item,1
user_e0dba868@gmail.com,TKT-016255,Late Delivery,2
user_e3d328a7@gmail.com,TKT-016256,Damaged Item,5
user_5018f95f@gmail.com,TKT-016257,Late Delivery,5
user_93ca6447@gmail.com,TKT-016258,Damaged Item,5
user_68ac4ead@gmail.com,TKT-016259,Late Delivery,5
user_e90ca1e5@gmail.com,TKT-016260,Damaged Item,5
user_8a148ac7@gmail.com,TKT-016261,Late Delivery,5
user_e883ca09@gmail.com,TKT-016262,Damaged Item,3
user_52b7e40d@gmail.com,TKT-016263,Damaged Item,4
user_d51fa7bd@gmail.com,TKT-016264,Late Delivery,2
user_0e095d49@gmail.com,TKT-016265,Late Delivery,3
user_e88dd2ba@gmail.com,TKT-016266,Damaged Item,5
user_1cedeea6@gmail.com,TKT-016267,Damaged Item,4
user_e20bbbf1@gmail.com,TKT-016268,Damaged Item,2
user_80186bfa@gmail.com,TKT-016269,Damaged Item,3
user_082c88e2@gmail.com,TKT-016270,Damaged Item,4
user_69abb2ee@gmail.com,TKT-016271,Damaged Item,4
user_6116f84c@gmail.com,TKT-016272,Late Delivery,2
user_c01bed91@gmail.com,TKT-016273,Damaged Item,5
user_b5e17dbc@gmail.com,TKT-016274,Late Delivery,2
user_faed3810@gmail.com,TKT-016275,Late Delivery,5
user_3cf7c427@gmail.com,TKT-016276,Damaged Item,5
user_1bfa1020@gmail.com,TKT-016277,Late Delivery,1
user_319570c5@gmail.com,TKT-016278,Late Delivery,2
user_dc539d99@gmail.com,TKT-016279,Damaged Item,2
user_e2ca9c67@gmail.com,TKT-016280,Damaged Item,1
user_4b153f24@gmail.com,TKT-016281,Damaged Item,1
user_c229a486@gmail.com,TKT-016282,Late Delivery,1
user_d4576e53@gmail.com,TKT-016283,Late Delivery,2
user_66e1f833@gmail.com,TKT-016284,Damaged Item,2
user_44e64b71@gmail.com,TKT-016285,Late Delivery,5
user_149dbdb4@gmail.com,TKT-016286,Damaged Item,4
user_48afc9c1@gmail.com,TKT-016287,Damaged Item,3
user_253dd87d@gmail.com,TKT-016288,Damaged Item,3
user_9f6a13c9@gmail.com,TKT-016289,Late Delivery,2
user_f19b8541@gmail.com,TKT-016290,Damaged Item,3
user_36871f02@gmail.com,TKT-016291,Damaged Item,2
user_eb5d7d09@gmail.com,TKT-016292,Damaged Item,4
user_de063bea@gmail.com,TKT-016293,Late Delivery,4
user_f588b3e8@gmail.com,TKT-016294,Damaged Item,2
user_936a0706@gmail.com,TKT-016295,Damaged Item,5
user_e299df2c@gmail.com,TKT-016296,Damaged Item,1
user_44e4a44f@gmail.com,TKT-016297,Late Delivery,2
user_75db2ec3@gmail.com,TKT-016298,Late Delivery,5
user_f67f3c9e@gmail.com,TKT-016299,Damaged Item,5
user_033487b7@gmail.com,TKT-016300,Late Delivery,3
user_01bfd443@gmail.com,TKT-016301,Late Delivery,1
user_ea715f02@gmail.com,TKT-016302,Damaged Item,3
user_f0487cce@gmail.com,TKT-016303,Damaged Item,1
user_4562aef3@gmail.com,TKT-016304,Damaged Item,2
user_79c7571a@gmail.com,TKT-016305,Late Delivery,2
user_d812cc1c@gmail.com,TKT-016306,Damaged Item,3
user_07ab0a48@gmail.com,TKT-016307,Late Delivery,3
user_1346b4e5@gmail.com,TKT-016308,Late Delivery,5
user_8c801418@gmail.com,TKT-016309,Late Delivery,5
user_0a02dbe6@gmail.com,TKT-016310,Damaged Item,3
user_1bad1014@gmail.com,TKT-016311,Late Delivery,1
user_76d04d87@gmail.com,TKT-016312,Damaged Item,5
user_4905363e@gmail.com,TKT-016313,Late Delivery,2
user_14b01282@gmail.com,TKT-016314,Late Delivery,3
user_6ea2daee@gmail.com,TKT-016315,Late Delivery,1
user_4ff37620@gmail.com,TKT-016316,Damaged Item,2
user_a4c55054@gmail.com,TKT-016317,Late Delivery,4
user_80e368e4@gmail.com,TKT-016318,Damaged Item,5
user_12615f4b@gmail.com,TKT-016319,Damaged Item,5
user_f24ee52d@gmail.com,TKT-016320,Damaged Item,1
user_bd30c767@gmail.com,TKT-016321,Late Delivery,1
user_0c4c416f@gmail.com,TKT-016322,Damaged Item,1
user_12324964@gmail.com,TKT-016323,Damaged Item,5
user_ea4cef0b@gmail.com,TKT-016324,Late Delivery,5
user_722a10b7@gmail.com,TKT-016325,Late Delivery,4
user_cebb9492@gmail.com,TKT-016326,Damaged Item,2
user_1d4d07a6@gmail.com,TKT-016327,Late Delivery,3
user_c6d86981@gmail.com,TKT-016328,Late Delivery,2
user_75a7d872@gmail.com,TKT-016329,Late Delivery,3
user_2eb8f28b@gmail.com,TKT-016330,Damaged Item,1
user_bc06da4e@gmail.com,TKT-016331,Late Delivery,2
user_c0244b65@gmail.com,TKT-016332,Late Delivery,4
user_cb99edb0@gmail.com,TKT-016333,Damaged Item,5
user_4aaa5857@gmail.com,TKT-016334,Late Delivery,5
user_1db95e2b@gmail.com,TKT-016335,Late Delivery,1
user_202d155e@gmail.com,TKT-016336,Late Delivery,3
user_c8cc89bd@gmail.com,TKT-016337,Late Delivery,4
user_27bf54d5@gmail.com,TKT-016338,Damaged Item,3
user_5596da0d@gmail.com,TKT-016339,Late Delivery,5
user_8929ab97@gmail.com,TKT-016340,Damaged Item,5
user_89d40b7d@gmail.com,TKT-016341,Late Delivery,2
user_0f26dc43@gmail.com,TKT-016342,Damaged Item,4
user_7e110abf@gmail.com,TKT-016343,Late Delivery,5
user_624dbb91@gmail.com,TKT-016344,Damaged Item,5
user_4fa04c71@gmail.com,TKT-016345,Late Delivery,1
user_ed078f23@gmail.com,TKT-016346,Damaged Item,2
user_95f74eb6@gmail.com,TKT-016347,Damaged Item,2
user_1522cc64@gmail.com,TKT-016348,Damaged Item,2
user_b7efe81a@gmail.com,TKT-016349,Late Delivery,4
user_07a787d9@gmail.com,TKT-016350,Damaged Item,3
user_083c61d7@gmail.com,TKT-016351,Damaged Item,5
user_1da80fc5@gmail.com,TKT-016352,Damaged Item,3
user_ecba9eff@gmail.com,TKT-016353,Late Delivery,1
user_96422a27@gmail.com,TKT-016354,Damaged Item,3
user_3dda04e8@gmail.com,TKT-016355,Damaged Item,3
user_d3fe51c6@gmail.com,TKT-016356,Late Delivery,5
user_661b02ff@gmail.com,TKT-016357,Damaged Item,3
user_1d79aec4@gmail.com,TKT-016358,Late Delivery,5
user_949be4f4@gmail.com,TKT-016359,Late Delivery,2
user_c3a56830@gmail.com,TKT-016360,Damaged Item,2
user_c12ccc9e@gmail.com,TKT-016361,Late Delivery,1
user_dba40b85@gmail.com,TKT-016362,Damaged Item,1
user_4a162a54@gmail.com,TKT-016363,Damaged Item,1
user_0ac4290e@gmail.com,TKT-016364,Late Delivery,3
user_e2f7603c@gmail.com,TKT-016365,Late Delivery,1
user_2333828e@gmail.com,TKT-016366,Late Delivery,1
user_803f32a3@gmail.com,TKT-016367,Damaged Item,5
user_6fa75bcd@gmail.com,TKT-016368,Damaged Item,5
user_d656f4f8@gmail.com,TKT-016369,Damaged Item,4
user_11f38d03@gmail.com,TKT-016370,Late Delivery,3
user_c0d1950b@gmail.com,TKT-016371,Damaged Item,5
user_cd26411d@gmail.com,TKT-016372,Late Delivery,1
user_99a3c715@gmail.com,TKT-016373,Late Delivery,5
user_433d1adf@gmail.com,TKT-016374,Damaged Item,3
user_09c03c5c@gmail.com,TKT-016375,Damaged Item,4
user_b98645c4@gmail.com,TKT-016376,Late Delivery,5
user_e3a5f5e6@gmail.com,TKT-016377,Damaged Item,5
user_75a323c2@gmail.com,TKT-016378,Late Delivery,2
user_4381c92b@gmail.com,TKT-016379,Late Delivery,1
user_bcb79a4b@gmail.com,TKT-016380,Damaged Item,5
user_d23774a7@gmail.com,TKT-016381,Damaged Item,4
user_e19223aa@gmail.com,TKT-016382,Late Delivery,2
user_6940ba06@gmail.com,TKT-016383,Damaged Item,4
user_9b1d34d1@gmail.com,TKT-016384,Late Delivery,3
user_fe0629db@gmail.com,TKT-016385,Late Delivery,2
user_913284e8@gmail.com,TKT-016386,Damaged Item,5
user_fef563a3@gmail.com,TKT-016387,Late Delivery,2
user_38a030ab@gmail.com,TKT-016388,Late Delivery,3
user_69960b64@gmail.com,TKT-016389,Late Delivery,5
user_75fc4919@gmail.com,TKT-016390,Damaged Item,2
user_d0755602@gmail.com,TKT-016391,Late Delivery,4
user_55f24900@gmail.com,TKT-016392,Late Delivery,4
user_cfbc95a8@gmail.com,TKT-016393,Late Delivery,2
user_7e0aa7cd@gmail.com,TKT-016394,Damaged Item,4
user_09ce6072@gmail.com,TKT-016395,Damaged Item,1
user_f799f3fb@gmail.com,TKT-016396,Damaged Item,1
user_031cbbcf@gmail.com,TKT-016397,Damaged Item,2
user_ac361705@gmail.com,TKT-016398,Late Delivery,5
user_a8e6d4ba@gmail.com,TKT-016399,Damaged Item,2
user_c6996ccf@gmail.com,TKT-016400,Damaged Item,5
user_1eaad077@gmail.com,TKT-016401,Late Delivery,2
user_6b946b8d@gmail.com,TKT-016402,Damaged Item,1
user_d612df8a@gmail.com,TKT-016403,Damaged Item,1
user_106049bb@gmail.com,TKT-016404,Late Delivery,3
user_d0369e45@gmail.com,TKT-016405,Late Delivery,5
user_e3f7bf3a@gmail.com,TKT-016406,Damaged Item,5
user_8131bd36@gmail.com,TKT-016407,Damaged Item,3
user_a5d063f2@gmail.com,TKT-016408,Damaged Item,3
user_db7a89f5@gmail.com,TKT-016409,Late Delivery,5
user_def563a5@gmail.com,TKT-016410,Late Delivery,3
user_90161201@gmail.com,TKT-016411,Late Delivery,3
user_6d841360@gmail.com,TKT-016412,Damaged Item,5
user_ee5b1fa0@gmail.com,TKT-016413,Late Delivery,4
user_8b16d771@gmail.com,TKT-016414,Damaged Item,2
user_2133e2f9@gmail.com,TKT-016415,Late Delivery,1
user_4563a550@gmail.com,TKT-016416,Late Delivery,5
user_8f523d25@gmail.com,TKT-016417,Damaged Item,2
user_eb255e9f@gmail.com,TKT-016418,Damaged Item,5
user_941590fb@gmail.com,TKT-016419,Late Delivery,5
user_3dd8bad0@gmail.com,TKT-016420,Damaged Item,1
user_7c27d6df@gmail.com,TKT-016421,Late Delivery,1
user_4ecce88e@gmail.com,TKT-016422,Damaged Item,4
user_4eb66fb6@gmail.com,TKT-016423,Damaged Item,5
user_e7b19501@gmail.com,TKT-016424,Late Delivery,1
user_6a63f8c3@gmail.com,TKT-016425,Damaged Item,2
user_14d42180@gmail.com,TKT-016426,Damaged Item,3
user_9973f665@gmail.com,TKT-016427,Damaged Item,2
user_2ac980e0@gmail.com,TKT-016428,Damaged Item,3
user_84e608f9@gmail.com,TKT-016429,Late Delivery,1
user_cf37f759@gmail.com,TKT-016430,Late Delivery,5
user_1034cbfd@gmail.com,TKT-016431,Damaged Item,3
user_23a241c4@gmail.com,TKT-016432,Damaged Item,4
user_e79b2405@gmail.com,TKT-016433,Damaged Item,1
user_ca5c1f11@gmail.com,TKT-016434,Late Delivery,5
user_c55214fa@gmail.com,TKT-016435,Damaged Item,1
user_5228300d@gmail.com,TKT-016436,Late Delivery,3
user_f604d053@gmail.com,TKT-016437,Late Delivery,3
user_c6aac590@gmail.com,TKT-016438,Late Delivery,5
user_54799ca8@gmail.com,TKT-016439,Late Delivery,1
user_f5065f93@gmail.com,TKT-016440,Damaged Item,2
user_105d32c5@gmail.com,TKT-016441,Late Delivery,1
user_d2850279@gmail.com,TKT-016442,Damaged Item,3
user_56200d87@gmail.com,TKT-016443,Damaged Item,5
user_f6b5f514@gmail.com,TKT-016444,Late Delivery,2
user_937c3941@gmail.com,TKT-016445,Damaged Item,2
user_cbcb2c57@gmail.com,TKT-016446,Late Delivery,3
user_a23ccc16@gmail.com,TKT-016447,Late Delivery,1
user_81098a63@gmail.com,TKT-016448,Damaged Item,2
user_d95bda34@gmail.com,TKT-016449,Damaged Item,3
user_bb610509@gmail.com,TKT-016450,Late Delivery,2
user_b1789926@gmail.com,TKT-016451,Late Delivery,1
user_962c6b52@gmail.com,TKT-016452,Late Delivery,1
user_68667861@gmail.com,TKT-016453,Late Delivery,1
user_6e96c185@gmail.com,TKT-016454,Damaged Item,1
user_ee1de1db@gmail.com,TKT-016455,Damaged Item,1
user_f78ebc28@gmail.com,TKT-016456,Late Delivery,4
user_fa82add3@gmail.com,TKT-016457,Damaged Item,1
user_4b3496d4@gmail.com,TKT-016458,Late Delivery,4
user_3b0dbe4a@gmail.com,TKT-016459,Damaged Item,3
user_d9151698@gmail.com,TKT-016460,Damaged Item,1
user_02ce8565@gmail.com,TKT-016461,Late Delivery,5
user_33b9dba8@gmail.com,TKT-016462,Damaged Item,4
user_a4f9f39d@gmail.com,TKT-016463,Damaged Item,2
user_c27284bd@gmail.com,TKT-016464,Late Delivery,4
user_80935319@gmail.com,TKT-016465,Damaged Item,3
user_86c245ff@gmail.com,TKT-016466,Late Delivery,1
user_10f491b4@gmail.com,TKT-016467,Late Delivery,5
user_b3d3b280@gmail.com,TKT-016468,Late Delivery,2
user_cf88cd7b@gmail.com,TKT-016469,Late Delivery,3
user_2ca8ef85@gmail.com,TKT-016470,Late Delivery,2
user_be9ab85a@gmail.com,TKT-016471,Damaged Item,1
user_c0a7a20d@gmail.com,TKT-016472,Late Delivery,1
user_e6591c0e@gmail.com,TKT-016473,Late Delivery,5
user_ef480d45@gmail.com,TKT-016474,Late Delivery,3
user_c87450b6@gmail.com,TKT-016475,Late Delivery,4
user_d065d4fc@gmail.com,TKT-016476,Late Delivery,3
user_ddeff064@gmail.com,TKT-016477,Damaged Item,5
user_4c05c904@gmail.com,TKT-016478,Late Delivery,2
user_fb3e5501@gmail.com,TKT-016479,Late Delivery,2
user_94f6f1fe@gmail.com,TKT-016480,Damaged Item,1
user_a0d0af69@gmail.com,TKT-016481,Late Delivery,3
user_53100f78@gmail.com,TKT-016482,Late Delivery,3
user_c4897179@gmail.com,TKT-016483,Damaged Item,5
user_22534f67@gmail.com,TKT-016484,Damaged Item,2
user_b8e1e09b@gmail.com,TKT-016485,Late Delivery,1
user_200b9bf6@gmail.com,TKT-016486,Damaged Item,5
user_03a4afe7@gmail.com,TKT-016487,Late Delivery,4
user_1f38ffcb@gmail.com,TKT-016488,Damaged Item,5
user_ac7de73e@gmail.com,TKT-016489,Late Delivery,3
user_9ebed8d6@gmail.com,TKT-016490,Damaged Item,1
user_c25977b1@gmail.com,TKT-016491,Damaged Item,2
user_08e78d9e@gmail.com,TKT-016492,Damaged Item,2
user_c86441c3@gmail.com,TKT-016493,Damaged Item,5
user_b5929fbe@gmail.com,TKT-016494,Damaged Item,1
user_b1ae3f6f@gmail.com,TKT-016495,Damaged Item,3
user_3836edf2@gmail.com,TKT-016496,Damaged Item,1
user_2d178f99@gmail.com,TKT-016497,Damaged Item,3
user_4566d937@gmail.com,TKT-016498,Damaged Item,1
user_1e42daf0@gmail.com,TKT-016499,Damaged Item,2
user_7dac7097@gmail.com,TKT-016500,Damaged Item,4
user_5c94dfc9@gmail.com,TKT-016501,Damaged Item,5
user_5dfec95e@gmail.com,TKT-016502,Late Delivery,2
user_bbc2d070@gmail.com,TKT-016503,Damaged Item,3
user_b3e53d18@gmail.com,TKT-016504,Late Delivery,5
user_d5893df7@gmail.com,TKT-016505,Late Delivery,3
user_ed9c8402@gmail.com,TKT-016506,Late Delivery,1
user_c7609668@gmail.com,TKT-016507,Damaged Item,5
user_174f249b@gmail.com,TKT-016508,Late Delivery,5
user_ab88f978@gmail.com,TKT-016509,Late Delivery,1
user_68534b53@gmail.com,TKT-016510,Late Delivery,3
user_940dfa70@gmail.com,TKT-016511,Damaged Item,4
user_9cf26dc1@gmail.com,TKT-016512,Damaged Item,3
user_c5c6a8c6@gmail.com,TKT-016513,Damaged Item,5
user_b52378d2@gmail.com,TKT-016514,Damaged Item,2
user_c926cbf9@gmail.com,TKT-016515,Late Delivery,2
user_cce2d154@gmail.com,TKT-016516,Late Delivery,4
user_6f208bc8@gmail.com,TKT-016517,Damaged Item,3
user_74d1a872@gmail.com,TKT-016518,Late Delivery,4
user_9710c85b@gmail.com,TKT-016519,Damaged Item,4
user_bf0e90f0@gmail.com,TKT-016520,Late Delivery,3
user_8a112691@gmail.com,TKT-016521,Damaged Item,3
user_872dbd4d@gmail.com,TKT-016522,Late Delivery,4
user_40d40151@gmail.com,TKT-016523,Damaged Item,4
user_fe449423@gmail.com,TKT-016524,Late Delivery,3
user_73f0c1d6@gmail.com,TKT-016525,Late Delivery,1
user_eb236ab2@gmail.com,TKT-016526,Late Delivery,4
user_8251ed48@gmail.com,TKT-016527,Damaged Item,2
user_6be5c93f@gmail.com,TKT-016528,Damaged Item,3
user_ad9c4414@gmail.com,TKT-016529,Late Delivery,5
user_c88b9680@gmail.com,TKT-016530,Damaged Item,3
user_02bcfe95@gmail.com,TKT-016531,Damaged Item,5
user_7c0de761@gmail.com,TKT-016532,Late Delivery,1
user_79f2ca53@gmail.com,TKT-016533,Late Delivery,5
user_4a667201@gmail.com,TKT-016534,Late Delivery,4
user_343206fa@gmail.com,TKT-016535,Late Delivery,2
user_3e266a59@gmail.com,TKT-016536,Damaged Item,2
user_cdaebf2a@gmail.com,TKT-016537,Damaged Item,2
user_598505c0@gmail.com,TKT-016538,Damaged Item,4
user_b0dce84a@gmail.com,TKT-016539,Damaged Item,1
user_3b3b1305@gmail.com,TKT-016540,Late Delivery,4
user_aad799bf@gmail.com,TKT-016541,Late Delivery,2
user_ace24369@gmail.com,TKT-016542,Late Delivery,4
user_f0e60afd@gmail.com,TKT-016543,Late Delivery,3
user_7dc4dd74@gmail.com,TKT-016544,Late Delivery,2
user_947b3a5e@gmail.com,TKT-016545,Damaged Item,1
user_36e6158d@gmail.com,TKT-016546,Damaged Item,2
user_9604ad6b@gmail.com,TKT-016547,Late Delivery,5
user_85089f1a@gmail.com,TKT-016548,Late Delivery,2
user_0adf9370@gmail.com,TKT-016549,Late Delivery,3
user_43c66c87@gmail.com,TKT-016550,Late Delivery,5
user_4075675c@gmail.com,TKT-016551,Damaged Item,5
user_4d22b069@gmail.com,TKT-016552,Late Delivery,1
user_4ab7336e@gmail.com,TKT-016553,Damaged Item,1
user_726664f5@gmail.com,TKT-016554,Late Delivery,1
user_f424125c@gmail.com,TKT-016555,Late Delivery,2
user_20f0adad@gmail.com,TKT-016556,Late Delivery,1
user_b9c3dc12@gmail.com,TKT-016557,Damaged Item,1
user_b0d28a46@gmail.com,TKT-016558,Late Delivery,4
user_29b4050c@gmail.com,TKT-016559,Late Delivery,3
user_a9d91b01@gmail.com,TKT-016560,Late Delivery,2
user_ce08a8a3@gmail.com,TKT-016561,Late Delivery,2
user_2be29c18@gmail.com,TKT-016562,Late Delivery,3
user_ab67d04f@gmail.com,TKT-016563,Damaged Item,1
user_318451ff@gmail.com,TKT-016564,Damaged Item,2
user_569aa12b@gmail.com,TKT-016565,Late Delivery,4
user_6dcb0c21@gmail.com,TKT-016566,Late Delivery,5
user_dd4a3e85@gmail.com,TKT-016567,Late Delivery,1
user_6b5dd203@gmail.com,TKT-016568,Damaged Item,1
user_545d5284@gmail.com,TKT-016569,Damaged Item,2
user_3e0dfaee@gmail.com,TKT-016570,Damaged Item,5
user_7015aa90@gmail.com,TKT-016571,Damaged Item,4
user_2c8e68ca@gmail.com,TKT-016572,Damaged Item,1
user_9d9ea475@gmail.com,TKT-016573,Late Delivery,3
user_67f3216f@gmail.com,TKT-016574,Late Delivery,1
user_0566eb08@gmail.com,TKT-016575,Damaged Item,4
user_104ecbdc@gmail.com,TKT-016576,Damaged Item,4
user_26dbd39e@gmail.com,TKT-016577,Late Delivery,5
user_7d6a5546@gmail.com,TKT-016578,Late Delivery,5
user_034f3cf6@gmail.com,TKT-016579,Late Delivery,1
user_3b058c87@gmail.com,TKT-016580,Damaged Item,1
user_d7536e2d@gmail.com,TKT-016581,Late Delivery,2
user_68554ca5@gmail.com,TKT-016582,Late Delivery,3
user_70dc88c0@gmail.com,TKT-016583,Late Delivery,5
user_8b9e6aa6@gmail.com,TKT-016584,Damaged Item,1
user_45d76157@gmail.com,TKT-016585,Late Delivery,4
user_74c286ab@gmail.com,TKT-016586,Damaged Item,4
user_88711784@gmail.com,TKT-016587,Late Delivery,2
user_6fd6f55f@gmail.com,TKT-016588,Damaged Item,1
user_814ceb72@gmail.com,TKT-016589,Late Delivery,2
user_3c38b0f5@gmail.com,TKT-016590,Late Delivery,5
user_4c6a5fc3@gmail.com,TKT-016591,Damaged Item,3
user_a9598beb@gmail.com,TKT-016592,Late Delivery,5
user_3e99f422@gmail.com,TKT-016593,Late Delivery,3
user_0898ad11@gmail.com,TKT-016594,Late Delivery,3
user_8acbf87f@gmail.com,TKT-016595,Late Delivery,2
user_60065839@gmail.com,TKT-016596,Damaged Item,1
user_68ca4469@gmail.com,TKT-016597,Damaged Item,4
user_f658d073@gmail.com,TKT-016598,Late Delivery,3
user_449ba149@gmail.com,TKT-016599,Late Delivery,5
user_aa3ddedc@gmail.com,TKT-016600,Damaged Item,2
user_31318a05@gmail.com,TKT-016601,Late Delivery,3
user_dacb871b@gmail.com,TKT-016602,Late Delivery,4
user_e291272d@gmail.com,TKT-016603,Damaged Item,1
user_d60206c5@gmail.com,TKT-016604,Damaged Item,4
user_4ecf25c3@gmail.com,TKT-016605,Late Delivery,2
user_4de3ce7b@gmail.com,TKT-016606,Late Delivery,5
user_2f6fb8d1@gmail.com,TKT-016607,Damaged Item,2
user_ed322112@gmail.com,TKT-016608,Damaged Item,5
user_f6038891@gmail.com,TKT-016609,Damaged Item,5
user_3620cc23@gmail.com,TKT-016610,Damaged Item,2
user_3bcfb921@gmail.com,TKT-016611,Late Delivery,5
user_a6fbff20@gmail.com,TKT-016612,Damaged Item,3
user_ef5bd338@gmail.com,TKT-016613,Late Delivery,5
user_45ba2050@gmail.com,TKT-016614,Damaged Item,3
user_0f8aacfe@gmail.com,TKT-016615,Late Delivery,3
user_f07979cf@gmail.com,TKT-016616,Damaged Item,1
user_717d0f07@gmail.com,TKT-016617,Late Delivery,2
user_07e0e472@gmail.com,TKT-016618,Damaged Item,2
user_b79ef39b@gmail.com,TKT-016619,Late Delivery,4
user_107a6e9a@gmail.com,TKT-016620,Late Delivery,1
user_06788e14@gmail.com,TKT-016621,Damaged Item,3
user_90465414@gmail.com,TKT-016622,Late Delivery,2
user_19d92398@gmail.com,TKT-016623,Damaged Item,3
user_555789ba@gmail.com,TKT-016624,Damaged Item,4
user_0097c1e3@gmail.com,TKT-016625,Damaged Item,2
user_9e510050@gmail.com,TKT-016626,Late Delivery,3
user_5d83620e@gmail.com,TKT-016627,Late Delivery,4
user_7ed179be@gmail.com,TKT-016628,Late Delivery,5
user_dd4f1f50@gmail.com,TKT-016629,Damaged Item,1
user_5b5f6e7a@gmail.com,TKT-016630,Damaged Item,2
user_ecb4681c@gmail.com,TKT-016631,Late Delivery,4
user_b37ca39b@gmail.com,TKT-016632,Damaged Item,2
user_fdab4dca@gmail.com,TKT-016633,Damaged Item,4
user_92309fc0@gmail.com,TKT-016634,Late Delivery,3
user_3d96734c@gmail.com,TKT-016635,Damaged Item,4
user_16adb47e@gmail.com,TKT-016636,Late Delivery,1
user_2f1285ef@gmail.com,TKT-016637,Late Delivery,3
user_d962d549@gmail.com,TKT-016638,Late Delivery,5
user_d7aeaca7@gmail.com,TKT-016639,Late Delivery,3
user_95b0c515@gmail.com,TKT-016640,Damaged Item,5
user_07c82703@gmail.com,TKT-016641,Damaged Item,3
user_77491822@gmail.com,TKT-016642,Late Delivery,5
user_5e7def8a@gmail.com,TKT-016643,Late Delivery,1
user_abf410b2@gmail.com,TKT-016644,Late Delivery,2
user_1e7c82a4@gmail.com,TKT-016645,Damaged Item,5
user_5376655a@gmail.com,TKT-016646,Damaged Item,1
user_97e54323@gmail.com,TKT-016647,Late Delivery,4
user_2e4b0d27@gmail.com,TKT-016648,Late Delivery,1
user_ba2da7dd@gmail.com,TKT-016649,Late Delivery,1
user_39819c10@gmail.com,TKT-016650,Damaged Item,3
user_85c8172f@gmail.com,TKT-016651,Late Delivery,2
user_fb96080f@gmail.com,TKT-016652,Late Delivery,5
user_099828af@gmail.com,TKT-016653,Late Delivery,4
user_251fcf42@gmail.com,TKT-016654,Late Delivery,5
user_923ff96b@gmail.com,TKT-016655,Late Delivery,3
user_2286eff9@gmail.com,TKT-016656,Late Delivery,1
user_b35ecd06@gmail.com,TKT-016657,Late Delivery,5
user_f69186a6@gmail.com,TKT-016658,Late Delivery,4
user_0f04a72a@gmail.com,TKT-016659,Damaged Item,2
user_0c1f1c10@gmail.com,TKT-016660,Late Delivery,2
user_d9bd9746@gmail.com,TKT-016661,Late Delivery,5
user_c143eafe@gmail.com,TKT-016662,Damaged Item,2
user_acba97a4@gmail.com,TKT-016663,Damaged Item,5
user_21ea6d29@gmail.com,TKT-016664,Damaged Item,2
user_c0db32b5@gmail.com,TKT-016665,Late Delivery,5
user_871257e0@gmail.com,TKT-016666,Damaged Item,2
user_87b5114b@gmail.com,TKT-016667,Damaged Item,2
user_c419c576@gmail.com,TKT-016668,Late Delivery,5
user_784d4661@gmail.com,TKT-016669,Late Delivery,2
user_70c565c6@gmail.com,TKT-016670,Damaged Item,2
user_e8fb2263@gmail.com,TKT-016671,Late Delivery,3
user_18d3d77c@gmail.com,TKT-016672,Damaged Item,1
user_d0472ad4@gmail.com,TKT-016673,Late Delivery,4
user_3ea746ba@gmail.com,TKT-016674,Late Delivery,4
user_8fb12357@gmail.com,TKT-016675,Damaged Item,3
user_e4419ca7@gmail.com,TKT-016676,Late Delivery,2
user_630184b6@gmail.com,TKT-016677,Damaged Item,4
user_5c1b09e9@gmail.com,TKT-016678,Damaged Item,4
user_345f100b@gmail.com,TKT-016679,Damaged Item,4
user_935b9c5a@gmail.com,TKT-016680,Damaged Item,2
user_3fc3fe30@gmail.com,TKT-016681,Damaged Item,3
user_5eb984af@gmail.com,TKT-016682,Damaged Item,1
user_0be374e8@gmail.com,TKT-016683,Damaged Item,1
user_a323f5f9@gmail.com,TKT-016684,Late Delivery,1
user_d0119215@gmail.com,TKT-016685,Damaged Item,4
user_13223479@gmail.com,TKT-016686,Late Delivery,5
user_645d54fc@gmail.com,TKT-016687,Late Delivery,5
user_272a0cfd@gmail.com,TKT-016688,Late Delivery,3
user_51e44a2f@gmail.com,TKT-016689,Damaged Item,1
user_65fcbdbc@gmail.com,TKT-016690,Damaged Item,2
user_b4108121@gmail.com,TKT-016691,Damaged Item,2
user_50333459@gmail.com,TKT-016692,Damaged Item,2
user_da8aa1e4@gmail.com,TKT-016693,Late Delivery,2
user_2e8dc4d9@gmail.com,TKT-016694,Late Delivery,4
user_588a5a88@gmail.com,TKT-016695,Late Delivery,1
user_74635e4c@gmail.com,TKT-016696,Late Delivery,2
user_659d5388@gmail.com,TKT-016697,Damaged Item,5
user_ae2ab431@gmail.com,TKT-016698,Damaged Item,3
user_690f41c0@gmail.com,TKT-016699,Late Delivery,5
user_35ed1ec9@gmail.com,TKT-016700,Late Delivery,5
user_29a3dfd0@gmail.com,TKT-016701,Late Delivery,3
user_0870f2f5@gmail.com,TKT-016702,Damaged Item,4
user_34e92180@gmail.com,TKT-016703,Late Delivery,2
user_f3418440@gmail.com,TKT-016704,Damaged Item,2
user_2be03909@gmail.com,TKT-016705,Late Delivery,3
user_4d42a6da@gmail.com,TKT-016706,Late Delivery,1
user_1defe091@gmail.com,TKT-016707,Late Delivery,4
user_93cc2577@gmail.com,TKT-016708,Late Delivery,3
user_52523600@gmail.com,TKT-016709,Damaged Item,4
user_be847fe4@gmail.com,TKT-016710,Damaged Item,3
user_1dcd0a95@gmail.com,TKT-016711,Late Delivery,4
user_b0b890d2@gmail.com,TKT-016712,Late Delivery,1
user_6cc93b97@gmail.com,TKT-016713,Damaged Item,4
user_13dbc23e@gmail.com,TKT-016714,Damaged Item,5
user_3f6f5091@gmail.com,TKT-016715,Damaged Item,4
user_604a2d4c@gmail.com,TKT-016716,Late Delivery,4
user_d5041ac9@gmail.com,TKT-016717,Damaged Item,2
user_3aed251d@gmail.com,TKT-016718,Damaged Item,5
user_c4885a20@gmail.com,TKT-016719,Late Delivery,1
user_cf887277@gmail.com,TKT-016720,Damaged Item,2
user_309ddce5@gmail.com,TKT-016721,Late Delivery,1
user_d086da90@gmail.com,TKT-016722,Damaged Item,4
user_670f0b21@gmail.com,TKT-016723,Damaged Item,4
user_54272298@gmail.com,TKT-016724,Late Delivery,3
user_e8200f94@gmail.com,TKT-016725,Late Delivery,1
user_5db64889@gmail.com,TKT-016726,Damaged Item,3
user_6de06281@gmail.com,TKT-016727,Damaged Item,3
user_bd128c7f@gmail.com,TKT-016728,Damaged Item,3
user_6eda7803@gmail.com,TKT-016729,Damaged Item,2
user_8747b7f9@gmail.com,TKT-016730,Late Delivery,3
user_70dad00a@gmail.com,TKT-016731,Damaged Item,1
user_042297be@gmail.com,TKT-016732,Damaged Item,4
user_d1b21f16@gmail.com,TKT-016733,Damaged Item,4
user_7902cd11@gmail.com,TKT-016734,Damaged Item,2
user_12561915@gmail.com,TKT-016735,Damaged Item,4
user_cf717ffa@gmail.com,TKT-016736,Damaged Item,2
user_c9dcff23@gmail.com,TKT-016737,Damaged Item,3
user_f66c9f2f@gmail.com,TKT-016738,Late Delivery,1
user_93c6af03@gmail.com,TKT-016739,Late Delivery,3
user_f4aa6200@gmail.com,TKT-016740,Damaged Item,3
user_023d64ed@gmail.com,TKT-016741,Damaged Item,4
user_81ae889f@gmail.com,TKT-016742,Late Delivery,3
user_83fd68d2@gmail.com,TKT-016743,Damaged Item,3
user_3e598d7f@gmail.com,TKT-016744,Late Delivery,2
user_589e8441@gmail.com,TKT-016745,Damaged Item,4
user_d77c3864@gmail.com,TKT-016746,Damaged Item,3
user_75911973@gmail.com,TKT-016747,Late Delivery,5
user_599d892e@gmail.com,TKT-016748,Damaged Item,3
user_34cca44d@gmail.com,TKT-016749,Late Delivery,3
user_666cc07c@gmail.com,TKT-016750,Late Delivery,1
user_9597ede3@gmail.com,TKT-016751,Damaged Item,5
user_196c6217@gmail.com,TKT-016752,Late Delivery,2
user_a8d0c736@gmail.com,TKT-016753,Late Delivery,5
user_96d3ddbe@gmail.com,TKT-016754,Damaged Item,1
user_5f3cdd64@gmail.com,TKT-016755,Damaged Item,1
user_a10ffe9b@gmail.com,TKT-016756,Damaged Item,1
user_5582ad50@gmail.com,TKT-016757,Late Delivery,4
user_42ec563e@gmail.com,TKT-016758,Late Delivery,4
user_903db28e@gmail.com,TKT-016759,Damaged Item,1
user_d2e28504@gmail.com,TKT-016760,Late Delivery,3
user_690b10f7@gmail.com,TKT-016761,Late Delivery,5
user_719c22fa@gmail.com,TKT-016762,Damaged Item,1
user_ac13c494@gmail.com,TKT-016763,Damaged Item,2
user_98f361eb@gmail.com,TKT-016764,Late Delivery,1
user_02029b32@gmail.com,TKT-016765,Late Delivery,5
user_1ed6b2a7@gmail.com,TKT-016766,Damaged Item,2
user_793f775b@gmail.com,TKT-016767,Late Delivery,2
user_d5ee3fa3@gmail.com,TKT-016768,Damaged Item,2
user_1ecb8131@gmail.com,TKT-016769,Damaged Item,5
user_2a8d68c8@gmail.com,TKT-016770,Damaged Item,1
user_46417d48@gmail.com,TKT-016771,Late Delivery,1
user_cf12d87c@gmail.com,TKT-016772,Damaged Item,5
user_fc47abe0@gmail.com,TKT-016773,Late Delivery,2
user_89a1e0a8@gmail.com,TKT-016774,Late Delivery,3
user_adfdb66b@gmail.com,TKT-016775,Late Delivery,3
user_5bb8cdfb@gmail.com,TKT-016776,Late Delivery,4
user_d4ffd990@gmail.com,TKT-016777,Late Delivery,1
user_eecc19b7@gmail.com,TKT-016778,Damaged Item,3
user_c2033db7@gmail.com,TKT-016779,Damaged Item,5
user_7d4ed299@gmail.com,TKT-016780,Late Delivery,3
user_8353b15b@gmail.com,TKT-016781,Damaged Item,4
user_9f71aace@gmail.com,TKT-016782,Late Delivery,2
user_c11f3aaf@gmail.com,TKT-016783,Late Delivery,1
user_78b36e7a@gmail.com,TKT-016784,Damaged Item,3
user_fb72d21d@gmail.com,TKT-016785,Late Delivery,1
user_1ddff67f@gmail.com,TKT-016786,Damaged Item,5
user_8b160faf@gmail.com,TKT-016787,Damaged Item,5
user_e17408e3@gmail.com,TKT-016788,Damaged Item,5
user_f75a95e5@gmail.com,TKT-016789,Damaged Item,2
user_dbe93d38@gmail.com,TKT-016790,Damaged Item,4
user_c82692c3@gmail.com,TKT-016791,Late Delivery,4
user_e76c8258@gmail.com,TKT-016792,Late Delivery,1
user_385b3c60@gmail.com,TKT-016793,Late Delivery,4
user_857ae072@gmail.com,TKT-016794,Late Delivery,4
user_ad09c5f5@gmail.com,TKT-016795,Damaged Item,5
user_a1ec2592@gmail.com,TKT-016796,Late Delivery,2
user_7d15fd58@gmail.com,TKT-016797,Damaged Item,1
user_7ad13fbb@gmail.com,TKT-016798,Late Delivery,1
user_21c363cc@gmail.com,TKT-016799,Damaged Item,4
user_cf20925b@gmail.com,TKT-016800,Late Delivery,2
user_56c8a5a6@gmail.com,TKT-016801,Damaged Item,2
user_b3e083eb@gmail.com,TKT-016802,Damaged Item,2
user_58a36e5c@gmail.com,TKT-016803,Damaged Item,1
user_59613689@gmail.com,TKT-016804,Late Delivery,4
user_2d27dca5@gmail.com,TKT-016805,Damaged Item,1
user_bffc4dd5@gmail.com,TKT-016806,Damaged Item,2
user_8c31fa47@gmail.com,TKT-016807,Late Delivery,4
user_ab9fe867@gmail.com,TKT-016808,Damaged Item,2
user_80c663ae@gmail.com,TKT-016809,Damaged Item,1
user_ca19a17e@gmail.com,TKT-016810,Damaged Item,2
user_7d980414@gmail.com,TKT-016811,Late Delivery,2
user_68ced470@gmail.com,TKT-016812,Late Delivery,1
user_15ccaaaa@gmail.com,TKT-016813,Late Delivery,4
user_caa9b672@gmail.com,TKT-016814,Damaged Item,1
user_4b8c35f7@gmail.com,TKT-016815,Damaged Item,1
user_b5c82467@gmail.com,TKT-016816,Late Delivery,2
user_af315f1f@gmail.com,TKT-016817,Damaged Item,3
user_bf68fbac@gmail.com,TKT-016818,Damaged Item,2
user_f6e12192@gmail.com,TKT-016819,Late Delivery,4
user_cf42449d@gmail.com,TKT-016820,Damaged Item,5
user_2e05bd7c@gmail.com,TKT-016821,Late Delivery,5
user_146c7d9c@gmail.com,TKT-016822,Damaged Item,5
user_0968690d@gmail.com,TKT-016823,Late Delivery,3
user_d8324a80@gmail.com,TKT-016824,Damaged Item,1
user_c8b881b8@gmail.com,TKT-016825,Late Delivery,3
user_f73a7013@gmail.com,TKT-016826,Late Delivery,1
user_4f42bd04@gmail.com,TKT-016827,Late Delivery,2
user_13563509@gmail.com,TKT-016828,Damaged Item,4
user_0825f342@gmail.com,TKT-016829,Damaged Item,3
user_547a1e0f@gmail.com,TKT-016830,Damaged Item,1
user_7b3b5072@gmail.com,TKT-016831,Damaged Item,1
user_e14eed37@gmail.com,TKT-016832,Late Delivery,1
user_398d0e6a@gmail.com,TKT-016833,Late Delivery,1
user_b960618a@gmail.com,TKT-016834,Damaged Item,2
user_81f5afe8@gmail.com,TKT-016835,Late Delivery,5
user_7e2bb972@gmail.com,TKT-016836,Damaged Item,4
user_18cff74d@gmail.com,TKT-016837,Late Delivery,1
user_ca44a339@gmail.com,TKT-016838,Late Delivery,5
user_3076903f@gmail.com,TKT-016839,Damaged Item,3
user_f8b3a5ed@gmail.com,TKT-016840,Damaged Item,1
user_cb619b09@gmail.com,TKT-016841,Damaged Item,2
user_7d95fa71@gmail.com,TKT-016842,Damaged Item,3
user_c678ab1d@gmail.com,TKT-016843,Damaged Item,5
user_18b413ed@gmail.com,TKT-016844,Late Delivery,2
user_85b48f77@gmail.com,TKT-016845,Damaged Item,5
user_2170d926@gmail.com,TKT-016846,Damaged Item,5
user_aebd3b22@gmail.com,TKT-016847,Late Delivery,2
user_b7ffcd5b@gmail.com,TKT-016848,Late Delivery,2
user_8ad3de00@gmail.com,TKT-016849,Late Delivery,2
user_0c00b317@gmail.com,TKT-016850,Late Delivery,1
user_24f2709e@gmail.com,TKT-016851,Late Delivery,5
user_23ae1bfb@gmail.com,TKT-016852,Damaged Item,1
user_3b4996aa@gmail.com,TKT-016853,Late Delivery,4
user_0bc5de8f@gmail.com,TKT-016854,Late Delivery,1
user_80d031e5@gmail.com,TKT-016855,Damaged Item,2
user_f3ae9c43@gmail.com,TKT-016856,Late Delivery,2
user_062933ff@gmail.com,TKT-016857,Damaged Item,1
user_20398925@gmail.com,TKT-016858,Late Delivery,2
user_497e078a@gmail.com,TKT-016859,Late Delivery,2
user_a3b93376@gmail.com,TKT-016860,Damaged Item,5
user_ef2a3739@gmail.com,TKT-016861,Damaged Item,2
user_25f38824@gmail.com,TKT-016862,Late Delivery,5
user_85b76ed9@gmail.com,TKT-016863,Late Delivery,1
user_6e178a80@gmail.com,TKT-016864,Damaged Item,3
user_a26fff91@gmail.com,TKT-016865,Late Delivery,1
user_36c3fc18@gmail.com,TKT-016866,Late Delivery,5
user_94ab3852@gmail.com,TKT-016867,Late Delivery,2
user_f9a19bbd@gmail.com,TKT-016868,Damaged Item,1
user_803ef4df@gmail.com,TKT-016869,Late Delivery,1
user_e83bad81@gmail.com,TKT-016870,Late Delivery,3
user_59be219f@gmail.com,TKT-016871,Late Delivery,2
user_9ce32933@gmail.com,TKT-016872,Late Delivery,1
user_fbe8f71f@gmail.com,TKT-016873,Late Delivery,4
user_e1429df8@gmail.com,TKT-016874,Damaged Item,3
user_1d53deda@gmail.com,TKT-016875,Late Delivery,3
user_0d605d6f@gmail.com,TKT-016876,Damaged Item,2
user_45021e42@gmail.com,TKT-016877,Damaged Item,1
user_1f65a349@gmail.com,TKT-016878,Damaged Item,2
user_65c6f261@gmail.com,TKT-016879,Damaged Item,4
user_a2f51f62@gmail.com,TKT-016880,Damaged Item,5
user_0a862ab2@gmail.com,TKT-016881,Late Delivery,4
user_2180bd02@gmail.com,TKT-016882,Late Delivery,1
user_97baac35@gmail.com,TKT-016883,Late Delivery,1
user_8fc8e0f5@gmail.com,TKT-016884,Late Delivery,5
user_577f2e04@gmail.com,TKT-016885,Late Delivery,1
user_6970a688@gmail.com,TKT-016886,Damaged Item,3
user_24dff33d@gmail.com,TKT-016887,Late Delivery,3
user_303a86d9@gmail.com,TKT-016888,Late Delivery,5
user_1254d0a0@gmail.com,TKT-016889,Late Delivery,1
user_0a9c8f61@gmail.com,TKT-016890,Damaged Item,2
user_ef2a6a46@gmail.com,TKT-016891,Late Delivery,5
user_0d3ab4a1@gmail.com,TKT-016892,Damaged Item,4
user_2dd8a6ba@gmail.com,TKT-016893,Late Delivery,2
user_ab1c2f19@gmail.com,TKT-016894,Late Delivery,1
user_987a2275@gmail.com,TKT-016895,Late Delivery,4
user_790d0baf@gmail.com,TKT-016896,Damaged Item,2
user_a109f435@gmail.com,TKT-016897,Late Delivery,1
user_4534beed@gmail.com,TKT-016898,Damaged Item,2
user_a0858dd9@gmail.com,TKT-016899,Late Delivery,4
user_55e0c823@gmail.com,TKT-016900,Damaged Item,2
user_1033ef00@gmail.com,TKT-016901,Damaged Item,4
user_cee4e650@gmail.com,TKT-016902,Damaged Item,1
user_45b74b6e@gmail.com,TKT-016903,Late Delivery,1
user_a24d643d@gmail.com,TKT-016904,Late Delivery,2
user_6aab5534@gmail.com,TKT-016905,Damaged Item,5
user_f04be0cc@gmail.com,TKT-016906,Late Delivery,3
user_3d5af653@gmail.com,TKT-016907,Damaged Item,3
user_6ac5a102@gmail.com,TKT-016908,Late Delivery,2
user_3da26ad0@gmail.com,TKT-016909,Damaged Item,1
user_3c2a97cc@gmail.com,TKT-016910,Late Delivery,2
user_e589d4d8@gmail.com,TKT-016911,Damaged Item,1
user_e27def83@gmail.com,TKT-016912,Late Delivery,5
user_680ca46a@gmail.com,TKT-016913,Late Delivery,5
user_1f14cece@gmail.com,TKT-016914,Damaged Item,3
user_ccaea745@gmail.com,TKT-016915,Damaged Item,4
user_1f214d18@gmail.com,TKT-016916,Late Delivery,1
user_6e9a6867@gmail.com,TKT-016917,Late Delivery,2
user_5e9d0fcc@gmail.com,TKT-016918,Late Delivery,3
user_091e26f4@gmail.com,TKT-016919,Damaged Item,5
user_56182a3f@gmail.com,TKT-016920,Late Delivery,3
user_21961423@gmail.com,TKT-016921,Damaged Item,3
user_55b910cd@gmail.com,TKT-016922,Damaged Item,3
user_2f284d63@gmail.com,TKT-016923,Damaged Item,3
user_8fd4055a@gmail.com,TKT-016924,Late Delivery,2
user_5bf4ea2d@gmail.com,TKT-016925,Damaged Item,4
user_2a440c0f@gmail.com,TKT-016926,Late Delivery,4
user_08a99c58@gmail.com,TKT-016927,Late Delivery,2
user_0da440f6@gmail.com,TKT-016928,Late Delivery,1
user_b0aac1b5@gmail.com,TKT-016929,Late Delivery,1
user_787dd15d@gmail.com,TKT-016930,Late Delivery,5
user_9f541767@gmail.com,TKT-016931,Damaged Item,1
user_7adb8d11@gmail.com,TKT-016932,Damaged Item,4
user_3cdb54da@gmail.com,TKT-016933,Late Delivery,1
user_9a3c5a07@gmail.com,TKT-016934,Late Delivery,2
user_bce2efb7@gmail.com,TKT-016935,Damaged Item,4
user_71c95e0a@gmail.com,TKT-016936,Damaged Item,3
user_08bc1c08@gmail.com,TKT-016937,Damaged Item,4
user_dfc6fbe8@gmail.com,TKT-016938,Damaged Item,4
user_c71792e0@gmail.com,TKT-016939,Damaged Item,4
user_71d3ce43@gmail.com,TKT-016940,Damaged Item,2
user_5d710d9a@gmail.com,TKT-016941,Late Delivery,2
user_2516ee1e@gmail.com,TKT-016942,Damaged Item,3
user_2ef188e5@gmail.com,TKT-016943,Damaged Item,1
user_445929ec@gmail.com,TKT-016944,Damaged Item,2
user_439060f6@gmail.com,TKT-016945,Damaged Item,5
user_6dd4bb9e@gmail.com,TKT-016946,Late Delivery,4
user_a4a93dbd@gmail.com,TKT-016947,Damaged Item,5
user_bb936db3@gmail.com,TKT-016948,Late Delivery,3
user_9152ce99@gmail.com,TKT-016949,Late Delivery,5
user_2d30d103@gmail.com,TKT-016950,Late Delivery,2
user_ed6bbef5@gmail.com,TKT-016951,Late Delivery,1
user_d045537c@gmail.com,TKT-016952,Late Delivery,3
user_2b6ce149@gmail.com,TKT-016953,Damaged Item,2
user_a89f6d09@gmail.com,TKT-016954,Damaged Item,3
user_e699d1f2@gmail.com,TKT-016955,Late Delivery,3
user_f110e877@gmail.com,TKT-016956,Late Delivery,4
user_20a385ca@gmail.com,TKT-016957,Late Delivery,5
user_40c68d41@gmail.com,TKT-016958,Late Delivery,1
user_e6feb3d5@gmail.com,TKT-016959,Late Delivery,2
user_e4fee005@gmail.com,TKT-016960,Damaged Item,1
user_103d433e@gmail.com,TKT-016961,Late Delivery,4
user_e38c042f@gmail.com,TKT-016962,Damaged Item,3
user_c7558d51@gmail.com,TKT-016963,Late Delivery,5
user_164ced08@gmail.com,TKT-016964,Damaged Item,1
user_5b4ad907@gmail.com,TKT-016965,Damaged Item,2
user_5c9295ca@gmail.com,TKT-016966,Damaged Item,3
user_17285dfa@gmail.com,TKT-016967,Damaged Item,2
user_8aa58606@gmail.com,TKT-016968,Late Delivery,5
user_38ab8907@gmail.com,TKT-016969,Late Delivery,2
user_1496c48d@gmail.com,TKT-016970,Damaged Item,5
user_d3d6c0dd@gmail.com,TKT-016971,Late Delivery,4
user_3bf46434@gmail.com,TKT-016972,Damaged Item,4
user_685f7d91@gmail.com,TKT-016973,Late Delivery,3
user_2193383c@gmail.com,TKT-016974,Late Delivery,4
user_39d9d84e@gmail.com,TKT-016975,Late Delivery,1
user_feae353e@gmail.com,TKT-016976,Damaged Item,4
user_7c2dea30@gmail.com,TKT-016977,Damaged Item,1
user_e78d694c@gmail.com,TKT-016978,Late Delivery,5
user_fbf32aaf@gmail.com,TKT-016979,Damaged Item,2
user_0a6346d9@gmail.com,TKT-016980,Damaged Item,3
user_989eb11e@gmail.com,TKT-016981,Damaged Item,3
user_c914157f@gmail.com,TKT-016982,Damaged Item,4
user_2a80d0e6@gmail.com,TKT-016983,Late Delivery,4
user_5f37d46a@gmail.com,TKT-016984,Damaged Item,1
user_9f74b941@gmail.com,TKT-016985,Damaged Item,5
user_3a86e521@gmail.com,TKT-016986,Late Delivery,5
user_8e0d53ba@gmail.com,TKT-016987,Damaged Item,2
user_2e05adf5@gmail.com,TKT-016988,Late Delivery,5
user_c82e52cd@gmail.com,TKT-016989,Damaged Item,4
user_2767f1bb@gmail.com,TKT-016990,Damaged Item,3
user_dc7cd5b2@gmail.com,TKT-016991,Damaged Item,2
user_cb454fcd@gmail.com,TKT-016992,Damaged Item,3
user_3850ea9e@gmail.com,TKT-016993,Late Delivery,2
user_3fd20a80@gmail.com,TKT-016994,Late Delivery,5
user_c606c79a@gmail.com,TKT-016995,Late Delivery,4
user_4700fb5c@gmail.com,TKT-016996,Damaged Item,4
user_254dc956@gmail.com,TKT-016997,Late Delivery,2
user_fed93a0c@gmail.com,TKT-016998,Damaged Item,3
user_3c8df6d8@gmail.com,TKT-016999,Damaged Item,3
user_b6cfde2d@gmail.com,TKT-017000,Damaged Item,4
user_07250301@gmail.com,TKT-017001,Late Delivery,1
user_f2001851@gmail.com,TKT-017002,Late Delivery,3
user_92385bd6@gmail.com,TKT-017003,Damaged Item,1
user_b93cacde@gmail.com,TKT-017004,Late Delivery,5
user_0765eb6e@gmail.com,TKT-017005,Late Delivery,1
user_b1acdafc@gmail.com,TKT-017006,Late Delivery,5
user_c78e3a3e@gmail.com,TKT-017007,Late Delivery,4
user_ca721ab0@gmail.com,TKT-017008,Late Delivery,5
user_682f17fc@gmail.com,TKT-017009,Late Delivery,1
user_3c7e5c47@gmail.com,TKT-017010,Late Delivery,3
user_791ba15c@gmail.com,TKT-017011,Late Delivery,3
user_5c2780ae@gmail.com,TKT-017012,Damaged Item,5
user_70cfa73f@gmail.com,TKT-017013,Late Delivery,4
user_d41cad42@gmail.com,TKT-017014,Late Delivery,2
user_272f7bf0@gmail.com,TKT-017015,Late Delivery,3
user_904911bd@gmail.com,TKT-017016,Damaged Item,2
user_242a653b@gmail.com,TKT-017017,Late Delivery,3
user_038ef20f@gmail.com,TKT-017018,Damaged Item,5
user_397d9b4f@gmail.com,TKT-017019,Late Delivery,5
user_c2fd0cfe@gmail.com,TKT-017020,Late Delivery,4
user_614087a0@gmail.com,TKT-017021,Damaged Item,5
user_32b592fc@gmail.com,TKT-017022,Late Delivery,3
user_f6bd60ae@gmail.com,TKT-017023,Damaged Item,5
user_90cab992@gmail.com,TKT-017024,Late Delivery,2
user_0fb8e3ea@gmail.com,TKT-017025,Damaged Item,1
user_4d5c2d0e@gmail.com,TKT-017026,Damaged Item,1
user_12aca1d9@gmail.com,TKT-017027,Late Delivery,3
user_d425130b@gmail.com,TKT-017028,Damaged Item,2
user_d987d452@gmail.com,TKT-017029,Damaged Item,2
user_e2b1e4fa@gmail.com,TKT-017030,Damaged Item,5
user_71bbde2f@gmail.com,TKT-017031,Damaged Item,4
user_4face3fe@gmail.com,TKT-017032,Late Delivery,2
user_dfbaa905@gmail.com,TKT-017033,Late Delivery,1
user_481076c0@gmail.com,TKT-017034,Late Delivery,5
user_6a1bd353@gmail.com,TKT-017035,Damaged Item,4
user_2bc8fe8d@gmail.com,TKT-017036,Damaged Item,1
user_4ad24023@gmail.com,TKT-017037,Damaged Item,5
user_26282ebe@gmail.com,TKT-017038,Late Delivery,1
user_451dee68@gmail.com,TKT-017039,Late Delivery,1
user_88019766@gmail.com,TKT-017040,Damaged Item,2
user_2dc0cb58@gmail.com,TKT-017041,Late Delivery,4
user_64bdf437@gmail.com,TKT-017042,Late Delivery,4
user_1ea89c76@gmail.com,TKT-017043,Late Delivery,5
user_3705f77f@gmail.com,TKT-017044,Late Delivery,4
user_7bad2ac7@gmail.com,TKT-017045,Damaged Item,2
user_99a0e3cb@gmail.com,TKT-017046,Damaged Item,1
user_0672d01b@gmail.com,TKT-017047,Late Delivery,4
user_e67af892@gmail.com,TKT-017048,Damaged Item,4
user_334eee00@gmail.com,TKT-017049,Late Delivery,5
user_749917bd@gmail.com,TKT-017050,Late Delivery,5
user_53dce2fe@gmail.com,TKT-017051,Damaged Item,2
user_7e3ae8b9@gmail.com,TKT-017052,Damaged Item,5
user_f1844513@gmail.com,TKT-017053,Damaged Item,1
user_6e2870b5@gmail.com,TKT-017054,Late Delivery,3
user_7361b911@gmail.com,TKT-017055,Damaged Item,2
user_f1acddb1@gmail.com,TKT-017056,Damaged Item,2
user_9a599d44@gmail.com,TKT-017057,Damaged Item,2
user_ea2b0d7a@gmail.com,TKT-017058,Damaged Item,3
user_d07df41d@gmail.com,TKT-017059,Damaged Item,3
user_f6991bdc@gmail.com,TKT-017060,Late Delivery,1
user_621eb93c@gmail.com,TKT-017061,Late Delivery,2
user_d88fb53b@gmail.com,TKT-017062,Late Delivery,3
user_89c1b61a@gmail.com,TKT-017063,Damaged Item,1
user_20cddbe7@gmail.com,TKT-017064,Late Delivery,2
user_bf8c5bf7@gmail.com,TKT-017065,Late Delivery,2
user_3f2b65bb@gmail.com,TKT-017066,Late Delivery,1
user_900d8352@gmail.com,TKT-017067,Damaged Item,3
user_0255bf53@gmail.com,TKT-017068,Damaged Item,5
user_f77bffa6@gmail.com,TKT-017069,Damaged Item,3
user_53ff83e1@gmail.com,TKT-017070,Damaged Item,4
user_5ca00569@gmail.com,TKT-017071,Late Delivery,1
user_caeb1308@gmail.com,TKT-017072,Late Delivery,4
user_b097ca6b@gmail.com,TKT-017073,Late Delivery,2
user_73d1326e@gmail.com,TKT-017074,Late Delivery,2
user_56ca66bc@gmail.com,TKT-017075,Late Delivery,3
user_0f6e32b2@gmail.com,TKT-017076,Late Delivery,2
user_f0785d41@gmail.com,TKT-017077,Damaged Item,5
user_d9ff5ffe@gmail.com,TKT-017078,Damaged Item,5
user_f39f8439@gmail.com,TKT-017079,Late Delivery,3
user_b8ca31bf@gmail.com,TKT-017080,Damaged Item,1
user_0bc9c245@gmail.com,TKT-017081,Damaged Item,3
user_70d4d0d8@gmail.com,TKT-017082,Late Delivery,3
user_6a76d73b@gmail.com,TKT-017083,Late Delivery,5
user_86d1743c@gmail.com,TKT-017084,Late Delivery,4
user_51498d61@gmail.com,TKT-017085,Late Delivery,3
user_620b267b@gmail.com,TKT-017086,Damaged Item,4
user_ece9b391@gmail.com,TKT-017087,Damaged Item,3
user_baff9c47@gmail.com,TKT-017088,Damaged Item,3
user_389f5b81@gmail.com,TKT-017089,Damaged Item,5
user_71a42269@gmail.com,TKT-017090,Late Delivery,5
user_b78813f7@gmail.com,TKT-017091,Late Delivery,4
user_5f00d0a7@gmail.com,TKT-017092,Damaged Item,4
user_ef08fb20@gmail.com,TKT-017093,Damaged Item,5
user_dccde35a@gmail.com,TKT-017094,Damaged Item,1
user_3813b3c3@gmail.com,TKT-017095,Late Delivery,4
user_823e768b@gmail.com,TKT-017096,Late Delivery,4
user_e00bd2b0@gmail.com,TKT-017097,Damaged Item,1
user_94a9b839@gmail.com,TKT-017098,Late Delivery,2
user_aa75afb9@gmail.com,TKT-017099,Late Delivery,2
user_2a8c84de@gmail.com,TKT-017100,Late Delivery,2
user_1085f6b7@gmail.com,TKT-017101,Damaged Item,2
user_f3b75d6f@gmail.com,TKT-017102,Late Delivery,1
user_d209e98f@gmail.com,TKT-017103,Late Delivery,3
user_73b78f75@gmail.com,TKT-017104,Damaged Item,4
user_555e8b54@gmail.com,TKT-017105,Late Delivery,5
user_199b0b2d@gmail.com,TKT-017106,Damaged Item,1
user_1162303d@gmail.com,TKT-017107,Late Delivery,1
user_7ac8fd29@gmail.com,TKT-017108,Damaged Item,3
user_3b3ef0a0@gmail.com,TKT-017109,Damaged Item,4
user_f7a9e1da@gmail.com,TKT-017110,Damaged Item,2
user_28133745@gmail.com,TKT-017111,Damaged Item,4
user_369f99c7@gmail.com,TKT-017112,Damaged Item,2
user_1ae1a1d8@gmail.com,TKT-017113,Damaged Item,3
user_a4e71a98@gmail.com,TKT-017114,Late Delivery,4
user_843e4826@gmail.com,TKT-017115,Damaged Item,2
user_67a9ed96@gmail.com,TKT-017116,Damaged Item,3
user_f232e6a5@gmail.com,TKT-017117,Damaged Item,4
user_0623c2d2@gmail.com,TKT-017118,Damaged Item,2
user_c52b27df@gmail.com,TKT-017119,Damaged Item,1
user_01051300@gmail.com,TKT-017120,Damaged Item,4
user_4ae0c266@gmail.com,TKT-017121,Damaged Item,1
user_93530b95@gmail.com,TKT-017122,Damaged Item,1
user_23c1c967@gmail.com,TKT-017123,Late Delivery,4
user_8c58a52d@gmail.com,TKT-017124,Damaged Item,4
user_c04a6c1c@gmail.com,TKT-017125,Damaged Item,4
user_21560f93@gmail.com,TKT-017126,Late Delivery,5
user_43a9d015@gmail.com,TKT-017127,Damaged Item,4
user_2a6cb503@gmail.com,TKT-017128,Damaged Item,1
user_e44802a8@gmail.com,TKT-017129,Late Delivery,1
user_3419052c@gmail.com,TKT-017130,Damaged Item,2
user_f8871d2a@gmail.com,TKT-017131,Damaged Item,2
user_9534b890@gmail.com,TKT-017132,Late Delivery,1
user_7677f9cc@gmail.com,TKT-017133,Late Delivery,4
user_03303f6d@gmail.com,TKT-017134,Damaged Item,1
user_18f81870@gmail.com,TKT-017135,Damaged Item,4
user_62a4f744@gmail.com,TKT-017136,Late Delivery,1
user_2e6c5896@gmail.com,TKT-017137,Damaged Item,4
user_f679cf98@gmail.com,TKT-017138,Late Delivery,5
user_0d7e1762@gmail.com,TKT-017139,Damaged Item,1
user_5640efe2@gmail.com,TKT-017140,Late Delivery,4
user_4b7b262e@gmail.com,TKT-017141,Late Delivery,4
user_4d1d50c8@gmail.com,TKT-017142,Damaged Item,3
user_74d26afc@gmail.com,TKT-017143,Damaged Item,5
user_3a52bcff@gmail.com,TKT-017144,Damaged Item,3
user_46a2520c@gmail.com,TKT-017145,Damaged Item,5
user_16214024@gmail.com,TKT-017146,Damaged Item,5
user_70ad9190@gmail.com,TKT-017147,Damaged Item,1
user_cf20c526@gmail.com,TKT-017148,Late Delivery,4
user_9955ae92@gmail.com,TKT-017149,Damaged Item,5
user_2c773508@gmail.com,TKT-017150,Damaged Item,5
user_f2e0d62c@gmail.com,TKT-017151,Damaged Item,4
user_715b7028@gmail.com,TKT-017152,Late Delivery,1
user_7381903e@gmail.com,TKT-017153,Late Delivery,5
user_ccf80529@gmail.com,TKT-017154,Late Delivery,4
user_6871b052@gmail.com,TKT-017155,Late Delivery,4
user_f109e208@gmail.com,TKT-017156,Late Delivery,5
user_d221dbcb@gmail.com,TKT-017157,Damaged Item,5
user_76d55e8b@gmail.com,TKT-017158,Damaged Item,3
user_e2fd80fb@gmail.com,TKT-017159,Late Delivery,1
user_7014b614@gmail.com,TKT-017160,Damaged Item,3
user_6578156b@gmail.com,TKT-017161,Late Delivery,1
user_25f9f567@gmail.com,TKT-017162,Late Delivery,4
user_26e4f89a@gmail.com,TKT-017163,Damaged Item,4
user_1afbada4@gmail.com,TKT-017164,Late Delivery,2
user_db66ca71@gmail.com,TKT-017165,Late Delivery,3
user_05c6e849@gmail.com,TKT-017166,Damaged Item,1
user_3d4b54ed@gmail.com,TKT-017167,Damaged Item,5
user_0d2ba808@gmail.com,TKT-017168,Late Delivery,1
user_04971d60@gmail.com,TKT-017169,Late Delivery,3
user_b49d79cd@gmail.com,TKT-017170,Damaged Item,3
user_c72769e8@gmail.com,TKT-017171,Late Delivery,2
user_20be0fac@gmail.com,TKT-017172,Damaged Item,2
user_c121863d@gmail.com,TKT-017173,Damaged Item,4
user_97160433@gmail.com,TKT-017174,Damaged Item,3
user_9526faf4@gmail.com,TKT-017175,Late Delivery,5
user_17c943e1@gmail.com,TKT-017176,Late Delivery,3
user_cdfd8bdd@gmail.com,TKT-017177,Late Delivery,4
user_e5e21cbc@gmail.com,TKT-017178,Damaged Item,1
user_d75b61fa@gmail.com,TKT-017179,Damaged Item,5
user_19637bd7@gmail.com,TKT-017180,Late Delivery,2
user_fa770f7e@gmail.com,TKT-017181,Damaged Item,5
user_487e7e69@gmail.com,TKT-017182,Damaged Item,1
user_1821bdbb@gmail.com,TKT-017183,Damaged Item,5
user_3f1a1465@gmail.com,TKT-017184,Late Delivery,1
user_999d7dfc@gmail.com,TKT-017185,Late Delivery,5
user_49f7215d@gmail.com,TKT-017186,Late Delivery,1
user_21a1a3e9@gmail.com,TKT-017187,Damaged Item,3
user_54b50d48@gmail.com,TKT-017188,Damaged Item,5
user_51a286b2@gmail.com,TKT-017189,Late Delivery,3
user_42c81f94@gmail.com,TKT-017190,Late Delivery,5
user_031ad880@gmail.com,TKT-017191,Late Delivery,4
user_6f214c1a@gmail.com,TKT-017192,Late Delivery,2
user_e02e905c@gmail.com,TKT-017193,Damaged Item,5
user_66aa0f6e@gmail.com,TKT-017194,Damaged Item,5
user_61c20a11@gmail.com,TKT-017195,Damaged Item,1
user_00d76f8b@gmail.com,TKT-017196,Late Delivery,2
user_5ab99f2f@gmail.com,TKT-017197,Damaged Item,5
user_2279cf48@gmail.com,TKT-017198,Late Delivery,1
user_9136824b@gmail.com,TKT-017199,Damaged Item,4
user_d4ec1db6@gmail.com,TKT-017200,Late Delivery,2
user_bec0e285@gmail.com,TKT-017201,Late Delivery,1
user_d85547cd@gmail.com,TKT-017202,Damaged Item,5
user_5e632447@gmail.com,TKT-017203,Damaged Item,1
user_080e5649@gmail.com,TKT-017204,Late Delivery,5
user_20a8103b@gmail.com,TKT-017205,Damaged Item,5
user_99290118@gmail.com,TKT-017206,Late Delivery,1
user_008b06ab@gmail.com,TKT-017207,Late Delivery,3
user_357aba21@gmail.com,TKT-017208,Damaged Item,3
user_2f76c8ac@gmail.com,TKT-017209,Late Delivery,4
user_10df6064@gmail.com,TKT-017210,Late Delivery,1
user_9845116b@gmail.com,TKT-017211,Damaged Item,4
user_d8748691@gmail.com,TKT-017212,Damaged Item,1
user_fbb83f6f@gmail.com,TKT-017213,Late Delivery,4
user_aa36dbb6@gmail.com,TKT-017214,Damaged Item,2
user_7027983e@gmail.com,TKT-017215,Damaged Item,5
user_711d3ddf@gmail.com,TKT-017216,Late Delivery,4
user_a356a856@gmail.com,TKT-017217,Damaged Item,5
user_51ec3bc3@gmail.com,TKT-017218,Late Delivery,4
user_c53a1525@gmail.com,TKT-017219,Late Delivery,2
user_53cf8816@gmail.com,TKT-017220,Damaged Item,2
user_efd7381b@gmail.com,TKT-017221,Damaged Item,2
user_8883bd65@gmail.com,TKT-017222,Damaged Item,3
user_a2ce0bff@gmail.com,TKT-017223,Late Delivery,4
user_ed4d757e@gmail.com,TKT-017224,Late Delivery,4
user_f1e792f1@gmail.com,TKT-017225,Late Delivery,4
user_c9ac145c@gmail.com,TKT-017226,Late Delivery,5
user_afd8d5e8@gmail.com,TKT-017227,Late Delivery,2
user_afa602f0@gmail.com,TKT-017228,Damaged Item,5
user_e494f4ef@gmail.com,TKT-017229,Damaged Item,2
user_4efe2ef7@gmail.com,TKT-017230,Damaged Item,4
user_30cdd9ee@gmail.com,TKT-017231,Late Delivery,3
user_a1c839a9@gmail.com,TKT-017232,Late Delivery,1
user_ffcb3eb0@gmail.com,TKT-017233,Late Delivery,2
user_6e968652@gmail.com,TKT-017234,Late Delivery,1
user_60ed768b@gmail.com,TKT-017235,Late Delivery,3
user_46b6d965@gmail.com,TKT-017236,Late Delivery,4
user_f178149e@gmail.com,TKT-017237,Damaged Item,4
user_f3a6febe@gmail.com,TKT-017238,Late Delivery,3
user_c4e7087f@gmail.com,TKT-017239,Damaged Item,1
user_7b0b8f2a@gmail.com,TKT-017240,Late Delivery,4
user_8324c8b2@gmail.com,TKT-017241,Late Delivery,1
user_af91c7ea@gmail.com,TKT-017242,Damaged Item,1
user_cb29f0cb@gmail.com,TKT-017243,Damaged Item,5
user_c20faf88@gmail.com,TKT-017244,Damaged Item,1
user_3587e725@gmail.com,TKT-017245,Damaged Item,1
user_b9748d24@gmail.com,TKT-017246,Damaged Item,2
user_4b61b0b4@gmail.com,TKT-017247,Damaged Item,2
user_88c6ce58@gmail.com,TKT-017248,Late Delivery,1
user_3ffa6b58@gmail.com,TKT-017249,Late Delivery,3
user_c573683a@gmail.com,TKT-017250,Late Delivery,2
user_dcfc9c44@gmail.com,TKT-017251,Damaged Item,5
user_851d081d@gmail.com,TKT-017252,Late Delivery,5
user_500dcdcc@gmail.com,TKT-017253,Damaged Item,1
user_3c75c0fe@gmail.com,TKT-017254,Late Delivery,2
user_336e53f7@gmail.com,TKT-017255,Damaged Item,4
user_a1744a17@gmail.com,TKT-017256,Damaged Item,5
user_16883734@gmail.com,TKT-017257,Damaged Item,5
user_56bf49c0@gmail.com,TKT-017258,Damaged Item,2
user_21a9c9dd@gmail.com,TKT-017259,Damaged Item,1
user_19bf5ff0@gmail.com,TKT-017260,Late Delivery,1
user_bbdfe9a2@gmail.com,TKT-017261,Late Delivery,3
user_c1d36522@gmail.com,TKT-017262,Damaged Item,1
user_48274d95@gmail.com,TKT-017263,Late Delivery,2
user_22afa4cf@gmail.com,TKT-017264,Damaged Item,1
user_2ea13825@gmail.com,TKT-017265,Late Delivery,5
user_3702265e@gmail.com,TKT-017266,Late Delivery,3
user_213de1d3@gmail.com,TKT-017267,Late Delivery,4
user_c503f509@gmail.com,TKT-017268,Damaged Item,3
user_eab7f82b@gmail.com,TKT-017269,Late Delivery,2
user_be40dd02@gmail.com,TKT-017270,Late Delivery,2
user_e03ebc34@gmail.com,TKT-017271,Late Delivery,3
user_e6401112@gmail.com,TKT-017272,Late Delivery,4
user_eb4d3324@gmail.com,TKT-017273,Late Delivery,2
user_9194f9ae@gmail.com,TKT-017274,Late Delivery,3
user_546ed56e@gmail.com,TKT-017275,Damaged Item,2
user_eb859d4b@gmail.com,TKT-017276,Damaged Item,4
user_5f132d5a@gmail.com,TKT-017277,Damaged Item,3
user_7fd38a14@gmail.com,TKT-017278,Damaged Item,2
user_070864e2@gmail.com,TKT-017279,Damaged Item,5
user_8af3bf05@gmail.com,TKT-017280,Late Delivery,2
user_308dd643@gmail.com,TKT-017281,Late Delivery,2
user_f79d2f71@gmail.com,TKT-017282,Damaged Item,4
user_ec0984f8@gmail.com,TKT-017283,Late Delivery,4
user_cf2e63f9@gmail.com,TKT-017284,Damaged Item,2
user_a93ef4ff@gmail.com,TKT-017285,Late Delivery,3
user_53f34954@gmail.com,TKT-017286,Damaged Item,5
user_28030dc1@gmail.com,TKT-017287,Late Delivery,5
user_49d50003@gmail.com,TKT-017288,Damaged Item,1
user_3f77d2e4@gmail.com,TKT-017289,Late Delivery,3
user_141f1b86@gmail.com,TKT-017290,Damaged Item,1
user_936a1b7c@gmail.com,TKT-017291,Damaged Item,1
user_a6819650@gmail.com,TKT-017292,Late Delivery,4
user_43b72316@gmail.com,TKT-017293,Damaged Item,3
user_87f7e4bf@gmail.com,TKT-017294,Late Delivery,4
user_c2f3033b@gmail.com,TKT-017295,Damaged Item,1
user_1246a5ce@gmail.com,TKT-017296,Damaged Item,5
user_7faff2e2@gmail.com,TKT-017297,Late Delivery,1
user_e5311134@gmail.com,TKT-017298,Damaged Item,4
user_fc62ebc8@gmail.com,TKT-017299,Late Delivery,2
user_c3a2ad3c@gmail.com,TKT-017300,Damaged Item,4
user_bdfd9830@gmail.com,TKT-017301,Late Delivery,4
user_4ccc985d@gmail.com,TKT-017302,Late Delivery,5
user_3ce412c6@gmail.com,TKT-017303,Damaged Item,2
user_e34fe215@gmail.com,TKT-017304,Damaged Item,3
user_294032e8@gmail.com,TKT-017305,Late Delivery,4
user_8114e628@gmail.com,TKT-017306,Late Delivery,5
user_9717f9d4@gmail.com,TKT-017307,Late Delivery,3
user_4842d52f@gmail.com,TKT-017308,Damaged Item,5
user_cc492df9@gmail.com,TKT-017309,Damaged Item,4
user_9e4c2163@gmail.com,TKT-017310,Damaged Item,1
user_792cd65e@gmail.com,TKT-017311,Damaged Item,4
user_eeaca53b@gmail.com,TKT-017312,Late Delivery,2
user_26519785@gmail.com,TKT-017313,Damaged Item,5
user_c90ba746@gmail.com,TKT-017314,Damaged Item,2
user_c7f3ee1f@gmail.com,TKT-017315,Damaged Item,5
user_2c58adb8@gmail.com,TKT-017316,Damaged Item,2
user_15637b62@gmail.com,TKT-017317,Damaged Item,1
user_d6f2fb39@gmail.com,TKT-017318,Late Delivery,1
user_5ea94216@gmail.com,TKT-017319,Damaged Item,1
user_e73f8b6f@gmail.com,TKT-017320,Damaged Item,4
user_cd48bf88@gmail.com,TKT-017321,Damaged Item,2
user_f4cd14c5@gmail.com,TKT-017322,Late Delivery,2
user_76fe66b3@gmail.com,TKT-017323,Damaged Item,1
user_3007d31c@gmail.com,TKT-017324,Late Delivery,5
user_c03197ab@gmail.com,TKT-017325,Late Delivery,3
user_18039e7c@gmail.com,TKT-017326,Damaged Item,2
user_1ce5bbaa@gmail.com,TKT-017327,Late Delivery,2
user_056ca309@gmail.com,TKT-017328,Late Delivery,4
user_5336f61f@gmail.com,TKT-017329,Late Delivery,4
user_349b1e7b@gmail.com,TKT-017330,Late Delivery,2
user_96b0248a@gmail.com,TKT-017331,Damaged Item,3
user_547eb564@gmail.com,TKT-017332,Damaged Item,3
user_d3b43b42@gmail.com,TKT-017333,Damaged Item,4
user_29857951@gmail.com,TKT-017334,Damaged Item,4
user_7fe9cf15@gmail.com,TKT-017335,Damaged Item,3
user_03d7f509@gmail.com,TKT-017336,Damaged Item,5
user_8983324c@gmail.com,TKT-017337,Damaged Item,2
user_6ce2afbd@gmail.com,TKT-017338,Damaged Item,3
user_6fcd50e1@gmail.com,TKT-017339,Late Delivery,2
user_960be312@gmail.com,TKT-017340,Late Delivery,1
user_d6f8a6ee@gmail.com,TKT-017341,Late Delivery,2
user_1c420888@gmail.com,TKT-017342,Damaged Item,3
user_5e5930a6@gmail.com,TKT-017343,Late Delivery,5
user_5de16979@gmail.com,TKT-017344,Damaged Item,3
user_43dafbf5@gmail.com,TKT-017345,Damaged Item,4
user_d4e92cc0@gmail.com,TKT-017346,Damaged Item,2
user_7d0e399e@gmail.com,TKT-017347,Damaged Item,3
user_6c039e36@gmail.com,TKT-017348,Late Delivery,2
user_2b50264a@gmail.com,TKT-017349,Damaged Item,1
user_eb4a893e@gmail.com,TKT-017350,Late Delivery,4
user_3c01ae6b@gmail.com,TKT-017351,Late Delivery,5
user_774efd8e@gmail.com,TKT-017352,Late Delivery,2
user_688ee053@gmail.com,TKT-017353,Damaged Item,5
user_8ea52369@gmail.com,TKT-017354,Damaged Item,5
user_1427b47a@gmail.com,TKT-017355,Late Delivery,1
user_d5814651@gmail.com,TKT-017356,Damaged Item,3
user_7d1e984a@gmail.com,TKT-017357,Late Delivery,3
user_5f79947a@gmail.com,TKT-017358,Damaged Item,1
user_726307c4@gmail.com,TKT-017359,Damaged Item,2
user_0470bf31@gmail.com,TKT-017360,Late Delivery,4
user_e2df93e5@gmail.com,TKT-017361,Damaged Item,2
user_318a9d69@gmail.com,TKT-017362,Damaged Item,3
user_b26858a3@gmail.com,TKT-017363,Late Delivery,4
user_cf36fa9b@gmail.com,TKT-017364,Late Delivery,2
user_4067ba7d@gmail.com,TKT-017365,Late Delivery,1
user_c5f01991@gmail.com,TKT-017366,Late Delivery,4
user_e26f27be@gmail.com,TKT-017367,Late Delivery,4
user_02829654@gmail.com,TKT-017368,Late Delivery,4
user_4c4c1211@gmail.com,TKT-017369,Late Delivery,3
user_cc350a2e@gmail.com,TKT-017370,Late Delivery,3
user_3b8fa576@gmail.com,TKT-017371,Late Delivery,1
user_0b87e94a@gmail.com,TKT-017372,Late Delivery,5
user_5c128536@gmail.com,TKT-017373,Damaged Item,4
user_6c124e9e@gmail.com,TKT-017374,Damaged Item,1
user_f0f6247c@gmail.com,TKT-017375,Late Delivery,3
user_31905554@gmail.com,TKT-017376,Late Delivery,2
user_6704e856@gmail.com,TKT-017377,Late Delivery,5
user_a8953e3d@gmail.com,TKT-017378,Damaged Item,3
user_7ccedf66@gmail.com,TKT-017379,Late Delivery,4
user_d2aa470e@gmail.com,TKT-017380,Late Delivery,3
user_ca269aba@gmail.com,TKT-017381,Late Delivery,5
user_de5a8050@gmail.com,TKT-017382,Late Delivery,5
user_6d51a247@gmail.com,TKT-017383,Damaged Item,2
user_01275513@gmail.com,TKT-017384,Late Delivery,1
user_3cc1026f@gmail.com,TKT-017385,Late Delivery,2
user_6d1b4e02@gmail.com,TKT-017386,Late Delivery,5
user_7218900f@gmail.com,TKT-017387,Late Delivery,1
user_472852e1@gmail.com,TKT-017388,Damaged Item,3
user_f5d968c2@gmail.com,TKT-017389,Late Delivery,3
user_a2e11083@gmail.com,TKT-017390,Damaged Item,4
user_7d248581@gmail.com,TKT-017391,Damaged Item,5
user_46bc2352@gmail.com,TKT-017392,Damaged Item,2
user_f0e05d7d@gmail.com,TKT-017393,Damaged Item,1
user_dd473d24@gmail.com,TKT-017394,Damaged Item,4
user_cea38541@gmail.com,TKT-017395,Late Delivery,2
user_9466dc0d@gmail.com,TKT-017396,Late Delivery,2
user_209dd3c0@gmail.com,TKT-017397,Late Delivery,1
user_f2207c8c@gmail.com,TKT-017398,Damaged Item,1
user_38d77e3a@gmail.com,TKT-017399,Late Delivery,1
user_f4fd5d27@gmail.com,TKT-017400,Late Delivery,5
user_adfad9ea@gmail.com,TKT-017401,Late Delivery,2
user_32300168@gmail.com,TKT-017402,Late Delivery,3
user_1b1e1338@gmail.com,TKT-017403,Damaged Item,1
user_7325b16b@gmail.com,TKT-017404,Damaged Item,3
user_b4dcecc2@gmail.com,TKT-017405,Damaged Item,5
user_2a2af346@gmail.com,TKT-017406,Damaged Item,5
user_02dae28f@gmail.com,TKT-017407,Damaged Item,1
user_bc1d009b@gmail.com,TKT-017408,Damaged Item,1
user_a59fce8e@gmail.com,TKT-017409,Late Delivery,5
user_efd2f4f6@gmail.com,TKT-017410,Damaged Item,2
user_d7f45be3@gmail.com,TKT-017411,Late Delivery,5
user_3d88eb9d@gmail.com,TKT-017412,Late Delivery,4
user_01927626@gmail.com,TKT-017413,Late Delivery,3
user_cbc1758c@gmail.com,TKT-017414,Damaged Item,4
user_898106ec@gmail.com,TKT-017415,Damaged Item,3
user_7184da4e@gmail.com,TKT-017416,Late Delivery,2
user_dfad52af@gmail.com,TKT-017417,Late Delivery,5
user_bf9a7a28@gmail.com,TKT-017418,Late Delivery,3
user_60020d76@gmail.com,TKT-017419,Late Delivery,5
user_bb1d05dd@gmail.com,TKT-017420,Damaged Item,4
user_09b788f0@gmail.com,TKT-017421,Damaged Item,5
user_85a3d153@gmail.com,TKT-017422,Damaged Item,5
user_13f716fa@gmail.com,TKT-017423,Damaged Item,3
user_fdbc9e3e@gmail.com,TKT-017424,Damaged Item,1
user_c4aac836@gmail.com,TKT-017425,Late Delivery,5
user_5b788595@gmail.com,TKT-017426,Late Delivery,4
user_e428364c@gmail.com,TKT-017427,Damaged Item,4
user_1a1749cc@gmail.com,TKT-017428,Late Delivery,5
user_fd3633ef@gmail.com,TKT-017429,Late Delivery,4
user_175e0368@gmail.com,TKT-017430,Damaged Item,2
user_b8013f25@gmail.com,TKT-017431,Late Delivery,5
user_439421cb@gmail.com,TKT-017432,Late Delivery,5
user_f2532601@gmail.com,TKT-017433,Late Delivery,2
user_2b49dc8a@gmail.com,TKT-017434,Late Delivery,5
user_be9d82c8@gmail.com,TKT-017435,Late Delivery,2
user_2a6f38bc@gmail.com,TKT-017436,Damaged Item,2
user_1111a6af@gmail.com,TKT-017437,Late Delivery,4
user_e114141c@gmail.com,TKT-017438,Late Delivery,1
user_b8b59f2f@gmail.com,TKT-017439,Damaged Item,1
user_8728c766@gmail.com,TKT-017440,Late Delivery,3
user_d6ee23b2@gmail.com,TKT-017441,Damaged Item,1
user_50bdc800@gmail.com,TKT-017442,Late Delivery,3
user_0028a7d8@gmail.com,TKT-017443,Damaged Item,1
user_dfc8c1b8@gmail.com,TKT-017444,Damaged Item,2
user_5a7e0dfe@gmail.com,TKT-017445,Late Delivery,4
user_6c9871f7@gmail.com,TKT-017446,Damaged Item,3
user_074c0b04@gmail.com,TKT-017447,Damaged Item,4
user_1f46c0ce@gmail.com,TKT-017448,Damaged Item,1
user_afb9989f@gmail.com,TKT-017449,Damaged Item,1
user_5d006d94@gmail.com,TKT-017450,Late Delivery,3
user_5d7f6880@gmail.com,TKT-017451,Damaged Item,2
user_f6fe57d3@gmail.com,TKT-017452,Damaged Item,4
user_b80aea5d@gmail.com,TKT-017453,Late Delivery,2
user_3429548a@gmail.com,TKT-017454,Damaged Item,4
user_bb955202@gmail.com,TKT-017455,Damaged Item,4
user_b23384f3@gmail.com,TKT-017456,Late Delivery,5
user_fee24222@gmail.com,TKT-017457,Late Delivery,3
user_1c2578ed@gmail.com,TKT-017458,Late Delivery,4
user_d256a7a4@gmail.com,TKT-017459,Late Delivery,5
user_07085a7c@gmail.com,TKT-017460,Late Delivery,2
user_c3808f7c@gmail.com,TKT-017461,Late Delivery,2
user_3bc2cbcf@gmail.com,TKT-017462,Late Delivery,1
user_04563bbe@gmail.com,TKT-017463,Late Delivery,3
user_3f56ea95@gmail.com,TKT-017464,Damaged Item,4
user_a3310372@gmail.com,TKT-017465,Damaged Item,5
user_4e71ee20@gmail.com,TKT-017466,Damaged Item,3
user_3ac54bb7@gmail.com,TKT-017467,Damaged Item,4
user_b0cc1281@gmail.com,TKT-017468,Damaged Item,3
user_cf512cfd@gmail.com,TKT-017469,Late Delivery,5
user_a1b01fab@gmail.com,TKT-017470,Damaged Item,2
user_e7c90d9d@gmail.com,TKT-017471,Damaged Item,3
user_45b11737@gmail.com,TKT-017472,Late Delivery,4
user_f76809a3@gmail.com,TKT-017473,Damaged Item,4
user_a7b78141@gmail.com,TKT-017474,Damaged Item,1
user_3cc9db37@gmail.com,TKT-017475,Late Delivery,1
user_06fc18bb@gmail.com,TKT-017476,Damaged Item,2
user_46ab1191@gmail.com,TKT-017477,Late Delivery,2
user_a93e0e87@gmail.com,TKT-017478,Late Delivery,5
user_cedcad5f@gmail.com,TKT-017479,Late Delivery,3
user_38a5663d@gmail.com,TKT-017480,Late Delivery,4
user_bcde9c52@gmail.com,TKT-017481,Damaged Item,4
user_1aeb8d7b@gmail.com,TKT-017482,Late Delivery,4
user_120c80fd@gmail.com,TKT-017483,Damaged Item,2
user_7d8728a5@gmail.com,TKT-017484,Late Delivery,4
user_c2eef4e8@gmail.com,TKT-017485,Damaged Item,1
user_9baa0f8f@gmail.com,TKT-017486,Damaged Item,1
user_781c0058@gmail.com,TKT-017487,Late Delivery,3
user_78110b00@gmail.com,TKT-017488,Damaged Item,1
user_e78981f9@gmail.com,TKT-017489,Late Delivery,5
user_9744e27a@gmail.com,TKT-017490,Damaged Item,3
user_f9079882@gmail.com,TKT-017491,Late Delivery,2
user_e796b5a7@gmail.com,TKT-017492,Damaged Item,3
user_aabebad6@gmail.com,TKT-017493,Late Delivery,3
user_b0f75567@gmail.com,TKT-017494,Late Delivery,3
user_5acfe875@gmail.com,TKT-017495,Damaged Item,2
user_040405db@gmail.com,TKT-017496,Late Delivery,1
user_aa5cdee8@gmail.com,TKT-017497,Damaged Item,4
user_2ff5a158@gmail.com,TKT-017498,Late Delivery,4
user_e43227dd@gmail.com,TKT-017499,Late Delivery,5
user_0659c25d@gmail.com,TKT-017500,Damaged Item,2
user_83a16b78@gmail.com,TKT-017501,Late Delivery,4
user_dd38439b@gmail.com,TKT-017502,Late Delivery,5
user_20baefa0@gmail.com,TKT-017503,Late Delivery,5
user_43b781a2@gmail.com,TKT-017504,Damaged Item,2
user_47024aea@gmail.com,TKT-017505,Late Delivery,4
user_05ee75f2@gmail.com,TKT-017506,Late Delivery,5
user_0dda24b8@gmail.com,TKT-017507,Damaged Item,3
user_4a3414e4@gmail.com,TKT-017508,Damaged Item,2
user_cbcffdb1@gmail.com,TKT-017509,Damaged Item,5
user_b403efe8@gmail.com,TKT-017510,Damaged Item,5
user_35de25c7@gmail.com,TKT-017511,Damaged Item,4
user_f42b57e0@gmail.com,TKT-017512,Damaged Item,2
user_46ab2c3b@gmail.com,TKT-017513,Late Delivery,5
user_14611de7@gmail.com,TKT-017514,Damaged Item,1
user_14f0ab88@gmail.com,TKT-017515,Late Delivery,2
user_a27046d6@gmail.com,TKT-017516,Damaged Item,4
user_68caa648@gmail.com,TKT-017517,Damaged Item,5
user_926f99de@gmail.com,TKT-017518,Damaged Item,2
user_92d54160@gmail.com,TKT-017519,Damaged Item,1
user_740a280b@gmail.com,TKT-017520,Damaged Item,4
user_5c3ae3fe@gmail.com,TKT-017521,Late Delivery,2
user_e289cfcc@gmail.com,TKT-017522,Late Delivery,2
user_b34389df@gmail.com,TKT-017523,Late Delivery,1
user_cac5bdc2@gmail.com,TKT-017524,Damaged Item,1
user_cf2c9ff6@gmail.com,TKT-017525,Damaged Item,5
user_40e10d00@gmail.com,TKT-017526,Damaged Item,2
user_918bcf2b@gmail.com,TKT-017527,Damaged Item,3
user_83bbc814@gmail.com,TKT-017528,Damaged Item,4
user_087b21f8@gmail.com,TKT-017529,Late Delivery,5
user_90f323e9@gmail.com,TKT-017530,Late Delivery,2
user_5d8d6b43@gmail.com,TKT-017531,Late Delivery,3
user_eeb73462@gmail.com,TKT-017532,Late Delivery,2
user_af188f40@gmail.com,TKT-017533,Late Delivery,1
user_f5d32f2e@gmail.com,TKT-017534,Damaged Item,2
user_a141cad9@gmail.com,TKT-017535,Late Delivery,3
user_27a86b02@gmail.com,TKT-017536,Late Delivery,3
user_d6848141@gmail.com,TKT-017537,Damaged Item,2
user_f9f30104@gmail.com,TKT-017538,Damaged Item,3
user_3edd49fd@gmail.com,TKT-017539,Late Delivery,5
user_76373748@gmail.com,TKT-017540,Damaged Item,5
user_a96888be@gmail.com,TKT-017541,Damaged Item,1
user_1351a27a@gmail.com,TKT-017542,Late Delivery,2
user_662d023e@gmail.com,TKT-017543,Late Delivery,5
user_525dc103@gmail.com,TKT-017544,Late Delivery,5
user_6228d106@gmail.com,TKT-017545,Damaged Item,4
user_438f981a@gmail.com,TKT-017546,Damaged Item,3
user_ba05c99c@gmail.com,TKT-017547,Late Delivery,3
user_98ffcca1@gmail.com,TKT-017548,Damaged Item,1
user_8939b8ba@gmail.com,TKT-017549,Damaged Item,4
user_1bd21345@gmail.com,TKT-017550,Late Delivery,3
user_d6662a4e@gmail.com,TKT-017551,Damaged Item,3
user_6e0cb36c@gmail.com,TKT-017552,Damaged Item,3
user_fbc40999@gmail.com,TKT-017553,Late Delivery,2
user_00db525f@gmail.com,TKT-017554,Damaged Item,5
user_eba8aa77@gmail.com,TKT-017555,Late Delivery,4
user_9070642e@gmail.com,TKT-017556,Damaged Item,1
user_d061ca43@gmail.com,TKT-017557,Damaged Item,3
user_a7fa22a1@gmail.com,TKT-017558,Late Delivery,4
user_d585ef35@gmail.com,TKT-017559,Damaged Item,5
user_d81785b6@gmail.com,TKT-017560,Late Delivery,2
user_66ad5118@gmail.com,TKT-017561,Late Delivery,4
user_a6c3e966@gmail.com,TKT-017562,Damaged Item,4
user_22920f09@gmail.com,TKT-017563,Damaged Item,5
user_88a5a7f2@gmail.com,TKT-017564,Damaged Item,1
user_459750d7@gmail.com,TKT-017565,Late Delivery,2
user_4b4de584@gmail.com,TKT-017566,Damaged Item,3
user_0b359b28@gmail.com,TKT-017567,Damaged Item,5
user_128cf574@gmail.com,TKT-017568,Late Delivery,1
user_7b19fe77@gmail.com,TKT-017569,Damaged Item,1
user_66f046c0@gmail.com,TKT-017570,Late Delivery,4
user_5faf08b2@gmail.com,TKT-017571,Late Delivery,4
user_52cf4850@gmail.com,TKT-017572,Late Delivery,3
user_28ffe93d@gmail.com,TKT-017573,Late Delivery,1
user_0d4393a1@gmail.com,TKT-017574,Damaged Item,3
user_c4094371@gmail.com,TKT-017575,Damaged Item,5
user_c4ac52dc@gmail.com,TKT-017576,Late Delivery,3
user_d3f0e3b9@gmail.com,TKT-017577,Damaged Item,3
user_624e5a79@gmail.com,TKT-017578,Damaged Item,5
user_d62d60cd@gmail.com,TKT-017579,Damaged Item,3
user_8b33725d@gmail.com,TKT-017580,Damaged Item,1
user_d05a3738@gmail.com,TKT-017581,Damaged Item,2
user_d47c6b7a@gmail.com,TKT-017582,Late Delivery,4
user_6f8b40e5@gmail.com,TKT-017583,Damaged Item,5
user_c608482c@gmail.com,TKT-017584,Damaged Item,3
user_9809a59e@gmail.com,TKT-017585,Late Delivery,5
user_015366a7@gmail.com,TKT-017586,Damaged Item,3
user_bd0ff85a@gmail.com,TKT-017587,Damaged Item,4
user_e18a893d@gmail.com,TKT-017588,Late Delivery,2
user_98790c98@gmail.com,TKT-017589,Damaged Item,5
user_8eed8594@gmail.com,TKT-017590,Damaged Item,5
user_dc8c00e5@gmail.com,TKT-017591,Late Delivery,5
user_0d6143cf@gmail.com,TKT-017592,Late Delivery,3
user_65290fc3@gmail.com,TKT-017593,Late Delivery,1
user_53af4f1b@gmail.com,TKT-017594,Late Delivery,4
user_015dc4d6@gmail.com,TKT-017595,Late Delivery,4
user_3b8daebd@gmail.com,TKT-017596,Late Delivery,3
user_da5f0cb9@gmail.com,TKT-017597,Late Delivery,1
user_6e150ef7@gmail.com,TKT-017598,Late Delivery,1
user_ce0640b5@gmail.com,TKT-017599,Damaged Item,1
user_8c14c264@gmail.com,TKT-017600,Damaged Item,3
user_7a8e1b06@gmail.com,TKT-017601,Damaged Item,3
user_f13dfb75@gmail.com,TKT-017602,Late Delivery,4
user_0ae6f1aa@gmail.com,TKT-017603,Damaged Item,4
user_cbbeff6b@gmail.com,TKT-017604,Late Delivery,3
user_db8f20eb@gmail.com,TKT-017605,Damaged Item,4
user_d41af2e0@gmail.com,TKT-017606,Damaged Item,3
user_2884f2e2@gmail.com,TKT-017607,Late Delivery,2
user_7d098326@gmail.com,TKT-017608,Late Delivery,4
user_7d1439ab@gmail.com,TKT-017609,Late Delivery,5
user_8eb54bbb@gmail.com,TKT-017610,Damaged Item,4
user_26d58e42@gmail.com,TKT-017611,Late Delivery,5
user_6f228570@gmail.com,TKT-017612,Late Delivery,4
user_2b1198e6@gmail.com,TKT-017613,Late Delivery,1
user_2ad1a50c@gmail.com,TKT-017614,Damaged Item,1
user_8322ac34@gmail.com,TKT-017615,Damaged Item,2
user_08aaace6@gmail.com,TKT-017616,Damaged Item,3
user_1156025b@gmail.com,TKT-017617,Damaged Item,2
user_a280408a@gmail.com,TKT-017618,Late Delivery,4
user_8ba1aec4@gmail.com,TKT-017619,Damaged Item,3
user_b733ee12@gmail.com,TKT-017620,Late Delivery,5
user_275deae4@gmail.com,TKT-017621,Damaged Item,2
user_53d142fa@gmail.com,TKT-017622,Late Delivery,1
user_2e13ebc6@gmail.com,TKT-017623,Damaged Item,2
user_44892aa2@gmail.com,TKT-017624,Damaged Item,1
user_13613cae@gmail.com,TKT-017625,Late Delivery,2
user_001ae44f@gmail.com,TKT-017626,Late Delivery,1
user_79475ef8@gmail.com,TKT-017627,Damaged Item,5
user_c2d9349c@gmail.com,TKT-017628,Late Delivery,5
user_7917d21a@gmail.com,TKT-017629,Damaged Item,1
user_02b7e451@gmail.com,TKT-017630,Late Delivery,1
user_6ba812ca@gmail.com,TKT-017631,Damaged Item,2
user_711c6c5a@gmail.com,TKT-017632,Late Delivery,4
user_568ade92@gmail.com,TKT-017633,Damaged Item,1
user_ec950ad4@gmail.com,TKT-017634,Damaged Item,5
user_28e42f3e@gmail.com,TKT-017635,Late Delivery,1
user_8c1f36ef@gmail.com,TKT-017636,Late Delivery,5
user_cc199206@gmail.com,TKT-017637,Damaged Item,3
user_d51d89c1@gmail.com,TKT-017638,Late Delivery,5
user_9dfb62ee@gmail.com,TKT-017639,Damaged Item,4
user_1e6b1d1d@gmail.com,TKT-017640,Late Delivery,4
user_ec46baa7@gmail.com,TKT-017641,Late Delivery,4
user_2232877b@gmail.com,TKT-017642,Late Delivery,2
user_8434fe4b@gmail.com,TKT-017643,Damaged Item,5
user_80de13ed@gmail.com,TKT-017644,Damaged Item,5
user_d62eafab@gmail.com,TKT-017645,Late Delivery,1
user_623b94ca@gmail.com,TKT-017646,Damaged Item,4
user_dedf12e8@gmail.com,TKT-017647,Damaged Item,1
user_f62e7f7a@gmail.com,TKT-017648,Late Delivery,4
user_99b2b3d1@gmail.com,TKT-017649,Late Delivery,5
user_51fa3540@gmail.com,TKT-017650,Damaged Item,3
user_b56105b5@gmail.com,TKT-017651,Late Delivery,4
user_288ffe8e@gmail.com,TKT-017652,Late Delivery,3
user_95f4b915@gmail.com,TKT-017653,Damaged Item,2
user_ac5c80ed@gmail.com,TKT-017654,Late Delivery,4
user_ca9522ba@gmail.com,TKT-017655,Damaged Item,3
user_860fe367@gmail.com,TKT-017656,Late Delivery,3
user_767f4654@gmail.com,TKT-017657,Late Delivery,1
user_a7490351@gmail.com,TKT-017658,Damaged Item,5
user_fadbf326@gmail.com,TKT-017659,Damaged Item,2
user_c82a940b@gmail.com,TKT-017660,Damaged Item,4
user_077ef1f9@gmail.com,TKT-017661,Damaged Item,5
user_4fc73324@gmail.com,TKT-017662,Damaged Item,4
user_76ab3222@gmail.com,TKT-017663,Late Delivery,1
user_b60b56a6@gmail.com,TKT-017664,Late Delivery,4
user_2e9cf079@gmail.com,TKT-017665,Damaged Item,3
user_dc31fc8d@gmail.com,TKT-017666,Damaged Item,2
user_bd663391@gmail.com,TKT-017667,Late Delivery,2
user_80402c79@gmail.com,TKT-017668,Late Delivery,2
user_df32f6d4@gmail.com,TKT-017669,Damaged Item,1
user_004177f7@gmail.com,TKT-017670,Late Delivery,1
user_e14b02e4@gmail.com,TKT-017671,Late Delivery,4
user_b8fcc589@gmail.com,TKT-017672,Damaged Item,3
user_dd55dce5@gmail.com,TKT-017673,Late Delivery,4
user_655fb4f5@gmail.com,TKT-017674,Late Delivery,4
user_8def957f@gmail.com,TKT-017675,Damaged Item,3
user_4cc442b5@gmail.com,TKT-017676,Late Delivery,3
user_1d8dc0dd@gmail.com,TKT-017677,Late Delivery,1
user_49b2302c@gmail.com,TKT-017678,Late Delivery,2
user_8d222383@gmail.com,TKT-017679,Damaged Item,2
user_94431ab2@gmail.com,TKT-017680,Damaged Item,5
user_f8d597cd@gmail.com,TKT-017681,Damaged Item,5
user_0bc6a141@gmail.com,TKT-017682,Late Delivery,5
user_c3762fec@gmail.com,TKT-017683,Damaged Item,4
user_6bd028da@gmail.com,TKT-017684,Late Delivery,4
user_52073a48@gmail.com,TKT-017685,Late Delivery,4
user_30683162@gmail.com,TKT-017686,Damaged Item,1
user_72f4809b@gmail.com,TKT-017687,Late Delivery,1
user_aca8b523@gmail.com,TKT-017688,Damaged Item,2
user_fbee348f@gmail.com,TKT-017689,Damaged Item,3
user_6be01a26@gmail.com,TKT-017690,Damaged Item,1
user_ee59b3e5@gmail.com,TKT-017691,Late Delivery,4
user_906444ea@gmail.com,TKT-017692,Late Delivery,3
user_a8d1e993@gmail.com,TKT-017693,Late Delivery,3
user_2c4f1092@gmail.com,TKT-017694,Late Delivery,2
user_76f09e65@gmail.com,TKT-017695,Damaged Item,3
user_ca715ab9@gmail.com,TKT-017696,Late Delivery,3
user_2ae9c0e5@gmail.com,TKT-017697,Damaged Item,1
user_26b0e1ea@gmail.com,TKT-017698,Damaged Item,2
user_a48b6523@gmail.com,TKT-017699,Late Delivery,1
user_b7f06c19@gmail.com,TKT-017700,Damaged Item,5
user_bb0c181b@gmail.com,TKT-017701,Damaged Item,1
user_2b40d79d@gmail.com,TKT-017702,Damaged Item,1
user_5901f42d@gmail.com,TKT-017703,Late Delivery,2
user_cd78c2e3@gmail.com,TKT-017704,Damaged Item,2
user_7c577437@gmail.com,TKT-017705,Damaged Item,1
user_cef34203@gmail.com,TKT-017706,Late Delivery,4
user_fb7ea008@gmail.com,TKT-017707,Damaged Item,3
user_a7ef7f9f@gmail.com,TKT-017708,Damaged Item,5
user_b92ccbce@gmail.com,TKT-017709,Damaged Item,1
user_51bc7e97@gmail.com,TKT-017710,Damaged Item,3
user_565e2431@gmail.com,TKT-017711,Damaged Item,4
user_d350b6e2@gmail.com,TKT-017712,Late Delivery,3
user_6cd5ad27@gmail.com,TKT-017713,Damaged Item,1
user_16cb5ff2@gmail.com,TKT-017714,Late Delivery,2
user_c34909b9@gmail.com,TKT-017715,Damaged Item,3
user_059e0f6c@gmail.com,TKT-017716,Late Delivery,3
user_7c6783f6@gmail.com,TKT-017717,Damaged Item,3
user_287de6b3@gmail.com,TKT-017718,Damaged Item,2
user_69e1e5cf@gmail.com,TKT-017719,Late Delivery,4
user_8a9a8187@gmail.com,TKT-017720,Damaged Item,4
user_6f906d39@gmail.com,TKT-017721,Damaged Item,4
user_66328241@gmail.com,TKT-017722,Late Delivery,4
user_8ad7b8a0@gmail.com,TKT-017723,Late Delivery,4
user_6a875e02@gmail.com,TKT-017724,Late Delivery,3
user_a3b894ee@gmail.com,TKT-017725,Late Delivery,2
user_0ea5a9c8@gmail.com,TKT-017726,Damaged Item,1
user_ca73b4e7@gmail.com,TKT-017727,Late Delivery,2
user_85c30f69@gmail.com,TKT-017728,Damaged Item,1
user_902306e2@gmail.com,TKT-017729,Late Delivery,5
user_9321f71d@gmail.com,TKT-017730,Damaged Item,1
user_a71bcab2@gmail.com,TKT-017731,Late Delivery,1
user_43edb5e1@gmail.com,TKT-017732,Late Delivery,5
user_b61dd513@gmail.com,TKT-017733,Damaged Item,1
user_3b11d27f@gmail.com,TKT-017734,Late Delivery,1
user_fe48b5c5@gmail.com,TKT-017735,Late Delivery,3
user_0aaa7ef2@gmail.com,TKT-017736,Late Delivery,4
user_f29c32cd@gmail.com,TKT-017737,Late Delivery,4
user_962b9e78@gmail.com,TKT-017738,Damaged Item,1
user_2fdd6e20@gmail.com,TKT-017739,Late Delivery,4
user_6e9985ba@gmail.com,TKT-017740,Late Delivery,4
user_626eedf6@gmail.com,TKT-017741,Damaged Item,5
user_d997afde@gmail.com,TKT-017742,Damaged Item,1
user_a9855cac@gmail.com,TKT-017743,Late Delivery,2
user_dfbf50ee@gmail.com,TKT-017744,Damaged Item,5
user_b70d2761@gmail.com,TKT-017745,Late Delivery,5
user_296be46a@gmail.com,TKT-017746,Damaged Item,5
user_16af3354@gmail.com,TKT-017747,Damaged Item,3
user_932be2b0@gmail.com,TKT-017748,Damaged Item,5
user_0329fc1a@gmail.com,TKT-017749,Damaged Item,3
user_a86ff633@gmail.com,TKT-017750,Damaged Item,1
user_02678f5b@gmail.com,TKT-017751,Damaged Item,4
user_172a828e@gmail.com,TKT-017752,Damaged Item,2
user_56d71209@gmail.com,TKT-017753,Late Delivery,3
user_dd50e82d@gmail.com,TKT-017754,Late Delivery,5
user_4b2a2f31@gmail.com,TKT-017755,Damaged Item,5
user_6cf5bc81@gmail.com,TKT-017756,Damaged Item,1
user_6c7bfbe4@gmail.com,TKT-017757,Damaged Item,2
user_27fdc7e8@gmail.com,TKT-017758,Damaged Item,4
user_59661277@gmail.com,TKT-017759,Damaged Item,2
user_b73a0f3a@gmail.com,TKT-017760,Late Delivery,1
user_37b1f4b6@gmail.com,TKT-017761,Damaged Item,4
user_32efa507@gmail.com,TKT-017762,Late Delivery,3
user_a9915859@gmail.com,TKT-017763,Late Delivery,3
user_c8719dae@gmail.com,TKT-017764,Damaged Item,4
user_ddee3336@gmail.com,TKT-017765,Late Delivery,4
user_104ae9a4@gmail.com,TKT-017766,Damaged Item,1
user_33e8451a@gmail.com,TKT-017767,Late Delivery,3
user_e3e39a09@gmail.com,TKT-017768,Damaged Item,3
user_0be4d297@gmail.com,TKT-017769,Damaged Item,2
user_3bfab9c8@gmail.com,TKT-017770,Damaged Item,4
user_a14720d6@gmail.com,TKT-017771,Damaged Item,1
user_809ea1c5@gmail.com,TKT-017772,Damaged Item,3
user_a4a0e639@gmail.com,TKT-017773,Damaged Item,4
user_77a63731@gmail.com,TKT-017774,Late Delivery,1
user_5db4882d@gmail.com,TKT-017775,Damaged Item,5
user_2aab6849@gmail.com,TKT-017776,Damaged Item,3
user_026d6aad@gmail.com,TKT-017777,Damaged Item,2
user_4e8651a2@gmail.com,TKT-017778,Damaged Item,1
user_dcf8ab9b@gmail.com,TKT-017779,Late Delivery,4
user_950f69e2@gmail.com,TKT-017780,Damaged Item,1
user_cf098253@gmail.com,TKT-017781,Damaged Item,1
user_158e7d08@gmail.com,TKT-017782,Damaged Item,2
user_8f1c77ac@gmail.com,TKT-017783,Damaged Item,3
user_aef36fbf@gmail.com,TKT-017784,Damaged Item,3
user_f4c8f8a8@gmail.com,TKT-017785,Damaged Item,3
user_cb1e6468@gmail.com,TKT-017786,Damaged Item,4
user_3ead509e@gmail.com,TKT-017787,Late Delivery,4
user_6b2766da@gmail.com,TKT-017788,Damaged Item,1
user_f019ed7a@gmail.com,TKT-017789,Late Delivery,4
user_22410ef7@gmail.com,TKT-017790,Damaged Item,1
user_96e0a3dc@gmail.com,TKT-017791,Late Delivery,4
user_5734350b@gmail.com,TKT-017792,Late Delivery,1
user_4d430c2a@gmail.com,TKT-017793,Damaged Item,3
user_d54a1980@gmail.com,TKT-017794,Damaged Item,1
user_d4634156@gmail.com,TKT-017795,Damaged Item,2
user_2d76a299@gmail.com,TKT-017796,Damaged Item,3
user_6d1fb971@gmail.com,TKT-017797,Damaged Item,3
user_fb6ffdea@gmail.com,TKT-017798,Late Delivery,4
user_6254ab44@gmail.com,TKT-017799,Late Delivery,4
user_624b8c00@gmail.com,TKT-017800,Late Delivery,2
user_425a026a@gmail.com,TKT-017801,Late Delivery,2
user_4f2ad3c9@gmail.com,TKT-017802,Late Delivery,3
user_44b5ed23@gmail.com,TKT-017803,Damaged Item,5
user_0741fe7c@gmail.com,TKT-017804,Damaged Item,5
user_48eb15c2@gmail.com,TKT-017805,Late Delivery,1
user_d5b734ec@gmail.com,TKT-017806,Damaged Item,1
user_8dd9fc55@gmail.com,TKT-017807,Late Delivery,2
user_618ea9a8@gmail.com,TKT-017808,Late Delivery,1
user_a0dc5366@gmail.com,TKT-017809,Late Delivery,3
user_1f28d976@gmail.com,TKT-017810,Damaged Item,2
user_3804cddc@gmail.com,TKT-017811,Late Delivery,5
user_8c4840f0@gmail.com,TKT-017812,Damaged Item,2
user_e9a5ffad@gmail.com,TKT-017813,Late Delivery,2
user_dfbc9b09@gmail.com,TKT-017814,Late Delivery,2
user_22fb407b@gmail.com,TKT-017815,Late Delivery,5
user_7529cddb@gmail.com,TKT-017816,Late Delivery,1
user_b73e6c90@gmail.com,TKT-017817,Damaged Item,2
user_8fd2ec00@gmail.com,TKT-017818,Late Delivery,4
user_b37ea1c6@gmail.com,TKT-017819,Late Delivery,4
user_dca700ec@gmail.com,TKT-017820,Late Delivery,4
user_d6239720@gmail.com,TKT-017821,Damaged Item,4
user_68d5d57e@gmail.com,TKT-017822,Damaged Item,4
user_a35ee720@gmail.com,TKT-017823,Damaged Item,5
user_71d51db3@gmail.com,TKT-017824,Late Delivery,4
user_d0c1a14e@gmail.com,TKT-017825,Damaged Item,2
user_d4f4388f@gmail.com,TKT-017826,Late Delivery,4
user_5c338ad9@gmail.com,TKT-017827,Late Delivery,1
user_74d6e3df@gmail.com,TKT-017828,Damaged Item,1
user_06a76e17@gmail.com,TKT-017829,Damaged Item,3
user_864559e2@gmail.com,TKT-017830,Damaged Item,4
user_8837c79c@gmail.com,TKT-017831,Damaged Item,3
user_0e551179@gmail.com,TKT-017832,Damaged Item,5
user_7b48f306@gmail.com,TKT-017833,Damaged Item,2
user_df2f1fa2@gmail.com,TKT-017834,Damaged Item,4
user_4ce387d1@gmail.com,TKT-017835,Damaged Item,4
user_1141c494@gmail.com,TKT-017836,Damaged Item,3
user_41487caa@gmail.com,TKT-017837,Damaged Item,1
user_58920cd5@gmail.com,TKT-017838,Late Delivery,3
user_d71806d8@gmail.com,TKT-017839,Damaged Item,2
user_40a0d0ab@gmail.com,TKT-017840,Damaged Item,2
user_11c788dd@gmail.com,TKT-017841,Late Delivery,4
user_c541ea29@gmail.com,TKT-017842,Damaged Item,2
user_15d9bdf3@gmail.com,TKT-017843,Damaged Item,4
user_9ecf3166@gmail.com,TKT-017844,Damaged Item,4
user_d18a98cd@gmail.com,TKT-017845,Damaged Item,2
user_5bc16731@gmail.com,TKT-017846,Late Delivery,4
user_c22346e8@gmail.com,TKT-017847,Damaged Item,5
user_caca4ee1@gmail.com,TKT-017848,Damaged Item,3
user_cd48886e@gmail.com,TKT-017849,Late Delivery,2
user_c76db819@gmail.com,TKT-017850,Late Delivery,4
user_b9ab6f1b@gmail.com,TKT-017851,Late Delivery,1
user_08dc0f9b@gmail.com,TKT-017852,Late Delivery,2
user_a58736cf@gmail.com,TKT-017853,Damaged Item,4
user_c206fbc9@gmail.com,TKT-017854,Damaged Item,1
user_f4086888@gmail.com,TKT-017855,Late Delivery,4
user_a224f1c4@gmail.com,TKT-017856,Late Delivery,5
user_bfa841e3@gmail.com,TKT-017857,Late Delivery,4
user_e58c0f78@gmail.com,TKT-017858,Damaged Item,5
user_b8b468fc@gmail.com,TKT-017859,Damaged Item,1
user_b22cf218@gmail.com,TKT-017860,Late Delivery,3
user_7ffa2a1b@gmail.com,TKT-017861,Late Delivery,5
user_ac162ff7@gmail.com,TKT-017862,Damaged Item,2
user_a666bec8@gmail.com,TKT-017863,Late Delivery,1
user_60706059@gmail.com,TKT-017864,Damaged Item,1
user_dae89ff4@gmail.com,TKT-017865,Late Delivery,4
user_6e7dba8f@gmail.com,TKT-017866,Damaged Item,4
user_c3e4f3e9@gmail.com,TKT-017867,Late Delivery,2
user_dd8d6412@gmail.com,TKT-017868,Late Delivery,4
user_99dad467@gmail.com,TKT-017869,Late Delivery,1
user_7ab7fd32@gmail.com,TKT-017870,Late Delivery,4
user_f074e68d@gmail.com,TKT-017871,Damaged Item,1
user_88bc832f@gmail.com,TKT-017872,Damaged Item,2
user_94cdb721@gmail.com,TKT-017873,Damaged Item,4
user_2c9b90e4@gmail.com,TKT-017874,Late Delivery,5
user_157772c1@gmail.com,TKT-017875,Late Delivery,1
user_1e8a66e4@gmail.com,TKT-017876,Late Delivery,1
user_9b428047@gmail.com,TKT-017877,Late Delivery,3
user_6b08bb8c@gmail.com,TKT-017878,Damaged Item,1
user_8fd542b7@gmail.com,TKT-017879,Late Delivery,1
user_30850486@gmail.com,TKT-017880,Damaged Item,3
user_54e8fa81@gmail.com,TKT-017881,Late Delivery,5
user_ef66a7ec@gmail.com,TKT-017882,Late Delivery,1
user_24c0e0e5@gmail.com,TKT-017883,Late Delivery,5
user_153abaf2@gmail.com,TKT-017884,Damaged Item,2
user_fcff1cdd@gmail.com,TKT-017885,Damaged Item,4
user_ef630c0f@gmail.com,TKT-017886,Damaged Item,2
user_7e600989@gmail.com,TKT-017887,Damaged Item,4
user_663eebcc@gmail.com,TKT-017888,Late Delivery,1
user_a17ca519@gmail.com,TKT-017889,Late Delivery,4
user_9dbe75b8@gmail.com,TKT-017890,Late Delivery,3
user_c17c88e3@gmail.com,TKT-017891,Damaged Item,3
user_a50d8809@gmail.com,TKT-017892,Damaged Item,1
user_ea956d55@gmail.com,TKT-017893,Late Delivery,5
user_d43ff2e3@gmail.com,TKT-017894,Damaged Item,2
user_7132bbc9@gmail.com,TKT-017895,Damaged Item,4
user_059d9f78@gmail.com,TKT-017896,Damaged Item,3
user_ada50f14@gmail.com,TKT-017897,Damaged Item,4
user_fb6dbb94@gmail.com,TKT-017898,Late Delivery,2
user_9164b583@gmail.com,TKT-017899,Damaged Item,5
user_9ea42707@gmail.com,TKT-017900,Damaged Item,3
user_7474c50d@gmail.com,TKT-017901,Damaged Item,3
user_7d301c7c@gmail.com,TKT-017902,Damaged Item,1
user_999ca6c2@gmail.com,TKT-017903,Late Delivery,5
user_f994fa16@gmail.com,TKT-017904,Damaged Item,5
user_039a597b@gmail.com,TKT-017905,Damaged Item,4
user_b809eb0b@gmail.com,TKT-017906,Late Delivery,5
user_315f2539@gmail.com,TKT-017907,Late Delivery,2
user_5415bdba@gmail.com,TKT-017908,Damaged Item,4
user_6b264214@gmail.com,TKT-017909,Damaged Item,4
user_4b8d2c20@gmail.com,TKT-017910,Damaged Item,2
user_0942eedf@gmail.com,TKT-017911,Late Delivery,5
user_4fc09d5a@gmail.com,TKT-017912,Damaged Item,2
user_874b8794@gmail.com,TKT-017913,Late Delivery,3
user_f1b2ec62@gmail.com,TKT-017914,Late Delivery,5
user_03bee27b@gmail.com,TKT-017915,Damaged Item,2
user_403e1f2b@gmail.com,TKT-017916,Damaged Item,4
user_d35b8524@gmail.com,TKT-017917,Late Delivery,1
user_29e7e6a0@gmail.com,TKT-017918,Damaged Item,3
user_17d06ee4@gmail.com,TKT-017919,Late Delivery,2
user_4e9fd752@gmail.com,TKT-017920,Damaged Item,5
user_7f9f0dc2@gmail.com,TKT-017921,Late Delivery,3
user_7f190842@gmail.com,TKT-017922,Late Delivery,2
user_2b3ac257@gmail.com,TKT-017923,Damaged Item,1
user_9ff82389@gmail.com,TKT-017924,Damaged Item,5
user_de2055b9@gmail.com,TKT-017925,Late Delivery,3
user_011fd491@gmail.com,TKT-017926,Damaged Item,3
user_a548e6b9@gmail.com,TKT-017927,Late Delivery,5
user_3442a61b@gmail.com,TKT-017928,Damaged Item,1
user_5f00de40@gmail.com,TKT-017929,Late Delivery,4
user_682b686c@gmail.com,TKT-017930,Damaged Item,5
user_267b51cf@gmail.com,TKT-017931,Late Delivery,3
user_44cb0102@gmail.com,TKT-017932,Late Delivery,3
user_dcc9b8fe@gmail.com,TKT-017933,Late Delivery,1
user_e1597191@gmail.com,TKT-017934,Late Delivery,2
user_bad57d80@gmail.com,TKT-017935,Damaged Item,3
user_c8dbfbb4@gmail.com,TKT-017936,Damaged Item,2
user_3a1d9094@gmail.com,TKT-017937,Damaged Item,1
user_b4be8ffe@gmail.com,TKT-017938,Late Delivery,5
user_02251550@gmail.com,TKT-017939,Late Delivery,4
user_cb94f9b7@gmail.com,TKT-017940,Damaged Item,2
user_4e30efee@gmail.com,TKT-017941,Damaged Item,2
user_e444d0f7@gmail.com,TKT-017942,Late Delivery,3
user_af8937e6@gmail.com,TKT-017943,Damaged Item,2
user_f1480d98@gmail.com,TKT-017944,Late Delivery,3
user_4943a669@gmail.com,TKT-017945,Late Delivery,1
user_4c4dd694@gmail.com,TKT-017946,Late Delivery,5
user_bd502f85@gmail.com,TKT-017947,Damaged Item,3
user_3f1e5301@gmail.com,TKT-017948,Damaged Item,4
user_7d6286ff@gmail.com,TKT-017949,Late Delivery,2
user_d8ce0e44@gmail.com,TKT-017950,Damaged Item,2
user_42ef0078@gmail.com,TKT-017951,Damaged Item,1
user_5ebcc5c8@gmail.com,TKT-017952,Damaged Item,3
user_abe7fbb6@gmail.com,TKT-017953,Late Delivery,3
user_1189eed4@gmail.com,TKT-017954,Damaged Item,1
user_72417afc@gmail.com,TKT-017955,Damaged Item,4
user_5f324ac4@gmail.com,TKT-017956,Late Delivery,5
user_52836533@gmail.com,TKT-017957,Late Delivery,1
user_34c58672@gmail.com,TKT-017958,Late Delivery,3
user_393a728a@gmail.com,TKT-017959,Damaged Item,2
user_a5d3aa4d@gmail.com,TKT-017960,Late Delivery,3
user_c6f447dc@gmail.com,TKT-017961,Damaged Item,4
user_f1e656bf@gmail.com,TKT-017962,Late Delivery,2
user_0f838929@gmail.com,TKT-017963,Late Delivery,1
user_c4f03fdd@gmail.com,TKT-017964,Late Delivery,3
user_eea69b2b@gmail.com,TKT-017965,Late Delivery,4
user_232446d0@gmail.com,TKT-017966,Late Delivery,4
user_35e55d54@gmail.com,TKT-017967,Late Delivery,1
user_39d16bf5@gmail.com,TKT-017968,Damaged Item,3
user_567a79be@gmail.com,TKT-017969,Damaged Item,1
user_49136412@gmail.com,TKT-017970,Damaged Item,4
user_b944e713@gmail.com,TKT-017971,Damaged Item,3
user_beaac685@gmail.com,TKT-017972,Damaged Item,2
user_46ffe7ca@gmail.com,TKT-017973,Late Delivery,2
user_ff03923a@gmail.com,TKT-017974,Late Delivery,5
user_49e67d53@gmail.com,TKT-017975,Damaged Item,1
user_8a14fc05@gmail.com,TKT-017976,Late Delivery,3
user_86d665d7@gmail.com,TKT-017977,Late Delivery,2
user_4f70c5d1@gmail.com,TKT-017978,Damaged Item,1
user_794b1233@gmail.com,TKT-017979,Late Delivery,1
user_2e90f8ef@gmail.com,TKT-017980,Damaged Item,2
user_087e70bb@gmail.com,TKT-017981,Damaged Item,2
user_24115a0c@gmail.com,TKT-017982,Late Delivery,1
user_46e28c1c@gmail.com,TKT-017983,Late Delivery,2
user_ec0684fb@gmail.com,TKT-017984,Damaged Item,3
user_ff5f0e6c@gmail.com,TKT-017985,Late Delivery,2
user_44d5ead0@gmail.com,TKT-017986,Late Delivery,5
user_2e904e9e@gmail.com,TKT-017987,Late Delivery,2
user_520db171@gmail.com,TKT-017988,Late Delivery,1
user_b963d9e2@gmail.com,TKT-017989,Late Delivery,2
user_60abc7a3@gmail.com,TKT-017990,Damaged Item,4
user_8d0a8db3@gmail.com,TKT-017991,Damaged Item,3
user_169381f5@gmail.com,TKT-017992,Late Delivery,2
user_6c559f43@gmail.com,TKT-017993,Damaged Item,1
user_a72c0c82@gmail.com,TKT-017994,Late Delivery,2
user_48f11381@gmail.com,TKT-017995,Late Delivery,1
user_f051c8fe@gmail.com,TKT-017996,Late Delivery,4
user_ee19e90c@gmail.com,TKT-017997,Damaged Item,4
user_a66ed4dc@gmail.com,TKT-017998,Damaged Item,2
user_aae6530a@gmail.com,TKT-017999,Damaged Item,2
user_79a4fa88@gmail.com,TKT-018000,Damaged Item,2
user_cf217e0c@gmail.com,TKT-018001,Late Delivery,4
user_d29e2d7b@gmail.com,TKT-018002,Late Delivery,5
user_cef42836@gmail.com,TKT-018003,Late Delivery,1
user_326a9c3c@gmail.com,TKT-018004,Damaged Item,5
user_dc2fdb59@gmail.com,TKT-018005,Damaged Item,2
user_34c6f984@gmail.com,TKT-018006,Late Delivery,1
user_363b399d@gmail.com,TKT-018007,Damaged Item,2
user_607610d7@gmail.com,TKT-018008,Late Delivery,1
user_e9bedb18@gmail.com,TKT-018009,Late Delivery,4
user_7e8e9e44@gmail.com,TKT-018010,Damaged Item,3
user_8375b271@gmail.com,TKT-018011,Late Delivery,5
user_5563a1ae@gmail.com,TKT-018012,Late Delivery,2
user_bf456d59@gmail.com,TKT-018013,Late Delivery,1
user_28647a2c@gmail.com,TKT-018014,Damaged Item,4
user_07526d18@gmail.com,TKT-018015,Late Delivery,3
user_e2a6562b@gmail.com,TKT-018016,Damaged Item,1
user_0bd0b4a7@gmail.com,TKT-018017,Late Delivery,1
user_7f180c44@gmail.com,TKT-018018,Late Delivery,3
user_bd74ee61@gmail.com,TKT-018019,Damaged Item,3
user_c36d1931@gmail.com,TKT-018020,Damaged Item,4
user_54c04569@gmail.com,TKT-018021,Late Delivery,2
user_ca50114b@gmail.com,TKT-018022,Damaged Item,5
user_44949c1c@gmail.com,TKT-018023,Damaged Item,4
user_a5b51199@gmail.com,TKT-018024,Damaged Item,1
user_b4eab7fe@gmail.com,TKT-018025,Late Delivery,2
user_77a0c1a9@gmail.com,TKT-018026,Late Delivery,3
user_30cf132f@gmail.com,TKT-018027,Late Delivery,2
user_a9cdc8cd@gmail.com,TKT-018028,Damaged Item,4
user_53b50ff6@gmail.com,TKT-018029,Damaged Item,5
user_be7b4743@gmail.com,TKT-018030,Late Delivery,3
user_0fb5e343@gmail.com,TKT-018031,Late Delivery,1
user_ef39e758@gmail.com,TKT-018032,Late Delivery,3
user_214a6059@gmail.com,TKT-018033,Damaged Item,5
user_52eb8299@gmail.com,TKT-018034,Damaged Item,1
user_fa58e11c@gmail.com,TKT-018035,Late Delivery,4
user_eda46d6e@gmail.com,TKT-018036,Damaged Item,4
user_ed0184f8@gmail.com,TKT-018037,Damaged Item,5
user_29ed3e9f@gmail.com,TKT-018038,Damaged Item,4
user_e3b73592@gmail.com,TKT-018039,Damaged Item,2
user_d10c2e48@gmail.com,TKT-018040,Late Delivery,4
user_26cc8c49@gmail.com,TKT-018041,Late Delivery,2
user_3dfa96a5@gmail.com,TKT-018042,Late Delivery,1
user_e3dd44ba@gmail.com,TKT-018043,Damaged Item,5
user_b47b6acb@gmail.com,TKT-018044,Damaged Item,4
user_94ed98d0@gmail.com,TKT-018045,Damaged Item,3
user_427c1afb@gmail.com,TKT-018046,Damaged Item,3
user_c4817a6a@gmail.com,TKT-018047,Late Delivery,5
user_ca12da7d@gmail.com,TKT-018048,Late Delivery,1
user_7478a55c@gmail.com,TKT-018049,Damaged Item,5
user_9960a7ae@gmail.com,TKT-018050,Damaged Item,2
user_9de5b32e@gmail.com,TKT-018051,Late Delivery,1
user_45bb5ba2@gmail.com,TKT-018052,Late Delivery,1
user_222543b1@gmail.com,TKT-018053,Damaged Item,3
user_6d4da5cd@gmail.com,TKT-018054,Damaged Item,5
user_922aff18@gmail.com,TKT-018055,Late Delivery,4
user_2d6e75f5@gmail.com,TKT-018056,Damaged Item,5
user_bb101927@gmail.com,TKT-018057,Late Delivery,1
user_ab7ede4b@gmail.com,TKT-018058,Late Delivery,2
user_05229eb4@gmail.com,TKT-018059,Damaged Item,5
user_4bb19292@gmail.com,TKT-018060,Damaged Item,2
user_a3ee4a5c@gmail.com,TKT-018061,Damaged Item,1
user_c4e4f9ed@gmail.com,TKT-018062,Late Delivery,2
user_8d60a480@gmail.com,TKT-018063,Late Delivery,1
user_22f15b9a@gmail.com,TKT-018064,Damaged Item,4
user_bf12dd43@gmail.com,TKT-018065,Damaged Item,4
user_c78cd512@gmail.com,TKT-018066,Damaged Item,1
user_0becec3d@gmail.com,TKT-018067,Late Delivery,5
user_a2249408@gmail.com,TKT-018068,Late Delivery,4
user_49448603@gmail.com,TKT-018069,Damaged Item,5
user_f2b0e487@gmail.com,TKT-018070,Late Delivery,3
user_3eb13234@gmail.com,TKT-018071,Damaged Item,1
user_2a3d4df1@gmail.com,TKT-018072,Damaged Item,2
user_4036863b@gmail.com,TKT-018073,Damaged Item,2
user_831af6f6@gmail.com,TKT-018074,Late Delivery,4
user_767bea75@gmail.com,TKT-018075,Late Delivery,1
user_fceccc15@gmail.com,TKT-018076,Damaged Item,4
user_9e669f3a@gmail.com,TKT-018077,Damaged Item,2
user_29b7d8f6@gmail.com,TKT-018078,Late Delivery,3
user_d587a721@gmail.com,TKT-018079,Damaged Item,2
user_3eb9ec43@gmail.com,TKT-018080,Damaged Item,1
user_ead2f61d@gmail.com,TKT-018081,Late Delivery,3
user_accb5f41@gmail.com,TKT-018082,Late Delivery,5
user_44f3a3b9@gmail.com,TKT-018083,Damaged Item,1
user_e4fe3a04@gmail.com,TKT-018084,Late Delivery,1
user_9c4af240@gmail.com,TKT-018085,Damaged Item,5
user_8e49d21f@gmail.com,TKT-018086,Damaged Item,1
user_dda1078b@gmail.com,TKT-018087,Damaged Item,3
user_423138e2@gmail.com,TKT-018088,Late Delivery,1
user_3fa16d88@gmail.com,TKT-018089,Damaged Item,1
user_8b4bb71a@gmail.com,TKT-018090,Damaged Item,5
user_e28f25b5@gmail.com,TKT-018091,Late Delivery,1
user_e6aff531@gmail.com,TKT-018092,Late Delivery,4
user_d6b3281b@gmail.com,TKT-018093,Damaged Item,2
user_343a379f@gmail.com,TKT-018094,Damaged Item,5
user_71c81bfb@gmail.com,TKT-018095,Late Delivery,2
user_a942204d@gmail.com,TKT-018096,Damaged Item,3
user_8d0e0879@gmail.com,TKT-018097,Damaged Item,4
user_976a42b4@gmail.com,TKT-018098,Damaged Item,1
user_8cceda9d@gmail.com,TKT-018099,Damaged Item,2
user_75c1a606@gmail.com,TKT-018100,Late Delivery,5
user_fe116efe@gmail.com,TKT-018101,Damaged Item,2
user_a7c0f680@gmail.com,TKT-018102,Damaged Item,1
user_84d33b66@gmail.com,TKT-018103,Damaged Item,2
user_341dbbe3@gmail.com,TKT-018104,Damaged Item,1
user_f2ee18f2@gmail.com,TKT-018105,Late Delivery,1
user_c8c05588@gmail.com,TKT-018106,Late Delivery,3
user_e476843c@gmail.com,TKT-018107,Damaged Item,3
user_0199358f@gmail.com,TKT-018108,Late Delivery,2
user_42faa104@gmail.com,TKT-018109,Damaged Item,2
user_5a48c47f@gmail.com,TKT-018110,Damaged Item,5
user_f94145e3@gmail.com,TKT-018111,Late Delivery,4
user_545dbb24@gmail.com,TKT-018112,Damaged Item,1
user_5d42fb69@gmail.com,TKT-018113,Late Delivery,5
user_9ce2d5b6@gmail.com,TKT-018114,Damaged Item,5
user_5f07691f@gmail.com,TKT-018115,Damaged Item,4
user_54f8af8e@gmail.com,TKT-018116,Damaged Item,1
user_e99b608c@gmail.com,TKT-018117,Damaged Item,1
user_1215ec4a@gmail.com,TKT-018118,Damaged Item,1
user_91def939@gmail.com,TKT-018119,Damaged Item,5
user_f96fb3a4@gmail.com,TKT-018120,Damaged Item,3
user_6c4c54e2@gmail.com,TKT-018121,Damaged Item,4
user_1d095e61@gmail.com,TKT-018122,Damaged Item,4
user_ab6ece4e@gmail.com,TKT-018123,Late Delivery,4
user_c1317810@gmail.com,TKT-018124,Late Delivery,2
user_03307408@gmail.com,TKT-018125,Late Delivery,4
user_687f0509@gmail.com,TKT-018126,Damaged Item,1
user_60b3d241@gmail.com,TKT-018127,Damaged Item,5
user_01d4133d@gmail.com,TKT-018128,Late Delivery,5
user_21b31866@gmail.com,TKT-018129,Damaged Item,1
user_50915df3@gmail.com,TKT-018130,Late Delivery,2
user_b4e412b6@gmail.com,TKT-018131,Damaged Item,4
user_4d4882fc@gmail.com,TKT-018132,Late Delivery,4
user_b1449986@gmail.com,TKT-018133,Late Delivery,2
user_6ec219f9@gmail.com,TKT-018134,Late Delivery,5
user_bf64911d@gmail.com,TKT-018135,Late Delivery,2
user_5cfffae5@gmail.com,TKT-018136,Late Delivery,4
user_7e3e0d70@gmail.com,TKT-018137,Damaged Item,5
user_b47eca1f@gmail.com,TKT-018138,Late Delivery,2
user_ecfb2d1f@gmail.com,TKT-018139,Damaged Item,3
user_8dfae09f@gmail.com,TKT-018140,Late Delivery,3
user_0c70b763@gmail.com,TKT-018141,Late Delivery,3
user_a57affb8@gmail.com,TKT-018142,Damaged Item,2
user_25fd9d8e@gmail.com,TKT-018143,Damaged Item,3
user_e4435b5c@gmail.com,TKT-018144,Late Delivery,3
user_6f24c77a@gmail.com,TKT-018145,Late Delivery,3
user_28f1b1ef@gmail.com,TKT-018146,Late Delivery,3
user_3acb947b@gmail.com,TKT-018147,Late Delivery,5
user_a898ab43@gmail.com,TKT-018148,Damaged Item,5
user_b0615195@gmail.com,TKT-018149,Damaged Item,5
user_cd78998a@gmail.com,TKT-018150,Late Delivery,2
user_eadc554b@gmail.com,TKT-018151,Damaged Item,4
user_b473afdb@gmail.com,TKT-018152,Damaged Item,4
user_baed8b5a@gmail.com,TKT-018153,Late Delivery,2
user_ad91c910@gmail.com,TKT-018154,Late Delivery,1
user_51fd5787@gmail.com,TKT-018155,Late Delivery,3
user_c68b545a@gmail.com,TKT-018156,Late Delivery,5
user_160180e0@gmail.com,TKT-018157,Damaged Item,1
user_b8f2efd9@gmail.com,TKT-018158,Late Delivery,3
user_f8799db7@gmail.com,TKT-018159,Late Delivery,4
user_1bd5ffb8@gmail.com,TKT-018160,Late Delivery,2
user_239b4f03@gmail.com,TKT-018161,Late Delivery,1
user_fc8dc6d7@gmail.com,TKT-018162,Late Delivery,1
user_ba8218e0@gmail.com,TKT-018163,Damaged Item,3
user_4ceef76f@gmail.com,TKT-018164,Late Delivery,5
user_bfcaaed6@gmail.com,TKT-018165,Late Delivery,4
user_55fbb64f@gmail.com,TKT-018166,Damaged Item,3
user_0651e691@gmail.com,TKT-018167,Late Delivery,4
user_090798f0@gmail.com,TKT-018168,Damaged Item,4
user_28c9e96d@gmail.com,TKT-018169,Damaged Item,5
user_3c5b1ee7@gmail.com,TKT-018170,Late Delivery,1
user_b5929e64@gmail.com,TKT-018171,Late Delivery,5
user_801c1d31@gmail.com,TKT-018172,Late Delivery,1
user_49911ce1@gmail.com,TKT-018173,Late Delivery,1
user_fe79bf9e@gmail.com,TKT-018174,Damaged Item,3
user_32ea836b@gmail.com,TKT-018175,Late Delivery,2
user_675ad24f@gmail.com,TKT-018176,Damaged Item,4
user_466731c3@gmail.com,TKT-018177,Late Delivery,5
user_b9eff50e@gmail.com,TKT-018178,Damaged Item,4
user_4baf9608@gmail.com,TKT-018179,Damaged Item,3
user_9ab6bf65@gmail.com,TKT-018180,Damaged Item,1
user_bf0aff27@gmail.com,TKT-018181,Damaged Item,4
user_27a6f6db@gmail.com,TKT-018182,Late Delivery,4
user_683aa0a8@gmail.com,TKT-018183,Damaged Item,4
user_6e0d94e8@gmail.com,TKT-018184,Damaged Item,2
user_c7b11bae@gmail.com,TKT-018185,Late Delivery,1
user_045bc837@gmail.com,TKT-018186,Late Delivery,1
user_d8b227f6@gmail.com,TKT-018187,Late Delivery,2
user_49c3c5a1@gmail.com,TKT-018188,Damaged Item,4
user_54898429@gmail.com,TKT-018189,Damaged Item,3
user_eada2898@gmail.com,TKT-018190,Damaged Item,4
user_fbed0fde@gmail.com,TKT-018191,Late Delivery,1
user_aeca2a31@gmail.com,TKT-018192,Late Delivery,3
user_e789229d@gmail.com,TKT-018193,Late Delivery,5
user_f3be47a9@gmail.com,TKT-018194,Late Delivery,3
user_a12b71e8@gmail.com,TKT-018195,Late Delivery,4
user_3d6400ba@gmail.com,TKT-018196,Damaged Item,3
user_282ad1c4@gmail.com,TKT-018197,Late Delivery,2
user_76a74caf@gmail.com,TKT-018198,Damaged Item,2
user_3a0c798b@gmail.com,TKT-018199,Late Delivery,2
user_1c02edc3@gmail.com,TKT-018200,Damaged Item,5
user_1a073bf0@gmail.com,TKT-018201,Late Delivery,1
user_e7a1c791@gmail.com,TKT-018202,Damaged Item,5
user_85a8d4db@gmail.com,TKT-018203,Damaged Item,3
user_4217906b@gmail.com,TKT-018204,Damaged Item,2
user_d08ddb2c@gmail.com,TKT-018205,Late Delivery,5
user_0056c2dd@gmail.com,TKT-018206,Damaged Item,1
user_5db55415@gmail.com,TKT-018207,Late Delivery,1
user_8dcd1a36@gmail.com,TKT-018208,Late Delivery,5
user_a322f1ec@gmail.com,TKT-018209,Damaged Item,1
user_0fd5b0cb@gmail.com,TKT-018210,Late Delivery,2
user_a57a9fcc@gmail.com,TKT-018211,Late Delivery,1
user_9a826a56@gmail.com,TKT-018212,Late Delivery,3
user_05bce629@gmail.com,TKT-018213,Late Delivery,2
user_ace8151b@gmail.com,TKT-018214,Late Delivery,1
user_aa349110@gmail.com,TKT-018215,Late Delivery,4
user_9abae988@gmail.com,TKT-018216,Late Delivery,3
user_11db78ab@gmail.com,TKT-018217,Late Delivery,5
user_62a5a02c@gmail.com,TKT-018218,Late Delivery,3
user_c6e5667e@gmail.com,TKT-018219,Damaged Item,4
user_a6e62729@gmail.com,TKT-018220,Late Delivery,4
user_f9a0ec98@gmail.com,TKT-018221,Late Delivery,5
user_ecd8c8b4@gmail.com,TKT-018222,Damaged Item,3
user_05a4e266@gmail.com,TKT-018223,Damaged Item,3
user_c7e849d6@gmail.com,TKT-018224,Late Delivery,4
user_f1bb00cc@gmail.com,TKT-018225,Damaged Item,5
user_5d15c22a@gmail.com,TKT-018226,Damaged Item,4
user_1b212e01@gmail.com,TKT-018227,Late Delivery,5
user_5c5f8f35@gmail.com,TKT-018228,Damaged Item,3
user_41ffe05b@gmail.com,TKT-018229,Late Delivery,1
user_39b34a4c@gmail.com,TKT-018230,Late Delivery,5
user_7054e798@gmail.com,TKT-018231,Late Delivery,2
user_7e39a85b@gmail.com,TKT-018232,Damaged Item,2
user_c0f2dff1@gmail.com,TKT-018233,Damaged Item,1
user_53e800ac@gmail.com,TKT-018234,Late Delivery,2
user_17ccd1b7@gmail.com,TKT-018235,Late Delivery,4
user_38661d56@gmail.com,TKT-018236,Damaged Item,3
user_ffff5962@gmail.com,TKT-018237,Damaged Item,1
user_263fc134@gmail.com,TKT-018238,Damaged Item,2
user_020747bd@gmail.com,TKT-018239,Damaged Item,3
user_22dbde00@gmail.com,TKT-018240,Late Delivery,3
user_3a6130b1@gmail.com,TKT-018241,Damaged Item,2
user_81e5fcd4@gmail.com,TKT-018242,Damaged Item,3
user_64a8ce7b@gmail.com,TKT-018243,Late Delivery,3
user_3facecb2@gmail.com,TKT-018244,Damaged Item,5
user_0b1c86a7@gmail.com,TKT-018245,Damaged Item,4
user_18eaafdd@gmail.com,TKT-018246,Late Delivery,5
user_5d60c692@gmail.com,TKT-018247,Damaged Item,2
user_0a3e3738@gmail.com,TKT-018248,Damaged Item,2
user_44818fa3@gmail.com,TKT-018249,Damaged Item,1
user_303455ef@gmail.com,TKT-018250,Damaged Item,1
user_910edb03@gmail.com,TKT-018251,Late Delivery,2
user_8f0273ca@gmail.com,TKT-018252,Late Delivery,2
user_a50c1032@gmail.com,TKT-018253,Damaged Item,5
user_722a0971@gmail.com,TKT-018254,Late Delivery,2
user_9d1f4d13@gmail.com,TKT-018255,Late Delivery,3
user_90036519@gmail.com,TKT-018256,Late Delivery,4
user_4ff91cca@gmail.com,TKT-018257,Damaged Item,3
user_f475dc24@gmail.com,TKT-018258,Damaged Item,2
user_959867c3@gmail.com,TKT-018259,Damaged Item,4
user_9ee10320@gmail.com,TKT-018260,Damaged Item,1
user_df7a0b6f@gmail.com,TKT-018261,Damaged Item,5
user_041e2512@gmail.com,TKT-018262,Damaged Item,1
user_2c8aab4e@gmail.com,TKT-018263,Late Delivery,4
user_34aaf6b7@gmail.com,TKT-018264,Damaged Item,5
user_f30d8766@gmail.com,TKT-018265,Damaged Item,4
user_5bf64e6f@gmail.com,TKT-018266,Late Delivery,4
user_e3c0567a@gmail.com,TKT-018267,Damaged Item,4
user_c46c36a0@gmail.com,TKT-018268,Damaged Item,5
user_97c14578@gmail.com,TKT-018269,Late Delivery,5
user_514136fc@gmail.com,TKT-018270,Damaged Item,3
user_545a77b5@gmail.com,TKT-018271,Late Delivery,2
user_8c04bad8@gmail.com,TKT-018272,Damaged Item,5
user_248763bf@gmail.com,TKT-018273,Late Delivery,5
user_8320b28a@gmail.com,TKT-018274,Damaged Item,5
user_b0eb9da0@gmail.com,TKT-018275,Late Delivery,4
user_6c5c77a5@gmail.com,TKT-018276,Damaged Item,2
user_e5ec3500@gmail.com,TKT-018277,Damaged Item,1
user_d662c953@gmail.com,TKT-018278,Late Delivery,5
user_1d7b4eab@gmail.com,TKT-018279,Damaged Item,1
user_a635e8b3@gmail.com,TKT-018280,Late Delivery,2
user_9906fc37@gmail.com,TKT-018281,Late Delivery,4
user_ae1e7d79@gmail.com,TKT-018282,Damaged Item,2
user_90af0eee@gmail.com,TKT-018283,Late Delivery,2
user_c9d4e34f@gmail.com,TKT-018284,Damaged Item,2
user_278afff9@gmail.com,TKT-018285,Late Delivery,5
user_d1c7d1a4@gmail.com,TKT-018286,Late Delivery,5
user_4f37b187@gmail.com,TKT-018287,Damaged Item,5
user_1b139133@gmail.com,TKT-018288,Damaged Item,5
user_83efa41f@gmail.com,TKT-018289,Late Delivery,2
user_0f6cfb07@gmail.com,TKT-018290,Late Delivery,4
user_eb53ee67@gmail.com,TKT-018291,Damaged Item,4
user_17605767@gmail.com,TKT-018292,Late Delivery,3
user_cde316c0@gmail.com,TKT-018293,Late Delivery,1
user_05deca1c@gmail.com,TKT-018294,Late Delivery,3
user_f208c2e0@gmail.com,TKT-018295,Damaged Item,2
user_da16c6ce@gmail.com,TKT-018296,Damaged Item,1
user_8a44fe7a@gmail.com,TKT-018297,Late Delivery,2
user_0ac10a57@gmail.com,TKT-018298,Damaged Item,3
user_4ad904de@gmail.com,TKT-018299,Damaged Item,3
user_e7a0b95f@gmail.com,TKT-018300,Late Delivery,5
user_49436a1a@gmail.com,TKT-018301,Damaged Item,4
user_c8df3097@gmail.com,TKT-018302,Late Delivery,1
user_7a197f27@gmail.com,TKT-018303,Damaged Item,2
user_956a5b68@gmail.com,TKT-018304,Late Delivery,4
user_0648b401@gmail.com,TKT-018305,Damaged Item,5
user_4c401942@gmail.com,TKT-018306,Damaged Item,1
user_9c36eedc@gmail.com,TKT-018307,Late Delivery,1
user_84b2bad5@gmail.com,TKT-018308,Damaged Item,4
user_980de6dd@gmail.com,TKT-018309,Late Delivery,3
user_5b6d9e07@gmail.com,TKT-018310,Late Delivery,2
user_4b599442@gmail.com,TKT-018311,Late Delivery,3
user_12123c52@gmail.com,TKT-018312,Late Delivery,5
user_11e81b94@gmail.com,TKT-018313,Late Delivery,2
user_b7d5e2a2@gmail.com,TKT-018314,Late Delivery,4
user_d043a8f5@gmail.com,TKT-018315,Damaged Item,2
user_7755ab0c@gmail.com,TKT-018316,Late Delivery,5
user_58fd3b39@gmail.com,TKT-018317,Late Delivery,4
user_cbb4b1e5@gmail.com,TKT-018318,Damaged Item,3
user_52678f67@gmail.com,TKT-018319,Late Delivery,3
user_68dc7a89@gmail.com,TKT-018320,Damaged Item,2
user_b471f677@gmail.com,TKT-018321,Damaged Item,4
user_fd1b8e43@gmail.com,TKT-018322,Damaged Item,3
user_14c5f9e4@gmail.com,TKT-018323,Late Delivery,3
user_b87461e6@gmail.com,TKT-018324,Late Delivery,2
user_b8e747e1@gmail.com,TKT-018325,Late Delivery,4
user_387f4c38@gmail.com,TKT-018326,Damaged Item,5
user_2a2efb28@gmail.com,TKT-018327,Late Delivery,4
user_a24915aa@gmail.com,TKT-018328,Damaged Item,1
user_6d8c8089@gmail.com,TKT-018329,Damaged Item,1
user_e019798f@gmail.com,TKT-018330,Damaged Item,1
user_0647d94e@gmail.com,TKT-018331,Damaged Item,2
user_0387d9f3@gmail.com,TKT-018332,Late Delivery,5
user_aee74d36@gmail.com,TKT-018333,Late Delivery,3
user_e44110c2@gmail.com,TKT-018334,Damaged Item,5
user_452f1884@gmail.com,TKT-018335,Damaged Item,1
user_4a52529d@gmail.com,TKT-018336,Late Delivery,4
user_5ba849a3@gmail.com,TKT-018337,Late Delivery,1
user_86564b6b@gmail.com,TKT-018338,Damaged Item,2
user_70eef2ec@gmail.com,TKT-018339,Damaged Item,4
user_bf39e3be@gmail.com,TKT-018340,Damaged Item,5
user_3f1d63ca@gmail.com,TKT-018341,Damaged Item,1
user_415b15ac@gmail.com,TKT-018342,Damaged Item,1
user_be5265d8@gmail.com,TKT-018343,Late Delivery,2
user_a694d32f@gmail.com,TKT-018344,Late Delivery,3
user_f15ca571@gmail.com,TKT-018345,Damaged Item,1
user_0074a1d3@gmail.com,TKT-018346,Late Delivery,3
user_6db6eac4@gmail.com,TKT-018347,Damaged Item,1
user_2d74ac37@gmail.com,TKT-018348,Late Delivery,5
user_de16b330@gmail.com,TKT-018349,Late Delivery,5
user_49ae2d67@gmail.com,TKT-018350,Late Delivery,5
user_bdbf1634@gmail.com,TKT-018351,Damaged Item,4
user_989aabc1@gmail.com,TKT-018352,Late Delivery,5
user_a4b4827a@gmail.com,TKT-018353,Late Delivery,1
user_1ec536e0@gmail.com,TKT-018354,Damaged Item,3
user_d99db834@gmail.com,TKT-018355,Late Delivery,3
user_04f843a2@gmail.com,TKT-018356,Damaged Item,3
user_ddb5e3c7@gmail.com,TKT-018357,Late Delivery,1
user_193022a1@gmail.com,TKT-018358,Damaged Item,4
user_0edaaecd@gmail.com,TKT-018359,Late Delivery,3
user_88615bc2@gmail.com,TKT-018360,Late Delivery,2
user_36db4b58@gmail.com,TKT-018361,Late Delivery,2
user_33862efd@gmail.com,TKT-018362,Damaged Item,2
user_c916dbec@gmail.com,TKT-018363,Damaged Item,5
user_65532f2b@gmail.com,TKT-018364,Late Delivery,1
user_b5cd6ee9@gmail.com,TKT-018365,Damaged Item,3
user_7dace777@gmail.com,TKT-018366,Damaged Item,3
user_316931e2@gmail.com,TKT-018367,Late Delivery,2
user_f6fdb193@gmail.com,TKT-018368,Damaged Item,5
user_d8b59fac@gmail.com,TKT-018369,Damaged Item,1
user_f9ba2499@gmail.com,TKT-018370,Damaged Item,1
user_17296af3@gmail.com,TKT-018371,Damaged Item,1
user_c245a638@gmail.com,TKT-018372,Late Delivery,4
user_0e9e7dc0@gmail.com,TKT-018373,Damaged Item,5
user_a37b2223@gmail.com,TKT-018374,Damaged Item,4
user_a9b8e114@gmail.com,TKT-018375,Late Delivery,1
user_1b32669e@gmail.com,TKT-018376,Late Delivery,2
user_3add5c1d@gmail.com,TKT-018377,Damaged Item,2
user_81050b2b@gmail.com,TKT-018378,Damaged Item,1
user_52ebcbad@gmail.com,TKT-018379,Late Delivery,1
user_890d1092@gmail.com,TKT-018380,Late Delivery,2
user_9235bbcc@gmail.com,TKT-018381,Late Delivery,5
user_fe583fa3@gmail.com,TKT-018382,Damaged Item,4
user_b660a6a9@gmail.com,TKT-018383,Damaged Item,4
user_197d67e0@gmail.com,TKT-018384,Damaged Item,2
user_60accafb@gmail.com,TKT-018385,Damaged Item,1
user_83e7009e@gmail.com,TKT-018386,Damaged Item,5
user_fde93c2f@gmail.com,TKT-018387,Damaged Item,5
user_daa7bbf7@gmail.com,TKT-018388,Damaged Item,1
user_b684b516@gmail.com,TKT-018389,Late Delivery,1
user_0e033fcf@gmail.com,TKT-018390,Damaged Item,1
user_b3d6298b@gmail.com,TKT-018391,Late Delivery,5
user_b647de9a@gmail.com,TKT-018392,Late Delivery,1
user_321d812c@gmail.com,TKT-018393,Late Delivery,3
user_a4a7df24@gmail.com,TKT-018394,Damaged Item,1
user_fc090df6@gmail.com,TKT-018395,Damaged Item,5
user_1e6c3935@gmail.com,TKT-018396,Damaged Item,3
user_f4020d81@gmail.com,TKT-018397,Damaged Item,4
user_c2d24b31@gmail.com,TKT-018398,Late Delivery,5
user_b72bf2dd@gmail.com,TKT-018399,Damaged Item,3
user_e8b6125b@gmail.com,TKT-018400,Late Delivery,5
user_cd2cd01a@gmail.com,TKT-018401,Late Delivery,3
user_e3fd75d1@gmail.com,TKT-018402,Damaged Item,5
user_f61d8584@gmail.com,TKT-018403,Late Delivery,3
user_93544519@gmail.com,TKT-018404,Damaged Item,2
user_7c5f2513@gmail.com,TKT-018405,Damaged Item,2
user_fb2f1b5c@gmail.com,TKT-018406,Damaged Item,5
user_a4cbc79c@gmail.com,TKT-018407,Damaged Item,2
user_36b57786@gmail.com,TKT-018408,Damaged Item,2
user_07b5c317@gmail.com,TKT-018409,Damaged Item,5
user_2112a039@gmail.com,TKT-018410,Late Delivery,2
user_8aaf8580@gmail.com,TKT-018411,Late Delivery,2
user_d1e42589@gmail.com,TKT-018412,Late Delivery,4
user_9212ea5f@gmail.com,TKT-018413,Late Delivery,3
user_788ced55@gmail.com,TKT-018414,Late Delivery,4
user_d84eef52@gmail.com,TKT-018415,Late Delivery,2
user_3ba9c140@gmail.com,TKT-018416,Damaged Item,3
user_0a704201@gmail.com,TKT-018417,Late Delivery,1
user_2824235f@gmail.com,TKT-018418,Late Delivery,1
user_e14979e3@gmail.com,TKT-018419,Late Delivery,3
user_50ce4828@gmail.com,TKT-018420,Late Delivery,3
user_af32e1e7@gmail.com,TKT-018421,Damaged Item,5
user_d42d80a0@gmail.com,TKT-018422,Late Delivery,5
user_36d9cc02@gmail.com,TKT-018423,Late Delivery,3
user_388d7041@gmail.com,TKT-018424,Late Delivery,2
user_44c134cf@gmail.com,TKT-018425,Damaged Item,2
user_42ff92d7@gmail.com,TKT-018426,Late Delivery,4
user_432bbaee@gmail.com,TKT-018427,Damaged Item,4
user_0436a3bc@gmail.com,TKT-018428,Late Delivery,3
user_c859278e@gmail.com,TKT-018429,Damaged Item,1
user_c25a4e26@gmail.com,TKT-018430,Late Delivery,3
user_a63bbb54@gmail.com,TKT-018431,Late Delivery,3
user_0784b838@gmail.com,TKT-018432,Damaged Item,5
user_f344d57e@gmail.com,TKT-018433,Damaged Item,3
user_d44f4cf6@gmail.com,TKT-018434,Late Delivery,4
user_b3b84894@gmail.com,TKT-018435,Damaged Item,1
user_ac6c38dc@gmail.com,TKT-018436,Late Delivery,4
user_89e4880c@gmail.com,TKT-018437,Late Delivery,1
user_edc77ecd@gmail.com,TKT-018438,Late Delivery,3
user_2191bb88@gmail.com,TKT-018439,Damaged Item,2
user_9ef51cba@gmail.com,TKT-018440,Damaged Item,1
user_b7f315b3@gmail.com,TKT-018441,Damaged Item,3
user_51eb539e@gmail.com,TKT-018442,Damaged Item,1
user_8fcb0217@gmail.com,TKT-018443,Late Delivery,5
user_d1d67ca1@gmail.com,TKT-018444,Late Delivery,2
user_1b20b9cd@gmail.com,TKT-018445,Damaged Item,4
user_7a30c2f4@gmail.com,TKT-018446,Damaged Item,2
user_b9971632@gmail.com,TKT-018447,Damaged Item,3
user_ad492596@gmail.com,TKT-018448,Late Delivery,4
user_6fd93c11@gmail.com,TKT-018449,Damaged Item,5
user_d9698a66@gmail.com,TKT-018450,Late Delivery,3
user_ea7f83b4@gmail.com,TKT-018451,Late Delivery,4
user_26d571da@gmail.com,TKT-018452,Late Delivery,1
user_05b072d4@gmail.com,TKT-018453,Late Delivery,3
user_a53b6dac@gmail.com,TKT-018454,Damaged Item,4
user_d0584de8@gmail.com,TKT-018455,Late Delivery,3
user_b214ca91@gmail.com,TKT-018456,Damaged Item,1
user_fed0cba7@gmail.com,TKT-018457,Damaged Item,1
user_1e060fb5@gmail.com,TKT-018458,Late Delivery,2
user_146ff830@gmail.com,TKT-018459,Late Delivery,5
user_5686df2d@gmail.com,TKT-018460,Late Delivery,2
user_2ecd61ee@gmail.com,TKT-018461,Late Delivery,5
user_fc785f89@gmail.com,TKT-018462,Late Delivery,5
user_b1a01b5e@gmail.com,TKT-018463,Damaged Item,3
user_cd3340b0@gmail.com,TKT-018464,Damaged Item,5
user_029800f4@gmail.com,TKT-018465,Late Delivery,3
user_72c0cafb@gmail.com,TKT-018466,Damaged Item,3
user_fb66ed13@gmail.com,TKT-018467,Late Delivery,4
user_7b840703@gmail.com,TKT-018468,Damaged Item,1
user_830cc5a0@gmail.com,TKT-018469,Late Delivery,1
user_443faddf@gmail.com,TKT-018470,Damaged Item,5
user_37774f11@gmail.com,TKT-018471,Late Delivery,3
user_a8397b8a@gmail.com,TKT-018472,Late Delivery,2
user_6f24ff16@gmail.com,TKT-018473,Late Delivery,4
user_75f45d61@gmail.com,TKT-018474,Damaged Item,4
user_bebbd24c@gmail.com,TKT-018475,Damaged Item,2
user_f6b24980@gmail.com,TKT-018476,Late Delivery,1
user_8b66755d@gmail.com,TKT-018477,Late Delivery,1
user_1ef2f8b8@gmail.com,TKT-018478,Damaged Item,3
user_36620f9f@gmail.com,TKT-018479,Late Delivery,2
user_83967b7b@gmail.com,TKT-018480,Damaged Item,3
user_23bfa13f@gmail.com,TKT-018481,Damaged Item,1
user_e6b62862@gmail.com,TKT-018482,Late Delivery,5
user_115dc50e@gmail.com,TKT-018483,Damaged Item,3
user_0d30d5eb@gmail.com,TKT-018484,Damaged Item,4
user_e01489fe@gmail.com,TKT-018485,Late Delivery,3
user_ea2fdb08@gmail.com,TKT-018486,Late Delivery,2
user_18cdc622@gmail.com,TKT-018487,Damaged Item,5
user_386e0671@gmail.com,TKT-018488,Late Delivery,1
user_7d7341e0@gmail.com,TKT-018489,Late Delivery,4
user_367f4273@gmail.com,TKT-018490,Damaged Item,4
user_315ba9db@gmail.com,TKT-018491,Damaged Item,5
user_a0fdeef4@gmail.com,TKT-018492,Late Delivery,4
user_7e3956bf@gmail.com,TKT-018493,Damaged Item,2
user_391e6e8a@gmail.com,TKT-018494,Damaged Item,5
user_ee21dbc2@gmail.com,TKT-018495,Late Delivery,4
user_f2274f10@gmail.com,TKT-018496,Damaged Item,2
user_9c88dc49@gmail.com,TKT-018497,Late Delivery,1
user_d7de5586@gmail.com,TKT-018498,Late Delivery,3
user_fc39ab48@gmail.com,TKT-018499,Late Delivery,5
user_5c4db35a@gmail.com,TKT-018500,Damaged Item,2
user_787870a8@gmail.com,TKT-018501,Damaged Item,3
user_ac52a292@gmail.com,TKT-018502,Damaged Item,4
user_df19c809@gmail.com,TKT-018503,Damaged Item,2
user_09d1bf04@gmail.com,TKT-018504,Late Delivery,2
user_d2abf5d2@gmail.com,TKT-018505,Damaged Item,3
user_d8d3848d@gmail.com,TKT-018506,Late Delivery,4
user_07e5fa7b@gmail.com,TKT-018507,Damaged Item,4
user_fe42d67e@gmail.com,TKT-018508,Damaged Item,2
user_a4845a21@gmail.com,TKT-018509,Damaged Item,1
user_9229fd31@gmail.com,TKT-018510,Late Delivery,1
user_93ffa4cd@gmail.com,TKT-018511,Damaged Item,1
user_1c611150@gmail.com,TKT-018512,Late Delivery,5
user_4a49b885@gmail.com,TKT-018513,Damaged Item,4
user_800f59bb@gmail.com,TKT-018514,Damaged Item,1
user_27c15761@gmail.com,TKT-018515,Late Delivery,1
user_4601171f@gmail.com,TKT-018516,Late Delivery,1
user_e7878eb3@gmail.com,TKT-018517,Late Delivery,4
user_f4b32085@gmail.com,TKT-018518,Damaged Item,1
user_5fd9a899@gmail.com,TKT-018519,Late Delivery,4
user_6aa4cd4b@gmail.com,TKT-018520,Late Delivery,3
user_68518148@gmail.com,TKT-018521,Damaged Item,3
user_d7d33487@gmail.com,TKT-018522,Damaged Item,5
user_5846ebe6@gmail.com,TKT-018523,Damaged Item,1
user_9767fb7a@gmail.com,TKT-018524,Damaged Item,1
user_62478e43@gmail.com,TKT-018525,Damaged Item,2
user_1cd36d39@gmail.com,TKT-018526,Damaged Item,1
user_67ecd7d7@gmail.com,TKT-018527,Damaged Item,3
user_44dc75f5@gmail.com,TKT-018528,Damaged Item,1
user_a4e547f1@gmail.com,TKT-018529,Late Delivery,1
user_621c4f51@gmail.com,TKT-018530,Late Delivery,4
user_bb60f6e2@gmail.com,TKT-018531,Late Delivery,2
user_3a32c0e1@gmail.com,TKT-018532,Damaged Item,3
user_eb76bff7@gmail.com,TKT-018533,Late Delivery,2
user_d4598f80@gmail.com,TKT-018534,Late Delivery,1
user_b57ae5b8@gmail.com,TKT-018535,Damaged Item,3
user_782dafaa@gmail.com,TKT-018536,Damaged Item,1
user_23780c7f@gmail.com,TKT-018537,Damaged Item,4
user_9073d24f@gmail.com,TKT-018538,Damaged Item,4
user_97625fd7@gmail.com,TKT-018539,Damaged Item,5
user_456e41f8@gmail.com,TKT-018540,Late Delivery,1
user_1406bd9f@gmail.com,TKT-018541,Damaged Item,5
user_d01b1c6e@gmail.com,TKT-018542,Damaged Item,1
user_3fad6653@gmail.com,TKT-018543,Damaged Item,1
user_022e9ef3@gmail.com,TKT-018544,Late Delivery,2
user_3eebc80e@gmail.com,TKT-018545,Late Delivery,5
user_eb5b895a@gmail.com,TKT-018546,Late Delivery,5
user_36c5770c@gmail.com,TKT-018547,Late Delivery,5
user_afc95b7a@gmail.com,TKT-018548,Late Delivery,3
user_83fedaa9@gmail.com,TKT-018549,Damaged Item,1
user_960f1808@gmail.com,TKT-018550,Damaged Item,1
user_2da2a01f@gmail.com,TKT-018551,Damaged Item,4
user_7148901c@gmail.com,TKT-018552,Late Delivery,3
user_9d3ec73a@gmail.com,TKT-018553,Late Delivery,5
user_6638dd07@gmail.com,TKT-018554,Damaged Item,1
user_3e50896c@gmail.com,TKT-018555,Damaged Item,3
user_55c8484f@gmail.com,TKT-018556,Late Delivery,2
user_f64aac8b@gmail.com,TKT-018557,Late Delivery,2
user_b67c39b6@gmail.com,TKT-018558,Late Delivery,3
user_a7338edd@gmail.com,TKT-018559,Late Delivery,1
user_6e084572@gmail.com,TKT-018560,Damaged Item,1
user_1dd6de44@gmail.com,TKT-018561,Late Delivery,1
user_b80150dd@gmail.com,TKT-018562,Damaged Item,3
user_32cbbf7b@gmail.com,TKT-018563,Late Delivery,3
user_b553fe14@gmail.com,TKT-018564,Late Delivery,5
user_22d3cfeb@gmail.com,TKT-018565,Damaged Item,3
user_0a1d5053@gmail.com,TKT-018566,Damaged Item,5
user_c848099c@gmail.com,TKT-018567,Damaged Item,2
user_2fd4fde9@gmail.com,TKT-018568,Late Delivery,3
user_c0c949c5@gmail.com,TKT-018569,Late Delivery,1
user_cd505ead@gmail.com,TKT-018570,Late Delivery,2
user_0dc518d8@gmail.com,TKT-018571,Damaged Item,2
user_5b1dfafc@gmail.com,TKT-018572,Late Delivery,2
user_be4d46b2@gmail.com,TKT-018573,Damaged Item,5
user_def12792@gmail.com,TKT-018574,Damaged Item,3
user_461cef89@gmail.com,TKT-018575,Late Delivery,3
user_67d3167a@gmail.com,TKT-018576,Late Delivery,2
user_91d5da8c@gmail.com,TKT-018577,Late Delivery,1
user_bb0b8d03@gmail.com,TKT-018578,Late Delivery,1
user_d7e7cc24@gmail.com,TKT-018579,Damaged Item,5
user_b1d0297f@gmail.com,TKT-018580,Damaged Item,2
user_c40ce56c@gmail.com,TKT-018581,Late Delivery,3
user_a54ff9cb@gmail.com,TKT-018582,Damaged Item,4
user_8f0d8cb9@gmail.com,TKT-018583,Late Delivery,4
user_483508d7@gmail.com,TKT-018584,Damaged Item,2
user_56b7b493@gmail.com,TKT-018585,Late Delivery,2
user_a10d0833@gmail.com,TKT-018586,Late Delivery,3
user_003c2067@gmail.com,TKT-018587,Late Delivery,1
user_33bdb3c2@gmail.com,TKT-018588,Damaged Item,1
user_88da21ad@gmail.com,TKT-018589,Damaged Item,4
user_61a66de8@gmail.com,TKT-018590,Damaged Item,3
user_7ecddf45@gmail.com,TKT-018591,Damaged Item,3
user_a7f03777@gmail.com,TKT-018592,Late Delivery,1
user_5f1561c3@gmail.com,TKT-018593,Damaged Item,5
user_28e52af2@gmail.com,TKT-018594,Damaged Item,1
user_5b7457a5@gmail.com,TKT-018595,Damaged Item,4
user_a61f0588@gmail.com,TKT-018596,Damaged Item,5
user_f4dbcacc@gmail.com,TKT-018597,Damaged Item,2
user_c3ce3ac6@gmail.com,TKT-018598,Late Delivery,5
user_2eb42d7e@gmail.com,TKT-018599,Damaged Item,1
user_c19a264b@gmail.com,TKT-018600,Damaged Item,2
user_719c583c@gmail.com,TKT-018601,Damaged Item,3
user_69768cfb@gmail.com,TKT-018602,Late Delivery,3
user_0b8f48c2@gmail.com,TKT-018603,Damaged Item,2
user_f8574b26@gmail.com,TKT-018604,Damaged Item,3
user_5ca4a660@gmail.com,TKT-018605,Damaged Item,2
user_ba8fc10a@gmail.com,TKT-018606,Late Delivery,4
user_5a6a43b7@gmail.com,TKT-018607,Damaged Item,1
user_3a54b74d@gmail.com,TKT-018608,Damaged Item,3
user_39c5bcb8@gmail.com,TKT-018609,Late Delivery,5
user_c1e59d5f@gmail.com,TKT-018610,Late Delivery,4
user_8b51f29a@gmail.com,TKT-018611,Late Delivery,4
user_aa2f7283@gmail.com,TKT-018612,Late Delivery,3
user_d644bbfc@gmail.com,TKT-018613,Damaged Item,4
user_fec96cd4@gmail.com,TKT-018614,Damaged Item,5
user_96d0f067@gmail.com,TKT-018615,Damaged Item,5
user_c4384a79@gmail.com,TKT-018616,Damaged Item,4
user_4ba951ea@gmail.com,TKT-018617,Late Delivery,4
user_a35c0240@gmail.com,TKT-018618,Late Delivery,3
user_da2d8018@gmail.com,TKT-018619,Damaged Item,1
user_1cd994ca@gmail.com,TKT-018620,Damaged Item,4
user_a1bca498@gmail.com,TKT-018621,Damaged Item,5
user_d40cda70@gmail.com,TKT-018622,Damaged Item,3
user_52e6877c@gmail.com,TKT-018623,Late Delivery,2
user_809fc20b@gmail.com,TKT-018624,Damaged Item,4
user_ff5dc18f@gmail.com,TKT-018625,Damaged Item,2
user_3893d70b@gmail.com,TKT-018626,Damaged Item,5
user_c08d2d62@gmail.com,TKT-018627,Late Delivery,2
user_af237bf1@gmail.com,TKT-018628,Damaged Item,2
user_7e60ac4d@gmail.com,TKT-018629,Damaged Item,3
user_a5e2feb6@gmail.com,TKT-018630,Damaged Item,4
user_9082dcf1@gmail.com,TKT-018631,Late Delivery,2
user_cd8b5aa7@gmail.com,TKT-018632,Damaged Item,1
user_b8f99656@gmail.com,TKT-018633,Damaged Item,3
user_b91f9e93@gmail.com,TKT-018634,Damaged Item,4
user_35378639@gmail.com,TKT-018635,Damaged Item,1
user_ce038c48@gmail.com,TKT-018636,Late Delivery,4
user_c5e6cb6d@gmail.com,TKT-018637,Damaged Item,5
user_7da41711@gmail.com,TKT-018638,Late Delivery,1
user_d8fb48b6@gmail.com,TKT-018639,Damaged Item,3
user_7d3d96e6@gmail.com,TKT-018640,Late Delivery,1
user_8a51710f@gmail.com,TKT-018641,Damaged Item,2
user_8e83e406@gmail.com,TKT-018642,Damaged Item,4
user_e602f17b@gmail.com,TKT-018643,Late Delivery,2
user_ffb5431b@gmail.com,TKT-018644,Late Delivery,4
user_3564fe66@gmail.com,TKT-018645,Damaged Item,2
user_d03c15e6@gmail.com,TKT-018646,Late Delivery,1
user_fa0839a0@gmail.com,TKT-018647,Damaged Item,1
user_15aa251a@gmail.com,TKT-018648,Damaged Item,4
user_ce2e0ace@gmail.com,TKT-018649,Damaged Item,4
user_07a0a4dd@gmail.com,TKT-018650,Late Delivery,2
user_22035e35@gmail.com,TKT-018651,Damaged Item,4
user_5e3d0883@gmail.com,TKT-018652,Damaged Item,1
user_727975f4@gmail.com,TKT-018653,Damaged Item,3
user_90dd4309@gmail.com,TKT-018654,Damaged Item,1
user_cb666b9b@gmail.com,TKT-018655,Damaged Item,3
user_638d5f34@gmail.com,TKT-018656,Late Delivery,2
user_b7946256@gmail.com,TKT-018657,Late Delivery,1
user_2a59e511@gmail.com,TKT-018658,Late Delivery,4
user_03d6d262@gmail.com,TKT-018659,Late Delivery,2
user_23703be6@gmail.com,TKT-018660,Damaged Item,2
user_fb394639@gmail.com,TKT-018661,Late Delivery,1
user_dac8aaf3@gmail.com,TKT-018662,Late Delivery,1
user_67433d3c@gmail.com,TKT-018663,Damaged Item,5
user_00a78b45@gmail.com,TKT-018664,Late Delivery,5
user_a977f823@gmail.com,TKT-018665,Late Delivery,5
user_4ed0d05a@gmail.com,TKT-018666,Late Delivery,4
user_fdfdc768@gmail.com,TKT-018667,Damaged Item,4
user_f4371991@gmail.com,TKT-018668,Damaged Item,5
user_5d66336d@gmail.com,TKT-018669,Late Delivery,3
user_e3c33102@gmail.com,TKT-018670,Damaged Item,1
user_44a269be@gmail.com,TKT-018671,Damaged Item,5
user_9aef79c3@gmail.com,TKT-018672,Late Delivery,3
user_dfde6df5@gmail.com,TKT-018673,Damaged Item,1
user_e59d9897@gmail.com,TKT-018674,Damaged Item,3
user_61d840ad@gmail.com,TKT-018675,Damaged Item,1
user_bcde9c93@gmail.com,TKT-018676,Late Delivery,4
user_5194da8c@gmail.com,TKT-018677,Late Delivery,1
user_25c092bd@gmail.com,TKT-018678,Damaged Item,4
user_f982a8f4@gmail.com,TKT-018679,Damaged Item,2
user_9d54daa1@gmail.com,TKT-018680,Late Delivery,4
user_c17e8d36@gmail.com,TKT-018681,Damaged Item,1
user_eec986cd@gmail.com,TKT-018682,Damaged Item,2
user_843c7e9e@gmail.com,TKT-018683,Late Delivery,3
user_ef93c31f@gmail.com,TKT-018684,Late Delivery,1
user_ef3dc353@gmail.com,TKT-018685,Late Delivery,2
user_fea2054e@gmail.com,TKT-018686,Late Delivery,5
user_5de4128b@gmail.com,TKT-018687,Late Delivery,4
user_1315c7d9@gmail.com,TKT-018688,Late Delivery,3
user_f4e5cb63@gmail.com,TKT-018689,Late Delivery,5
user_2ecfaea1@gmail.com,TKT-018690,Late Delivery,4
user_e72c96ec@gmail.com,TKT-018691,Damaged Item,1
user_587e8e16@gmail.com,TKT-018692,Damaged Item,5
user_ad26a26e@gmail.com,TKT-018693,Late Delivery,2
user_f2eeb419@gmail.com,TKT-018694,Late Delivery,4
user_8c8d9127@gmail.com,TKT-018695,Damaged Item,1
user_793765d5@gmail.com,TKT-018696,Late Delivery,2
user_35b232d8@gmail.com,TKT-018697,Damaged Item,5
user_35734714@gmail.com,TKT-018698,Late Delivery,3
user_736f7df9@gmail.com,TKT-018699,Late Delivery,5
user_f6b343f8@gmail.com,TKT-018700,Damaged Item,5
user_8c26a77d@gmail.com,TKT-018701,Damaged Item,4
user_c6b2942c@gmail.com,TKT-018702,Late Delivery,2
user_d06b22dc@gmail.com,TKT-018703,Damaged Item,4
user_2bbf7ad4@gmail.com,TKT-018704,Late Delivery,5
user_56da201b@gmail.com,TKT-018705,Damaged Item,1
user_fc93dee2@gmail.com,TKT-018706,Late Delivery,2
user_7e410d1a@gmail.com,TKT-018707,Late Delivery,5
user_6d5f4307@gmail.com,TKT-018708,Late Delivery,1
user_73e271fc@gmail.com,TKT-018709,Late Delivery,3
user_86ef1d99@gmail.com,TKT-018710,Late Delivery,5
user_23cb1658@gmail.com,TKT-018711,Damaged Item,4
user_de821059@gmail.com,TKT-018712,Damaged Item,2
user_2d4652f6@gmail.com,TKT-018713,Damaged Item,1
user_22b371b4@gmail.com,TKT-018714,Late Delivery,2
user_3c0a8497@gmail.com,TKT-018715,Late Delivery,4
user_501a8a41@gmail.com,TKT-018716,Late Delivery,3
user_f3e7c76a@gmail.com,TKT-018717,Damaged Item,3
user_4f18d06e@gmail.com,TKT-018718,Late Delivery,3
user_b30f58f6@gmail.com,TKT-018719,Late Delivery,1
user_de311696@gmail.com,TKT-018720,Damaged Item,1
user_9fedd99d@gmail.com,TKT-018721,Late Delivery,4
user_e21614b8@gmail.com,TKT-018722,Late Delivery,3
user_3359a47f@gmail.com,TKT-018723,Late Delivery,2
user_d1692aff@gmail.com,TKT-018724,Damaged Item,5
user_20d55aef@gmail.com,TKT-018725,Damaged Item,1
user_629ce444@gmail.com,TKT-018726,Damaged Item,5
user_c943b97f@gmail.com,TKT-018727,Late Delivery,3
user_126327d0@gmail.com,TKT-018728,Damaged Item,4
user_acc1e0b9@gmail.com,TKT-018729,Damaged Item,4
user_4d53bdc0@gmail.com,TKT-018730,Late Delivery,5
user_8bf3a855@gmail.com,TKT-018731,Late Delivery,2
user_b006daf9@gmail.com,TKT-018732,Late Delivery,5
user_3bf72c18@gmail.com,TKT-018733,Late Delivery,3
user_443fb37c@gmail.com,TKT-018734,Damaged Item,5
user_e592f186@gmail.com,TKT-018735,Damaged Item,5
user_4da7e1f0@gmail.com,TKT-018736,Damaged Item,1
user_8409538d@gmail.com,TKT-018737,Late Delivery,4
user_502c07b7@gmail.com,TKT-018738,Late Delivery,5
user_4686d4a3@gmail.com,TKT-018739,Late Delivery,4
user_35535aaf@gmail.com,TKT-018740,Late Delivery,1
user_d2fa6ec5@gmail.com,TKT-018741,Damaged Item,4
user_83b16f87@gmail.com,TKT-018742,Late Delivery,2
user_2ae5f990@gmail.com,TKT-018743,Late Delivery,4
user_a6d71cb5@gmail.com,TKT-018744,Late Delivery,1
user_4a6306cf@gmail.com,TKT-018745,Late Delivery,4
user_e45db642@gmail.com,TKT-018746,Late Delivery,1
user_ba274a51@gmail.com,TKT-018747,Late Delivery,3
user_70fc429b@gmail.com,TKT-018748,Late Delivery,2
user_a2782f8a@gmail.com,TKT-018749,Late Delivery,2
user_48a5985f@gmail.com,TKT-018750,Damaged Item,5
user_04035ffe@gmail.com,TKT-018751,Damaged Item,1
user_491c8ead@gmail.com,TKT-018752,Damaged Item,2
user_b98fb974@gmail.com,TKT-018753,Damaged Item,1
user_c0cea811@gmail.com,TKT-018754,Damaged Item,5
user_d9b01205@gmail.com,TKT-018755,Damaged Item,4
user_55eaf3da@gmail.com,TKT-018756,Damaged Item,4
user_165b35b1@gmail.com,TKT-018757,Damaged Item,4
user_57dd3bbd@gmail.com,TKT-018758,Damaged Item,5
user_ef3aa901@gmail.com,TKT-018759,Late Delivery,2
user_39c4907f@gmail.com,TKT-018760,Damaged Item,4
user_6a4ed801@gmail.com,TKT-018761,Damaged Item,3
user_fa20a344@gmail.com,TKT-018762,Late Delivery,3
user_0e9e4d1b@gmail.com,TKT-018763,Damaged Item,5
user_4b007bdd@gmail.com,TKT-018764,Late Delivery,5
user_8850bcaf@gmail.com,TKT-018765,Damaged Item,4
user_62703203@gmail.com,TKT-018766,Damaged Item,3
user_f989b699@gmail.com,TKT-018767,Late Delivery,1
user_3af478a0@gmail.com,TKT-018768,Late Delivery,5
user_f4d1502a@gmail.com,TKT-018769,Damaged Item,5
user_84fd4953@gmail.com,TKT-018770,Late Delivery,2
user_3d99c2d5@gmail.com,TKT-018771,Damaged Item,3
user_47b1b0f1@gmail.com,TKT-018772,Late Delivery,4
user_5a3a12ce@gmail.com,TKT-018773,Late Delivery,2
user_d532bfb5@gmail.com,TKT-018774,Late Delivery,2
user_73d7ca83@gmail.com,TKT-018775,Damaged Item,3
user_661808f2@gmail.com,TKT-018776,Damaged Item,4
user_51ab4a2e@gmail.com,TKT-018777,Damaged Item,2
user_91d3cfb7@gmail.com,TKT-018778,Damaged Item,1
user_1ea501a1@gmail.com,TKT-018779,Damaged Item,4
user_74182c65@gmail.com,TKT-018780,Damaged Item,3
user_aee0b417@gmail.com,TKT-018781,Late Delivery,2
user_64699e03@gmail.com,TKT-018782,Damaged Item,1
user_6c6d02cb@gmail.com,TKT-018783,Late Delivery,1
user_cb38b38f@gmail.com,TKT-018784,Late Delivery,4
user_eaf829ee@gmail.com,TKT-018785,Damaged Item,4
user_3122dff8@gmail.com,TKT-018786,Late Delivery,2
user_13d28dd6@gmail.com,TKT-018787,Damaged Item,4
user_45eb8e64@gmail.com,TKT-018788,Damaged Item,4
user_b63e1cc2@gmail.com,TKT-018789,Damaged Item,2
user_0359ebc5@gmail.com,TKT-018790,Late Delivery,3
user_96b0a471@gmail.com,TKT-018791,Late Delivery,3
user_eafe3570@gmail.com,TKT-018792,Late Delivery,1
user_3a6d375b@gmail.com,TKT-018793,Damaged Item,4
user_771bd0de@gmail.com,TKT-018794,Late Delivery,2
user_d03fe729@gmail.com,TKT-018795,Damaged Item,1
user_f09f3a63@gmail.com,TKT-018796,Late Delivery,2
user_a2311e89@gmail.com,TKT-018797,Damaged Item,4
user_726ba749@gmail.com,TKT-018798,Damaged Item,2
user_12873933@gmail.com,TKT-018799,Damaged Item,4
user_ec9994d4@gmail.com,TKT-018800,Damaged Item,2
user_fd3a13c9@gmail.com,TKT-018801,Damaged Item,4
user_809d6dfb@gmail.com,TKT-018802,Damaged Item,1
user_805e7e04@gmail.com,TKT-018803,Late Delivery,5
user_71212d1d@gmail.com,TKT-018804,Late Delivery,5
user_f9ee361a@gmail.com,TKT-018805,Late Delivery,2
user_506f2b94@gmail.com,TKT-018806,Damaged Item,5
user_7cca7a0f@gmail.com,TKT-018807,Late Delivery,2
user_59082051@gmail.com,TKT-018808,Late Delivery,5
user_9618a533@gmail.com,TKT-018809,Late Delivery,3
user_59bb1001@gmail.com,TKT-018810,Damaged Item,1
user_9000f76e@gmail.com,TKT-018811,Damaged Item,5
user_9c5da89d@gmail.com,TKT-018812,Late Delivery,4
user_cc216667@gmail.com,TKT-018813,Damaged Item,3
user_0a03a3d5@gmail.com,TKT-018814,Late Delivery,2
user_188cdbbb@gmail.com,TKT-018815,Damaged Item,1
user_0b46b9ec@gmail.com,TKT-018816,Damaged Item,1
user_489d5ab0@gmail.com,TKT-018817,Damaged Item,1
user_2d7219ee@gmail.com,TKT-018818,Damaged Item,4
user_17ecbb11@gmail.com,TKT-018819,Damaged Item,5
user_b782ec55@gmail.com,TKT-018820,Damaged Item,2
user_95527002@gmail.com,TKT-018821,Late Delivery,2
user_f05f7e19@gmail.com,TKT-018822,Late Delivery,1
user_50a22f82@gmail.com,TKT-018823,Damaged Item,5
user_2a0f1864@gmail.com,TKT-018824,Late Delivery,1
user_18da3b08@gmail.com,TKT-018825,Late Delivery,2
user_5eefe001@gmail.com,TKT-018826,Damaged Item,5
user_f71fd390@gmail.com,TKT-018827,Damaged Item,2
user_b72d001b@gmail.com,TKT-018828,Damaged Item,4
user_ed714d06@gmail.com,TKT-018829,Late Delivery,1
user_cc83f7e6@gmail.com,TKT-018830,Damaged Item,4
user_6484b824@gmail.com,TKT-018831,Damaged Item,2
user_70301687@gmail.com,TKT-018832,Damaged Item,1
user_ef704177@gmail.com,TKT-018833,Damaged Item,2
user_432330e0@gmail.com,TKT-018834,Damaged Item,4
user_e742cc1f@gmail.com,TKT-018835,Damaged Item,4
user_f995cf54@gmail.com,TKT-018836,Late Delivery,4
user_6df7971a@gmail.com,TKT-018837,Damaged Item,1
user_1cb28c42@gmail.com,TKT-018838,Damaged Item,4
user_792aeaa2@gmail.com,TKT-018839,Damaged Item,4
user_f73dd6ac@gmail.com,TKT-018840,Damaged Item,5
user_cb555883@gmail.com,TKT-018841,Damaged Item,5
user_f4071eb3@gmail.com,TKT-018842,Damaged Item,5
user_a196ddb6@gmail.com,TKT-018843,Late Delivery,3
user_3ae60a2c@gmail.com,TKT-018844,Damaged Item,3
user_b3f2ee10@gmail.com,TKT-018845,Late Delivery,1
user_041d483c@gmail.com,TKT-018846,Damaged Item,1
user_1b0bbc4f@gmail.com,TKT-018847,Late Delivery,2
user_f411e629@gmail.com,TKT-018848,Late Delivery,5
user_4c62d666@gmail.com,TKT-018849,Damaged Item,1
user_2d0c669e@gmail.com,TKT-018850,Damaged Item,1
user_e0d38008@gmail.com,TKT-018851,Late Delivery,5
user_4c3aff83@gmail.com,TKT-018852,Late Delivery,1
user_7406d803@gmail.com,TKT-018853,Late Delivery,1
user_f80f8939@gmail.com,TKT-018854,Late Delivery,2
user_e208ff93@gmail.com,TKT-018855,Late Delivery,4
user_f945b972@gmail.com,TKT-018856,Damaged Item,3
user_6added10@gmail.com,TKT-018857,Damaged Item,5
user_5634cd59@gmail.com,TKT-018858,Late Delivery,3
user_d3c5778b@gmail.com,TKT-018859,Damaged Item,1
user_99017f56@gmail.com,TKT-018860,Damaged Item,4
user_d90ad035@gmail.com,TKT-018861,Damaged Item,1
user_74adf920@gmail.com,TKT-018862,Late Delivery,5
user_d6f8af66@gmail.com,TKT-018863,Damaged Item,5
user_07587576@gmail.com,TKT-018864,Late Delivery,5
user_07ffc0a2@gmail.com,TKT-018865,Late Delivery,3
user_137b4e1b@gmail.com,TKT-018866,Damaged Item,3
user_5c7bf79c@gmail.com,TKT-018867,Late Delivery,1
user_07bbb36b@gmail.com,TKT-018868,Late Delivery,1
user_1fe50cd9@gmail.com,TKT-018869,Damaged Item,1
user_3873e70a@gmail.com,TKT-018870,Late Delivery,5
user_f5b9df32@gmail.com,TKT-018871,Late Delivery,3
user_01469c41@gmail.com,TKT-018872,Late Delivery,4
user_dd20866f@gmail.com,TKT-018873,Late Delivery,3
user_b9544dcc@gmail.com,TKT-018874,Late Delivery,3
user_7db65372@gmail.com,TKT-018875,Late Delivery,4
user_28676fd6@gmail.com,TKT-018876,Late Delivery,5
user_8a555cf7@gmail.com,TKT-018877,Late Delivery,5
user_8913f22c@gmail.com,TKT-018878,Late Delivery,4
user_d18e5db8@gmail.com,TKT-018879,Late Delivery,1
user_81d28d6f@gmail.com,TKT-018880,Damaged Item,5
user_42c1e092@gmail.com,TKT-018881,Late Delivery,5
user_0f99989f@gmail.com,TKT-018882,Damaged Item,4
user_0f75637a@gmail.com,TKT-018883,Late Delivery,5
user_e14ca004@gmail.com,TKT-018884,Damaged Item,1
user_da319a31@gmail.com,TKT-018885,Damaged Item,5
user_d208261a@gmail.com,TKT-018886,Late Delivery,4
user_b1a17b18@gmail.com,TKT-018887,Damaged Item,3
user_11b47516@gmail.com,TKT-018888,Late Delivery,3
user_5f6edfa5@gmail.com,TKT-018889,Late Delivery,4
user_929f67fc@gmail.com,TKT-018890,Damaged Item,5
user_76d2460d@gmail.com,TKT-018891,Damaged Item,1
user_0f20997f@gmail.com,TKT-018892,Damaged Item,1
user_8df1b3bf@gmail.com,TKT-018893,Late Delivery,1
user_573d26de@gmail.com,TKT-018894,Damaged Item,2
user_a0376380@gmail.com,TKT-018895,Late Delivery,4
user_bf6d9bf8@gmail.com,TKT-018896,Damaged Item,5
user_2a7e9cd3@gmail.com,TKT-018897,Damaged Item,1
user_57d0ac34@gmail.com,TKT-018898,Late Delivery,3
user_d6735445@gmail.com,TKT-018899,Damaged Item,5
user_dbb9ef7b@gmail.com,TKT-018900,Damaged Item,3
user_0809311c@gmail.com,TKT-018901,Late Delivery,1
user_df73a3a6@gmail.com,TKT-018902,Damaged Item,4
user_5221426e@gmail.com,TKT-018903,Late Delivery,1
user_1c54b236@gmail.com,TKT-018904,Damaged Item,2
user_87a87f4d@gmail.com,TKT-018905,Damaged Item,4
user_3b961598@gmail.com,TKT-018906,Late Delivery,1
user_78f6f900@gmail.com,TKT-018907,Damaged Item,3
user_75bf2fd3@gmail.com,TKT-018908,Late Delivery,2
user_c3c223cb@gmail.com,TKT-018909,Damaged Item,2
user_a0746c4b@gmail.com,TKT-018910,Damaged Item,5
user_106d945c@gmail.com,TKT-018911,Damaged Item,1
user_3f457642@gmail.com,TKT-018912,Late Delivery,4
user_21c008a3@gmail.com,TKT-018913,Late Delivery,3
user_81dda950@gmail.com,TKT-018914,Late Delivery,4
user_0d7fbd39@gmail.com,TKT-018915,Damaged Item,5
user_998c18da@gmail.com,TKT-018916,Late Delivery,4
user_a7e9f3d1@gmail.com,TKT-018917,Damaged Item,1
user_5311cc6d@gmail.com,TKT-018918,Late Delivery,1
user_2e3b427d@gmail.com,TKT-018919,Late Delivery,2
user_5fcdfdcc@gmail.com,TKT-018920,Late Delivery,1
user_62bce9da@gmail.com,TKT-018921,Late Delivery,2
user_bdf64d03@gmail.com,TKT-018922,Late Delivery,4
user_b0b4bc86@gmail.com,TKT-018923,Late Delivery,3
user_bd618c71@gmail.com,TKT-018924,Late Delivery,2
user_6b8f49ef@gmail.com,TKT-018925,Late Delivery,2
user_0305702e@gmail.com,TKT-018926,Damaged Item,5
user_b13aa6fa@gmail.com,TKT-018927,Damaged Item,1
user_84ad78a3@gmail.com,TKT-018928,Late Delivery,3
user_b3a291d0@gmail.com,TKT-018929,Damaged Item,2
user_f2d95623@gmail.com,TKT-018930,Damaged Item,1
user_3b80e017@gmail.com,TKT-018931,Late Delivery,3
user_91544d22@gmail.com,TKT-018932,Damaged Item,5
user_cc2fdb38@gmail.com,TKT-018933,Late Delivery,4
user_02cbdaaf@gmail.com,TKT-018934,Late Delivery,2
user_d1d3fd01@gmail.com,TKT-018935,Late Delivery,5
user_577fe3b8@gmail.com,TKT-018936,Late Delivery,5
user_729cf88d@gmail.com,TKT-018937,Late Delivery,3
user_d3d37641@gmail.com,TKT-018938,Damaged Item,2
user_c3e2a2dc@gmail.com,TKT-018939,Late Delivery,5
user_75c28e41@gmail.com,TKT-018940,Late Delivery,1
user_2674aeba@gmail.com,TKT-018941,Damaged Item,3
user_327d30e1@gmail.com,TKT-018942,Damaged Item,1
user_90cc5067@gmail.com,TKT-018943,Late Delivery,5
user_1288b67e@gmail.com,TKT-018944,Damaged Item,5
user_cd9e3964@gmail.com,TKT-018945,Damaged Item,4
user_b7bf41e9@gmail.com,TKT-018946,Late Delivery,1
user_72bb34a2@gmail.com,TKT-018947,Late Delivery,4
user_d2047396@gmail.com,TKT-018948,Damaged Item,4
user_c3a586b0@gmail.com,TKT-018949,Late Delivery,3
user_4b86049c@gmail.com,TKT-018950,Late Delivery,3
user_feebd1bf@gmail.com,TKT-018951,Damaged Item,2
user_0e88d255@gmail.com,TKT-018952,Late Delivery,1
user_f9f0bc02@gmail.com,TKT-018953,Damaged Item,2
user_abee4a38@gmail.com,TKT-018954,Damaged Item,2
user_9d5bc7ae@gmail.com,TKT-018955,Damaged Item,5
user_637263c3@gmail.com,TKT-018956,Late Delivery,4
user_e797964f@gmail.com,TKT-018957,Late Delivery,2
user_cd41ce66@gmail.com,TKT-018958,Damaged Item,1
user_efba9413@gmail.com,TKT-018959,Damaged Item,3
user_35d4b26a@gmail.com,TKT-018960,Late Delivery,5
user_bb9de7a7@gmail.com,TKT-018961,Damaged Item,4
user_f978e64b@gmail.com,TKT-018962,Damaged Item,3
user_c169af26@gmail.com,TKT-018963,Damaged Item,4
user_1077b81a@gmail.com,TKT-018964,Damaged Item,1
user_8c07bbd7@gmail.com,TKT-018965,Late Delivery,4
user_13175e8f@gmail.com,TKT-018966,Damaged Item,5
user_4d6fd658@gmail.com,TKT-018967,Late Delivery,4
user_c0488ece@gmail.com,TKT-018968,Late Delivery,1
user_b63b1748@gmail.com,TKT-018969,Damaged Item,1
user_9708369e@gmail.com,TKT-018970,Late Delivery,4
user_52449a4b@gmail.com,TKT-018971,Late Delivery,5
user_c3a1bf5c@gmail.com,TKT-018972,Damaged Item,2
user_efab514a@gmail.com,TKT-018973,Damaged Item,3
user_47429590@gmail.com,TKT-018974,Late Delivery,1
user_9d3a7b70@gmail.com,TKT-018975,Damaged Item,2
user_d664dbfc@gmail.com,TKT-018976,Damaged Item,4
user_ff69760e@gmail.com,TKT-018977,Damaged Item,1
user_df7b8995@gmail.com,TKT-018978,Damaged Item,2
user_a8333c02@gmail.com,TKT-018979,Damaged Item,3
user_80a4a735@gmail.com,TKT-018980,Late Delivery,4
user_7a6bd195@gmail.com,TKT-018981,Damaged Item,3
user_1f76f5c8@gmail.com,TKT-018982,Damaged Item,3
user_5f2ddeba@gmail.com,TKT-018983,Damaged Item,3
user_b0cc9bcf@gmail.com,TKT-018984,Late Delivery,4
user_82c199ce@gmail.com,TKT-018985,Late Delivery,5
user_57861919@gmail.com,TKT-018986,Late Delivery,5
user_35f9c06b@gmail.com,TKT-018987,Damaged Item,4
user_68c79d92@gmail.com,TKT-018988,Late Delivery,5
user_699003f1@gmail.com,TKT-018989,Late Delivery,3
user_07a83917@gmail.com,TKT-018990,Damaged Item,4
user_122418b0@gmail.com,TKT-018991,Late Delivery,3
user_9edac7d8@gmail.com,TKT-018992,Late Delivery,1
user_bc671738@gmail.com,TKT-018993,Late Delivery,1
user_03daf318@gmail.com,TKT-018994,Late Delivery,4
user_a292ea18@gmail.com,TKT-018995,Late Delivery,1
user_9d81de36@gmail.com,TKT-018996,Late Delivery,4
user_ac63062a@gmail.com,TKT-018997,Damaged Item,4
user_a45bcefd@gmail.com,TKT-018998,Damaged Item,2
user_e14fe818@gmail.com,TKT-018999,Damaged Item,1
user_0b588dd0@gmail.com,TKT-019000,Late Delivery,4
user_127e44b1@gmail.com,TKT-019001,Late Delivery,1
user_870d8c12@gmail.com,TKT-019002,Damaged Item,4
user_bf22dbea@gmail.com,TKT-019003,Damaged Item,5
user_237beb4b@gmail.com,TKT-019004,Damaged Item,2
user_0098f484@gmail.com,TKT-019005,Damaged Item,3
user_6049975e@gmail.com,TKT-019006,Damaged Item,3
user_57750363@gmail.com,TKT-019007,Late Delivery,2
user_0e893806@gmail.com,TKT-019008,Late Delivery,3
user_b9168cdb@gmail.com,TKT-019009,Late Delivery,4
user_f746a141@gmail.com,TKT-019010,Damaged Item,3
user_7ec16347@gmail.com,TKT-019011,Damaged Item,1
user_472b4749@gmail.com,TKT-019012,Damaged Item,1
user_4a9fa3bb@gmail.com,TKT-019013,Damaged Item,3
user_876531f7@gmail.com,TKT-019014,Damaged Item,3
user_cea53144@gmail.com,TKT-019015,Late Delivery,3
user_70cebb16@gmail.com,TKT-019016,Late Delivery,1
user_9a7b38b2@gmail.com,TKT-019017,Damaged Item,4
user_f5586183@gmail.com,TKT-019018,Damaged Item,5
user_dcba78ad@gmail.com,TKT-019019,Damaged Item,2
user_e3247bed@gmail.com,TKT-019020,Late Delivery,3
user_3894553e@gmail.com,TKT-019021,Damaged Item,4
user_6cbc5455@gmail.com,TKT-019022,Damaged Item,1
user_e8fb8023@gmail.com,TKT-019023,Damaged Item,2
user_4fd505ba@gmail.com,TKT-019024,Damaged Item,2
user_3e6287e2@gmail.com,TKT-019025,Late Delivery,5
user_712c585e@gmail.com,TKT-019026,Late Delivery,4
user_7bfa212c@gmail.com,TKT-019027,Late Delivery,1
user_7c5ccf4e@gmail.com,TKT-019028,Late Delivery,4
user_310898b0@gmail.com,TKT-019029,Late Delivery,4
user_7e8ace5e@gmail.com,TKT-019030,Late Delivery,3
user_baea426e@gmail.com,TKT-019031,Damaged Item,5
user_cdb72728@gmail.com,TKT-019032,Late Delivery,2
user_cd0a6b50@gmail.com,TKT-019033,Damaged Item,2
user_3bd36679@gmail.com,TKT-019034,Late Delivery,1
user_5a7ef7a5@gmail.com,TKT-019035,Damaged Item,3
user_71209693@gmail.com,TKT-019036,Late Delivery,1
user_c1773407@gmail.com,TKT-019037,Damaged Item,1
user_fa0a8fe0@gmail.com,TKT-019038,Late Delivery,5
user_ef13abbd@gmail.com,TKT-019039,Damaged Item,1
user_e347a8d0@gmail.com,TKT-019040,Late Delivery,1
user_d2f1fe59@gmail.com,TKT-019041,Damaged Item,4
user_2146a17b@gmail.com,TKT-019042,Late Delivery,3
user_328dae7e@gmail.com,TKT-019043,Late Delivery,1
user_20ba2d43@gmail.com,TKT-019044,Late Delivery,3
user_5697fda4@gmail.com,TKT-019045,Late Delivery,5
user_75bfbc48@gmail.com,TKT-019046,Late Delivery,5
user_51a84d5d@gmail.com,TKT-019047,Damaged Item,2
user_086554c2@gmail.com,TKT-019048,Late Delivery,5
user_2663a303@gmail.com,TKT-019049,Damaged Item,2
user_cc098c98@gmail.com,TKT-019050,Late Delivery,4
user_879bf01a@gmail.com,TKT-019051,Damaged Item,3
user_0acf30b9@gmail.com,TKT-019052,Late Delivery,1
user_89bf4c1e@gmail.com,TKT-019053,Damaged Item,4
user_c4af082f@gmail.com,TKT-019054,Damaged Item,2
user_7a548eb1@gmail.com,TKT-019055,Late Delivery,2
user_1af861d4@gmail.com,TKT-019056,Late Delivery,4
user_f5106eb0@gmail.com,TKT-019057,Late Delivery,3
user_f97a4665@gmail.com,TKT-019058,Late Delivery,1
user_ff84c3cb@gmail.com,TKT-019059,Damaged Item,2
user_04f158a7@gmail.com,TKT-019060,Damaged Item,4
user_4dd90242@gmail.com,TKT-019061,Damaged Item,2
user_b6542292@gmail.com,TKT-019062,Damaged Item,5
user_67a1b65c@gmail.com,TKT-019063,Damaged Item,4
user_9849e97c@gmail.com,TKT-019064,Damaged Item,2
user_6cc728d3@gmail.com,TKT-019065,Damaged Item,3
user_94cba4bd@gmail.com,TKT-019066,Late Delivery,5
user_307a8534@gmail.com,TKT-019067,Damaged Item,4
user_171b5c03@gmail.com,TKT-019068,Late Delivery,4
user_94956e01@gmail.com,TKT-019069,Late Delivery,4
user_7677d5b2@gmail.com,TKT-019070,Late Delivery,5
user_95164d9f@gmail.com,TKT-019071,Damaged Item,5
user_d9b6c053@gmail.com,TKT-019072,Late Delivery,2
user_e825cb10@gmail.com,TKT-019073,Late Delivery,1
user_826303f3@gmail.com,TKT-019074,Damaged Item,2
user_3a502609@gmail.com,TKT-019075,Late Delivery,1
user_91c0e2a0@gmail.com,TKT-019076,Damaged Item,4
user_d0c38f99@gmail.com,TKT-019077,Late Delivery,1
user_a5b7de48@gmail.com,TKT-019078,Damaged Item,4
user_961505a8@gmail.com,TKT-019079,Late Delivery,1
user_f6e24a8e@gmail.com,TKT-019080,Late Delivery,3
user_2a4b1192@gmail.com,TKT-019081,Damaged Item,2
user_7a40f23f@gmail.com,TKT-019082,Late Delivery,3
user_3c166bd8@gmail.com,TKT-019083,Late Delivery,4
user_10098792@gmail.com,TKT-019084,Damaged Item,3
user_f71ada98@gmail.com,TKT-019085,Damaged Item,1
user_1d8ce2a8@gmail.com,TKT-019086,Damaged Item,3
user_0d1969df@gmail.com,TKT-019087,Late Delivery,2
user_1d2c3c62@gmail.com,TKT-019088,Late Delivery,4
user_9e3bcf89@gmail.com,TKT-019089,Damaged Item,5
user_aebe3f38@gmail.com,TKT-019090,Late Delivery,3
user_89d71ed9@gmail.com,TKT-019091,Damaged Item,2
user_62157a13@gmail.com,TKT-019092,Late Delivery,5
user_ae9fd757@gmail.com,TKT-019093,Late Delivery,2
user_6f354038@gmail.com,TKT-019094,Late Delivery,5
user_8b6928e1@gmail.com,TKT-019095,Late Delivery,1
user_a8139977@gmail.com,TKT-019096,Late Delivery,1
user_bea785ae@gmail.com,TKT-019097,Damaged Item,5
user_407fa16a@gmail.com,TKT-019098,Damaged Item,1
user_be4eb163@gmail.com,TKT-019099,Damaged Item,4
user_51447a07@gmail.com,TKT-019100,Late Delivery,2
user_ac2ece36@gmail.com,TKT-019101,Damaged Item,5
user_088b29f0@gmail.com,TKT-019102,Damaged Item,2
user_bb24756b@gmail.com,TKT-019103,Damaged Item,4
user_e0756023@gmail.com,TKT-019104,Late Delivery,3
user_1aaf4012@gmail.com,TKT-019105,Late Delivery,5
user_8a6f1d06@gmail.com,TKT-019106,Damaged Item,2
user_568836b4@gmail.com,TKT-019107,Late Delivery,3
user_609b898d@gmail.com,TKT-019108,Damaged Item,4
user_3b0fd404@gmail.com,TKT-019109,Damaged Item,5
user_dc48b0a1@gmail.com,TKT-019110,Damaged Item,4
user_75c60ae0@gmail.com,TKT-019111,Damaged Item,2
user_7e6d80de@gmail.com,TKT-019112,Late Delivery,2
user_e1c51fc1@gmail.com,TKT-019113,Damaged Item,2
user_1d4afefa@gmail.com,TKT-019114,Damaged Item,2
user_76eac5f3@gmail.com,TKT-019115,Damaged Item,1
user_effbcd56@gmail.com,TKT-019116,Damaged Item,2
user_1106b22e@gmail.com,TKT-019117,Damaged Item,1
user_26d94771@gmail.com,TKT-019118,Damaged Item,1
user_344f60e4@gmail.com,TKT-019119,Late Delivery,1
user_4a523acb@gmail.com,TKT-019120,Late Delivery,5
user_ad14ee8e@gmail.com,TKT-019121,Late Delivery,4
user_5a4fa1e5@gmail.com,TKT-019122,Damaged Item,2
user_6a3aeedc@gmail.com,TKT-019123,Late Delivery,5
user_acca556e@gmail.com,TKT-019124,Damaged Item,1
user_3236f16f@gmail.com,TKT-019125,Late Delivery,3
user_21ecf7a5@gmail.com,TKT-019126,Late Delivery,4
user_ba8cb30f@gmail.com,TKT-019127,Late Delivery,3
user_75f10d36@gmail.com,TKT-019128,Damaged Item,3
user_01399b72@gmail.com,TKT-019129,Late Delivery,3
user_be4d6db8@gmail.com,TKT-019130,Late Delivery,4
user_1fa22083@gmail.com,TKT-019131,Late Delivery,3
user_dc38b31b@gmail.com,TKT-019132,Damaged Item,4
user_f8cc79fc@gmail.com,TKT-019133,Late Delivery,4
user_869d704a@gmail.com,TKT-019134,Damaged Item,3
user_7d2362bc@gmail.com,TKT-019135,Late Delivery,3
user_c2216192@gmail.com,TKT-019136,Late Delivery,4
user_34934e77@gmail.com,TKT-019137,Damaged Item,5
user_2b85ec29@gmail.com,TKT-019138,Late Delivery,4
user_65533d97@gmail.com,TKT-019139,Late Delivery,1
user_d4024fd4@gmail.com,TKT-019140,Late Delivery,4
user_129dabf0@gmail.com,TKT-019141,Late Delivery,4
user_16fd4a65@gmail.com,TKT-019142,Late Delivery,1
user_2c9f611d@gmail.com,TKT-019143,Damaged Item,2
user_2b8b0a82@gmail.com,TKT-019144,Damaged Item,3
user_74ec7714@gmail.com,TKT-019145,Late Delivery,4
user_f8af7fab@gmail.com,TKT-019146,Damaged Item,1
user_7bed3ef7@gmail.com,TKT-019147,Damaged Item,4
user_6307616c@gmail.com,TKT-019148,Damaged Item,5
user_b2a18170@gmail.com,TKT-019149,Damaged Item,3
user_32a6215f@gmail.com,TKT-019150,Late Delivery,5
user_4ad7e813@gmail.com,TKT-019151,Damaged Item,1
user_2381f8e9@gmail.com,TKT-019152,Damaged Item,5
user_35fecbfa@gmail.com,TKT-019153,Late Delivery,2
user_638c740c@gmail.com,TKT-019154,Late Delivery,2
user_20a3e7c8@gmail.com,TKT-019155,Damaged Item,3
user_fb59e2e9@gmail.com,TKT-019156,Damaged Item,4
user_4db91c83@gmail.com,TKT-019157,Damaged Item,4
user_10e3af8b@gmail.com,TKT-019158,Late Delivery,4
user_ae27f6bf@gmail.com,TKT-019159,Damaged Item,5
user_b8ec5eae@gmail.com,TKT-019160,Late Delivery,5
user_0209af58@gmail.com,TKT-019161,Damaged Item,3
user_7158f4fa@gmail.com,TKT-019162,Damaged Item,4
user_18ac3693@gmail.com,TKT-019163,Damaged Item,5
user_f5a5b725@gmail.com,TKT-019164,Late Delivery,5
user_995f8a55@gmail.com,TKT-019165,Late Delivery,2
user_c812aa7c@gmail.com,TKT-019166,Late Delivery,2
user_a7285f1f@gmail.com,TKT-019167,Late Delivery,5
user_4c5009c1@gmail.com,TKT-019168,Damaged Item,2
user_c7baae5b@gmail.com,TKT-019169,Damaged Item,1
user_ff1e1467@gmail.com,TKT-019170,Late Delivery,3
user_ccaebd1f@gmail.com,TKT-019171,Late Delivery,3
user_e2ac20f6@gmail.com,TKT-019172,Damaged Item,2
user_ce70947f@gmail.com,TKT-019173,Late Delivery,5
user_bde9562e@gmail.com,TKT-019174,Damaged Item,1
user_2904b763@gmail.com,TKT-019175,Damaged Item,1
user_38b4a67d@gmail.com,TKT-019176,Late Delivery,3
user_2964dcd7@gmail.com,TKT-019177,Damaged Item,1
user_10752aee@gmail.com,TKT-019178,Late Delivery,2
user_36bf4779@gmail.com,TKT-019179,Damaged Item,2
user_14686bb2@gmail.com,TKT-019180,Late Delivery,3
user_448d4ea0@gmail.com,TKT-019181,Damaged Item,2
user_20b5415b@gmail.com,TKT-019182,Damaged Item,3
user_a408d11b@gmail.com,TKT-019183,Damaged Item,4
user_1811fa86@gmail.com,TKT-019184,Damaged Item,5
user_effa6dc9@gmail.com,TKT-019185,Late Delivery,2
user_2a0886b1@gmail.com,TKT-019186,Late Delivery,4
user_82c42ada@gmail.com,TKT-019187,Damaged Item,4
user_9042420e@gmail.com,TKT-019188,Late Delivery,3
user_c07e64c6@gmail.com,TKT-019189,Damaged Item,4
user_07a4e0e7@gmail.com,TKT-019190,Damaged Item,4
user_78ad85b9@gmail.com,TKT-019191,Late Delivery,1
user_a4f7cf14@gmail.com,TKT-019192,Late Delivery,5
user_ff7a3ac1@gmail.com,TKT-019193,Damaged Item,1
user_3381de3c@gmail.com,TKT-019194,Damaged Item,5
user_8216abab@gmail.com,TKT-019195,Late Delivery,5
user_d1048845@gmail.com,TKT-019196,Damaged Item,5
user_78bffdc3@gmail.com,TKT-019197,Damaged Item,1
user_d39d81d4@gmail.com,TKT-019198,Damaged Item,3
user_354eac45@gmail.com,TKT-019199,Late Delivery,1
user_9b3dabff@gmail.com,TKT-019200,Damaged Item,5
user_b9b13a6f@gmail.com,TKT-019201,Late Delivery,2
user_4f477c55@gmail.com,TKT-019202,Damaged Item,1
user_2b4ceec1@gmail.com,TKT-019203,Late Delivery,5
user_71f792f9@gmail.com,TKT-019204,Late Delivery,5
user_b2526804@gmail.com,TKT-019205,Damaged Item,1
user_2b1b00a7@gmail.com,TKT-019206,Late Delivery,3
user_058e28fc@gmail.com,TKT-019207,Damaged Item,4
user_1506abf1@gmail.com,TKT-019208,Damaged Item,2
user_2ccc5d06@gmail.com,TKT-019209,Damaged Item,5
user_21447df3@gmail.com,TKT-019210,Damaged Item,4
user_51e68c1b@gmail.com,TKT-019211,Late Delivery,2
user_924beacf@gmail.com,TKT-019212,Damaged Item,1
user_6413a295@gmail.com,TKT-019213,Damaged Item,5
user_f28e6e9c@gmail.com,TKT-019214,Late Delivery,4
user_2f62b923@gmail.com,TKT-019215,Damaged Item,2
user_51de7192@gmail.com,TKT-019216,Damaged Item,4
user_c1874116@gmail.com,TKT-019217,Damaged Item,1
user_6c3d1b81@gmail.com,TKT-019218,Late Delivery,2
